risk_score,risk_tier,action,actual_fraud
0.006164283195790168,LOW,APPROVE,0
0.02460827079148499,LOW,APPROVE,0
0.00672028225967903,LOW,APPROVE,0
0.00227126155054884,LOW,APPROVE,0
0.04606935817630356,LOW,APPROVE,0
0.01317066880178696,LOW,APPROVE,0
0.18861311448347437,MEDIUM,REVIEW,1
0.0084057642334423,LOW,APPROVE,0
0.010935930370370136,LOW,APPROVE,0
0.005056515458371635,LOW,APPROVE,0
0.002604920627321797,LOW,APPROVE,0
0.026236467498326414,LOW,APPROVE,0
0.19956873214816484,MEDIUM,REVIEW,1
0.07768388719012881,LOW,APPROVE,1
0.013655900035106075,LOW,APPROVE,0
0.012278169027916872,LOW,APPROVE,0
0.0046541023106098,LOW,APPROVE,0
0.002155137249371093,LOW,APPROVE,0
0.015621067425194582,LOW,APPROVE,0
0.003815140182321158,LOW,APPROVE,0
0.009386064673470055,LOW,APPROVE,0
0.0011179747636517353,LOW,APPROVE,0
0.02460827079148499,LOW,APPROVE,0
0.001701781414190027,LOW,APPROVE,0
0.007487305458105899,LOW,APPROVE,0
0.0030447870650592594,LOW,APPROVE,0
0.037833666650311924,LOW,APPROVE,0
0.0021856066557837364,LOW,APPROVE,0
0.037833666650311924,LOW,APPROVE,0
0.07461077217123427,LOW,APPROVE,0
0.003696340065557566,LOW,APPROVE,0
0.037833666650311924,LOW,APPROVE,0
0.005115217212730187,LOW,APPROVE,0
0.0010676590534636405,LOW,APPROVE,0
0.0036900121036032235,LOW,APPROVE,0
0.021109726287028542,LOW,APPROVE,0
0.002915986793672081,LOW,APPROVE,0
0.0017179529691601896,LOW,APPROVE,0
0.004015325103433533,LOW,APPROVE,0
0.005104588035602298,LOW,APPROVE,0
0.010653789078102107,LOW,APPROVE,0
0.0022989810536326255,LOW,APPROVE,0
0.0028329419069026973,LOW,APPROVE,0
0.11368677245373787,MEDIUM,REVIEW,1
0.0062711280607925055,LOW,APPROVE,0
0.017602371625048744,LOW,APPROVE,0
0.004705681398083362,LOW,APPROVE,0
0.02460827079148499,LOW,APPROVE,0
0.0017491752068892765,LOW,APPROVE,0
0.016592643830675297,LOW,APPROVE,0
0.00958981797726997,LOW,APPROVE,0
0.012141521518411304,LOW,APPROVE,0
0.01178018078448671,LOW,APPROVE,0
0.11368677245373787,MEDIUM,REVIEW,1
0.0017179529691601896,LOW,APPROVE,0
0.012476694297848047,LOW,APPROVE,0
0.00406689088498696,LOW,APPROVE,0
0.0019113351884523563,LOW,APPROVE,0
0.028557235966912554,LOW,APPROVE,0
0.004609354962519844,LOW,APPROVE,0
0.4374005008594031,MEDIUM,REVIEW,1
0.010950904299628828,LOW,APPROVE,0
0.00580798122140135,LOW,APPROVE,0
0.006995114763308257,LOW,APPROVE,0
0.0028452846372087185,LOW,APPROVE,0
0.00368978111357686,LOW,APPROVE,0
0.007889950802933837,LOW,APPROVE,0
0.003699417599470597,LOW,APPROVE,0
0.005104113910311497,LOW,APPROVE,0
0.003704292174915281,LOW,APPROVE,0
0.05079223136236094,LOW,APPROVE,0
0.005381062311253303,LOW,APPROVE,0
0.006955621177792059,LOW,APPROVE,0
0.009801605967513732,LOW,APPROVE,0
0.0010442107480918414,LOW,APPROVE,0
0.03308172732799803,LOW,APPROVE,0
0.003899597444420176,LOW,APPROVE,0
0.00258609283569788,LOW,APPROVE,0
0.006635883460264389,LOW,APPROVE,0
0.02460827079148499,LOW,APPROVE,0
0.0053154457788233515,LOW,APPROVE,0
0.003887256796348981,LOW,APPROVE,0
0.004611142474586111,LOW,APPROVE,0
0.01773079097253634,LOW,APPROVE,0
0.0038819481131146427,LOW,APPROVE,0
0.023951888905547624,LOW,APPROVE,0
0.009700328826109626,LOW,APPROVE,0
0.23034622701915367,MEDIUM,REVIEW,0
0.034040846066073265,LOW,APPROVE,0
0.018043082659494388,LOW,APPROVE,0
0.013041122042572876,LOW,APPROVE,0
0.016946489669771404,LOW,APPROVE,0
0.004612899514624762,LOW,APPROVE,0
0.005079756454679514,LOW,APPROVE,0
0.0019831923073989092,LOW,APPROVE,0
0.005092929028335328,LOW,APPROVE,0
0.0030507761352517202,LOW,APPROVE,0
0.0037035623528877152,LOW,APPROVE,0
0.01987518399048194,LOW,APPROVE,0
0.013178883075397885,LOW,APPROVE,0
0.003199299534029258,LOW,APPROVE,0
0.008447726089153337,LOW,APPROVE,0
0.010130504418930108,LOW,APPROVE,0
0.0017179529691601896,LOW,APPROVE,0
0.027193478896349522,LOW,APPROVE,0
0.010509647876363009,LOW,APPROVE,0
0.01990613225537147,LOW,APPROVE,0
0.0022124731386379067,LOW,APPROVE,0
0.007423478510765681,LOW,APPROVE,0
0.003458049487732155,LOW,APPROVE,0
0.011106657355701354,LOW,APPROVE,0
0.0019928517753586054,LOW,APPROVE,0
0.0013650081154694496,LOW,APPROVE,0
0.037833666650311924,LOW,APPROVE,0
0.0007759956073663787,LOW,APPROVE,0
0.0053917230096338425,LOW,APPROVE,0
0.0014988407689990777,LOW,APPROVE,0
0.056473529049890434,LOW,APPROVE,0
0.016381609681498228,LOW,APPROVE,0
0.002955095336289082,LOW,APPROVE,0
0.009219360138020376,LOW,APPROVE,0
0.4691555430760771,MEDIUM,REVIEW,1
0.0049115764157130724,LOW,APPROVE,0
0.002661092396469861,LOW,APPROVE,0
0.0013373562726044733,LOW,APPROVE,0
0.0025840533949842547,LOW,APPROVE,0
0.0007933919522700911,LOW,APPROVE,0
0.06489340833246894,LOW,APPROVE,0
0.003383583713380748,LOW,APPROVE,0
0.002103821127902451,LOW,APPROVE,0
0.0018305480333075232,LOW,APPROVE,0
0.036908791463385666,LOW,APPROVE,0
0.0074036288317136205,LOW,APPROVE,0
0.007671182909422161,LOW,APPROVE,0
0.008905507895622304,LOW,APPROVE,0
0.00865339874684667,LOW,APPROVE,0
0.017314304773844328,LOW,APPROVE,0
0.0027678622704298194,LOW,APPROVE,0
0.017571816066586036,LOW,APPROVE,0
0.0016164089341276873,LOW,APPROVE,0
0.010713769949577893,LOW,APPROVE,0
0.018695482171586644,LOW,APPROVE,0
0.3602354801115656,MEDIUM,REVIEW,1
0.12964598354352708,MEDIUM,REVIEW,0
0.016381609681498228,LOW,APPROVE,0
0.0014988407689990777,LOW,APPROVE,0
0.006601522868031601,LOW,APPROVE,0
0.006631449667838018,LOW,APPROVE,0
0.0020842390811745565,LOW,APPROVE,0
0.015783268210750257,LOW,APPROVE,0
0.007622292175554463,LOW,APPROVE,0
0.008521919921163556,LOW,APPROVE,0
0.0018541062897737119,LOW,APPROVE,0
0.005173816579153577,LOW,APPROVE,0
0.010362488625999856,LOW,APPROVE,0
0.00033944430031799643,LOW,APPROVE,0
0.02557152129340486,LOW,APPROVE,0
0.04703625384872085,LOW,APPROVE,0
0.0030515751953889207,LOW,APPROVE,0
0.004123599043756759,LOW,APPROVE,0
0.05431987044433901,LOW,APPROVE,0
0.033573540152618944,LOW,APPROVE,0
0.00033944430031799643,LOW,APPROVE,0
0.005796301737265503,LOW,APPROVE,0
0.004046735497855623,LOW,APPROVE,0
0.009066042811699085,LOW,APPROVE,0
0.05246223716846742,LOW,APPROVE,0
0.010306730306058859,LOW,APPROVE,0
0.0019995965462466236,LOW,APPROVE,0
0.012444799259750963,LOW,APPROVE,0
0.0028049375746371547,LOW,APPROVE,0
0.044728195805502,LOW,APPROVE,0
0.0020346779191265517,LOW,APPROVE,0
0.009006740889665039,LOW,APPROVE,0
0.01375217906659213,LOW,APPROVE,0
0.0011445817207935255,LOW,APPROVE,0
0.004208355349340842,LOW,APPROVE,0
0.0039041475824452294,LOW,APPROVE,0
0.003634849729863358,LOW,APPROVE,0
0.10853767944521113,MEDIUM,REVIEW,0
0.011503365603681419,LOW,APPROVE,0
0.017844463689058256,LOW,APPROVE,0
0.0033587806764093227,LOW,APPROVE,0
0.8390805386926792,HIGH,BLOCK,1
0.016381609681498228,LOW,APPROVE,0
0.009770053572155605,LOW,APPROVE,0
0.009886790255597825,LOW,APPROVE,0
0.0018598516131133665,LOW,APPROVE,0
0.0028512687079119536,LOW,APPROVE,0
0.007508946470422583,LOW,APPROVE,0
0.005694982161346344,LOW,APPROVE,0
0.003447125475891131,LOW,APPROVE,0
0.01467711557030298,LOW,APPROVE,0
0.011984669469094583,LOW,APPROVE,0
0.014169625544811014,LOW,APPROVE,0
0.010404281173320581,LOW,APPROVE,0
0.0026521365425792895,LOW,APPROVE,0
0.004021964962770779,LOW,APPROVE,0
0.013715357139087541,LOW,APPROVE,0
0.03073220389888339,LOW,APPROVE,0
0.002335489166400982,LOW,APPROVE,0
0.004027259065995463,LOW,APPROVE,0
0.0014988407689990777,LOW,APPROVE,0
0.002887668007583942,LOW,APPROVE,0
0.004833926667237893,LOW,APPROVE,0
0.025977943344447682,LOW,APPROVE,0
0.7153281554202527,HIGH,BLOCK,1
0.010531965839658796,LOW,APPROVE,1
0.005864768842419339,LOW,APPROVE,0
0.001776290737834632,LOW,APPROVE,0
0.011701948854078801,LOW,APPROVE,0
0.006968075543779848,LOW,APPROVE,0
0.026216912591279687,LOW,APPROVE,0
0.058658579739801854,LOW,APPROVE,0
0.0009997267976393869,LOW,APPROVE,0
0.0013197005076867657,LOW,APPROVE,0
0.003479141441172852,LOW,APPROVE,0
0.018281621543965388,LOW,APPROVE,0
0.00760552600152281,LOW,APPROVE,0
0.004673512145781789,LOW,APPROVE,0
0.005547762287880466,LOW,APPROVE,0
0.0025576966818685832,LOW,APPROVE,0
0.062330230654933726,LOW,APPROVE,0
0.006474496831687974,LOW,APPROVE,0
0.0019271636383957538,LOW,APPROVE,0
0.002974205439222021,LOW,APPROVE,0
0.0020057991276426026,LOW,APPROVE,0
0.0029700338389250353,LOW,APPROVE,0
0.0028692454509539034,LOW,APPROVE,0
0.024446082248728213,LOW,APPROVE,0
0.003916698872376995,LOW,APPROVE,0
0.003361977468614737,LOW,APPROVE,0
0.007542125015501961,LOW,APPROVE,0
0.01353814807322826,LOW,APPROVE,0
0.0014739512234924793,LOW,APPROVE,0
0.0018602347645146355,LOW,APPROVE,0
0.0024024334647532414,LOW,APPROVE,0
0.0054749035654538805,LOW,APPROVE,0
0.0041549156192437564,LOW,APPROVE,0
0.018415352298285392,LOW,APPROVE,0
0.00127877054874461,LOW,APPROVE,0
0.00346488518175925,LOW,APPROVE,0
0.003663751861341561,LOW,APPROVE,0
0.03638412183732841,LOW,APPROVE,0
0.01777220049178759,LOW,APPROVE,1
0.05846534323017649,LOW,APPROVE,0
0.031343202950305495,LOW,APPROVE,0
0.011488659120582619,LOW,APPROVE,0
0.02713904390223289,LOW,APPROVE,0
0.006675954038732799,LOW,APPROVE,0
0.0022036791321737503,LOW,APPROVE,0
0.00241794527288986,LOW,APPROVE,0
0.007656419179357226,LOW,APPROVE,0
0.0011618528627503333,LOW,APPROVE,0
0.17529441644003133,MEDIUM,REVIEW,0
0.01172149370566366,LOW,APPROVE,0
0.0104699676262469,LOW,APPROVE,0
0.00821208896994976,LOW,APPROVE,0
0.0014739512234924793,LOW,APPROVE,0
0.004782194329241725,LOW,APPROVE,0
0.006436631618325933,LOW,APPROVE,0
0.013553305002635139,LOW,APPROVE,0
0.0048683578262955435,LOW,APPROVE,0
0.007095368393533114,LOW,APPROVE,0
0.0025934242748931547,LOW,APPROVE,0
0.00812516137752827,LOW,APPROVE,0
0.011082691896817218,LOW,APPROVE,0
0.010548319895347009,LOW,APPROVE,0
0.007225680285446089,LOW,APPROVE,0
0.05694287785673818,LOW,APPROVE,0
0.0012944456201488062,LOW,APPROVE,0
0.006871737686145299,LOW,APPROVE,0
0.005768735695772842,LOW,APPROVE,0
0.022431784228115422,LOW,APPROVE,0
0.011064983060121374,LOW,APPROVE,0
0.01694363841990155,LOW,APPROVE,0
0.0014704477330302168,LOW,APPROVE,0
0.006726876805615581,LOW,APPROVE,0
0.0023028376309078102,LOW,APPROVE,0
0.01533216568613709,LOW,APPROVE,0
0.002694854167081549,LOW,APPROVE,0
0.0062051046707648876,LOW,APPROVE,0
0.018346757414738003,LOW,APPROVE,0
0.016178935531229077,LOW,APPROVE,0
0.0005774684519045598,LOW,APPROVE,0
0.004040968539977714,LOW,APPROVE,0
0.006790391446995583,LOW,APPROVE,0
0.0014739512234924793,LOW,APPROVE,0
0.0015909499459216471,LOW,APPROVE,0
0.0027221485474311353,LOW,APPROVE,0
0.0014739512234924793,LOW,APPROVE,0
0.010844133734870977,LOW,APPROVE,0
0.004873705251869165,LOW,APPROVE,0
0.002987012375579676,LOW,APPROVE,0
0.0006362626726053676,LOW,APPROVE,0
0.007859095774707576,LOW,APPROVE,0
0.034528294074061834,LOW,APPROVE,0
0.010728913343243584,LOW,APPROVE,0
0.021542662634386808,LOW,APPROVE,0
0.026651255518899547,LOW,APPROVE,0
0.030593154798949057,LOW,APPROVE,0
0.06608162849806704,LOW,APPROVE,0
0.21256054317678497,MEDIUM,REVIEW,1
0.004751674102221182,LOW,APPROVE,0
0.03154339095935013,LOW,APPROVE,0
0.016423880018424934,LOW,APPROVE,0
0.012133682155621021,LOW,APPROVE,0
0.0048685338240627655,LOW,APPROVE,0
0.0102230599414709,LOW,APPROVE,0
0.012450924940241335,LOW,APPROVE,0
0.008903510560691358,LOW,APPROVE,0
0.003795171589347758,LOW,APPROVE,0
0.020135866740207946,LOW,APPROVE,0
0.0014620632824132286,LOW,APPROVE,0
0.0017581827140765907,LOW,APPROVE,0
0.017935834374432958,LOW,APPROVE,0
0.07204125455188876,LOW,APPROVE,0
0.01813194723880718,LOW,APPROVE,0
0.018931480187349425,LOW,APPROVE,0
0.003073678726980243,LOW,APPROVE,0
0.07428127556488946,LOW,APPROVE,0
0.0027507186313491024,LOW,APPROVE,0
0.02091397996548269,LOW,APPROVE,0
0.05017531366197614,LOW,APPROVE,1
0.010365350521900648,LOW,APPROVE,0
0.0024925153663834963,LOW,APPROVE,0
0.009912182435521201,LOW,APPROVE,0
0.009129002758599075,LOW,APPROVE,0
0.003133907600053799,LOW,APPROVE,0
0.01515030486878463,LOW,APPROVE,0
0.009134368608032739,LOW,APPROVE,0
0.04335924230929842,LOW,APPROVE,0
0.0013615534700835475,LOW,APPROVE,0
0.005312633206223782,LOW,APPROVE,0
0.010677151582230777,LOW,APPROVE,0
0.013812335824439213,LOW,APPROVE,0
0.0020706658415586277,LOW,APPROVE,0
0.00351896029189351,LOW,APPROVE,0
0.006315609852217182,LOW,APPROVE,0
0.00700388048682059,LOW,APPROVE,0
0.003357184421714568,LOW,APPROVE,0
0.02494295923160678,LOW,APPROVE,0
0.025259690738902288,LOW,APPROVE,0
0.004251764984657247,LOW,APPROVE,0
0.0029752089849941553,LOW,APPROVE,0
0.061231801004865576,LOW,APPROVE,1
0.004654492858900443,LOW,APPROVE,0
0.004142533282851708,LOW,APPROVE,0
0.0026647649520686527,LOW,APPROVE,0
0.000495377125984833,LOW,APPROVE,0
0.015602905623164014,LOW,APPROVE,0
0.008918923970020247,LOW,APPROVE,0
0.004011826741479256,LOW,APPROVE,0
0.03224571294411391,LOW,APPROVE,0
0.004390276058225934,LOW,APPROVE,0
0.01149681078154303,LOW,APPROVE,1
0.31524687277086266,MEDIUM,REVIEW,1
0.0066731015970743985,LOW,APPROVE,0
0.000495377125984833,LOW,APPROVE,0
0.0030211163407038067,LOW,APPROVE,0
0.0014438962727133671,LOW,APPROVE,0
0.007372174363872075,LOW,APPROVE,0
0.002795107339818298,LOW,APPROVE,0
0.010004296552641543,LOW,APPROVE,0
0.013765824086211874,LOW,APPROVE,0
0.0035907796983021237,LOW,APPROVE,0
0.011105655013372068,LOW,APPROVE,0
0.008455159628749436,LOW,APPROVE,0
0.0021208185995343896,LOW,APPROVE,0
0.011105655013372068,LOW,APPROVE,0
0.003116704215792454,LOW,APPROVE,0
0.002372845064020821,LOW,APPROVE,0
0.006789113529853921,LOW,APPROVE,0
0.011468248568286318,LOW,APPROVE,0
0.007338253486955996,LOW,APPROVE,0
0.0046837447510451324,LOW,APPROVE,0
0.008750813220173152,LOW,APPROVE,0
0.0017784503838427967,LOW,APPROVE,0
0.003833939284400952,LOW,APPROVE,0
0.002130649671213185,LOW,APPROVE,0
0.0026715806962543617,LOW,APPROVE,0
0.015275266724733332,LOW,APPROVE,0
0.0033172709856201157,LOW,APPROVE,0
0.0016595420314373713,LOW,APPROVE,0
0.015927122127927885,LOW,APPROVE,0
0.012725945555075245,LOW,APPROVE,0
0.0011132728299216251,LOW,APPROVE,0
0.0020657724825089057,LOW,APPROVE,0
0.0020365416700548664,LOW,APPROVE,0
0.002549503195355621,LOW,APPROVE,0
0.0041054538600479905,LOW,APPROVE,0
0.011105655013372068,LOW,APPROVE,0
0.00431161486401388,LOW,APPROVE,0
0.003860534544554075,LOW,APPROVE,0
0.006420754619603468,LOW,APPROVE,0
0.006207503029113994,LOW,APPROVE,0
0.00537095655085763,LOW,APPROVE,0
0.0042764323338295804,LOW,APPROVE,0
0.006339074324847682,LOW,APPROVE,0
0.008816830217997618,LOW,APPROVE,0
0.012901773812684264,LOW,APPROVE,0
0.11544491396538097,MEDIUM,REVIEW,0
0.03743334289297496,LOW,APPROVE,0
0.005187778291048095,LOW,APPROVE,0
0.010119201986139428,LOW,APPROVE,0
0.0033397789580836396,LOW,APPROVE,0
0.0024960113527278207,LOW,APPROVE,0
0.007450944477154054,LOW,APPROVE,0
0.001280543060933169,LOW,APPROVE,0
0.054768003863883905,LOW,APPROVE,1
0.007333687837481451,LOW,APPROVE,0
0.005052891584067073,LOW,APPROVE,0
0.0009103970032476524,LOW,APPROVE,0
0.054603584361026414,LOW,APPROVE,0
0.022668951475374857,LOW,APPROVE,0
0.006719631137285765,LOW,APPROVE,0
0.14257661498695545,MEDIUM,REVIEW,1
0.0066694737297534855,LOW,APPROVE,0
0.4978533720239995,MEDIUM,REVIEW,1
0.02436746147280616,LOW,APPROVE,0
0.0035596441004557755,LOW,APPROVE,0
0.01322870544575866,LOW,APPROVE,0
0.021414249770514166,LOW,APPROVE,0
0.006465098467121503,LOW,APPROVE,0
0.018947878236917414,LOW,APPROVE,0
0.006799558995251777,LOW,APPROVE,0
0.0042435929452179855,LOW,APPROVE,0
0.027257143324986105,LOW,APPROVE,0
0.011068269458777837,LOW,APPROVE,0
0.005657455656897231,LOW,APPROVE,0
0.28176289100940055,MEDIUM,REVIEW,1
0.10721533166457424,MEDIUM,REVIEW,0
0.002111903922736191,LOW,APPROVE,0
0.006717490153792804,LOW,APPROVE,0
0.0037259793380542768,LOW,APPROVE,0
0.0027978389453827564,LOW,APPROVE,0
0.018583664593287936,LOW,APPROVE,0
0.005464925389723125,LOW,APPROVE,0
0.006811414641509858,LOW,APPROVE,0
0.007708765681386037,LOW,APPROVE,0
0.10721533166457424,MEDIUM,REVIEW,0
0.010760184072769949,LOW,APPROVE,0
0.004203232107001557,LOW,APPROVE,0
0.010600674142111863,LOW,APPROVE,0
0.008373879607807,LOW,APPROVE,0
0.0033936435721222858,LOW,APPROVE,0
0.00105808754161876,LOW,APPROVE,0
0.03897808167720276,LOW,APPROVE,0
0.01740968676064125,LOW,APPROVE,0
0.16884522974190214,MEDIUM,REVIEW,0
0.004151352672470325,LOW,APPROVE,0
0.01816622595051276,LOW,APPROVE,0
0.0023711493358915107,LOW,APPROVE,0
0.26558878994577845,MEDIUM,REVIEW,0
0.0010386144808346238,LOW,APPROVE,0
0.0018176263188013153,LOW,APPROVE,0
0.003142103908926706,LOW,APPROVE,0
0.004151352672470325,LOW,APPROVE,0
0.09208899094306817,LOW,APPROVE,0
0.004012684942335164,LOW,APPROVE,0
0.0024727290867213067,LOW,APPROVE,0
0.03560120094328587,LOW,APPROVE,0
0.008273938813789607,LOW,APPROVE,0
0.004152665264573425,LOW,APPROVE,0
0.007344470644426985,LOW,APPROVE,0
0.04768125593629078,LOW,APPROVE,0
0.0021128188005492435,LOW,APPROVE,0
0.01925305113091764,LOW,APPROVE,0
0.004337456361483889,LOW,APPROVE,0
0.00434440839455351,LOW,APPROVE,0
0.0014086631193270687,LOW,APPROVE,0
0.011365935022621575,LOW,APPROVE,0
0.020111154637659452,LOW,APPROVE,0
0.035808416053326214,LOW,APPROVE,0
0.007673216545617478,LOW,APPROVE,0
0.005896568326598581,LOW,APPROVE,0
0.012885992385855841,LOW,APPROVE,0
0.00580460643019248,LOW,APPROVE,0
0.007267251772821361,LOW,APPROVE,0
0.004155272316173912,LOW,APPROVE,0
0.023938290009734832,LOW,APPROVE,0
0.004252545576995619,LOW,APPROVE,0
0.0034377236265879687,LOW,APPROVE,0
0.007124301176651091,LOW,APPROVE,0
0.002249725276450089,LOW,APPROVE,0
0.005770045950270876,LOW,APPROVE,0
0.0028717326191151746,LOW,APPROVE,0
0.0027812191651796127,LOW,APPROVE,0
0.006027320946315945,LOW,APPROVE,0
0.030877852576666347,LOW,APPROVE,1
0.0037308233620716703,LOW,APPROVE,0
0.003019816072707016,LOW,APPROVE,0
0.008275862264057798,LOW,APPROVE,0
0.031308486908982774,LOW,APPROVE,0
0.011293465830837608,LOW,APPROVE,0
0.009316901462907454,LOW,APPROVE,0
0.0031994559090209786,LOW,APPROVE,0
0.025732411389128917,LOW,APPROVE,0
0.005351370739350258,LOW,APPROVE,0
0.008640937469157225,LOW,APPROVE,0
0.0040082512278484346,LOW,APPROVE,0
0.002668010697507453,LOW,APPROVE,0
0.004473798305211065,LOW,APPROVE,0
0.011277153728756508,LOW,APPROVE,0
0.005278347347482826,LOW,APPROVE,0
0.004453929784450439,LOW,APPROVE,0
0.012495494312862176,LOW,APPROVE,0
0.0032762180407681723,LOW,APPROVE,0
0.006088489552587408,LOW,APPROVE,0
0.006609415860976719,LOW,APPROVE,0
0.01825831181226627,LOW,APPROVE,0
0.016540622579544254,LOW,APPROVE,0
0.004266430357634761,LOW,APPROVE,0
0.010200838668085523,LOW,APPROVE,0
0.038563606167626045,LOW,APPROVE,0
0.019878939161497303,LOW,APPROVE,0
0.025190380566482283,LOW,APPROVE,0
0.00963287136323961,LOW,APPROVE,0
0.022756862228657578,LOW,APPROVE,0
0.002159096459166315,LOW,APPROVE,0
0.01079893918636048,LOW,APPROVE,0
0.016347649073449298,LOW,APPROVE,0
0.00653973463273796,LOW,APPROVE,0
0.003662011909218689,LOW,APPROVE,0
0.007735104649810145,LOW,APPROVE,0
0.04656723561256831,LOW,APPROVE,1
0.008597120732807774,LOW,APPROVE,0
0.0026795665895610775,LOW,APPROVE,0
0.003722502384998028,LOW,APPROVE,0
0.016171211823316267,LOW,APPROVE,0
0.008065668285544357,LOW,APPROVE,0
0.014959644369102975,LOW,APPROVE,0
0.0026473139457636463,LOW,APPROVE,0
0.018119570634499375,LOW,APPROVE,0
0.019661059629892803,LOW,APPROVE,0
0.0012324950637219046,LOW,APPROVE,0
0.002302824086217795,LOW,APPROVE,0
0.01637609605439768,LOW,APPROVE,0
0.003939297975703988,LOW,APPROVE,0
0.030634802280742026,LOW,APPROVE,0
0.0005641136748044813,LOW,APPROVE,0
0.001586432601231946,LOW,APPROVE,0
0.003318301359736156,LOW,APPROVE,0
0.004523933041055922,LOW,APPROVE,0
0.006101938733612249,LOW,APPROVE,0
0.011946335341711361,LOW,APPROVE,0
0.006562775843227349,LOW,APPROVE,0
0.006015445684796667,LOW,APPROVE,0
0.00797071038242498,LOW,APPROVE,0
0.00020202267405803427,LOW,APPROVE,0
0.0015503850169804611,LOW,APPROVE,0
0.0045916864097949065,LOW,APPROVE,0
0.001895500294616227,LOW,APPROVE,0
0.012944628064806722,LOW,APPROVE,0
0.011151027076184247,LOW,APPROVE,0
0.09801916832530422,LOW,APPROVE,0
0.007820062991361886,LOW,APPROVE,0
0.0003494430262461193,LOW,APPROVE,0
0.0007496073671608302,LOW,APPROVE,0
0.0045829144693728,LOW,APPROVE,0
0.14276464728714133,MEDIUM,REVIEW,0
0.011970568368294039,LOW,APPROVE,0
0.005325171142896345,LOW,APPROVE,0
0.0065486148421724745,LOW,APPROVE,0
0.00660823739097567,LOW,APPROVE,0
0.004918776613723749,LOW,APPROVE,0
0.004108532607605594,LOW,APPROVE,0
0.0027235486845055374,LOW,APPROVE,0
0.009799531605652504,LOW,APPROVE,0
0.0036544313361582407,LOW,APPROVE,0
0.004865874262298549,LOW,APPROVE,0
0.006540795847820547,LOW,APPROVE,0
0.005340958289754332,LOW,APPROVE,0
0.0040543292577002905,LOW,APPROVE,0
0.00093935407609729,LOW,APPROVE,0
0.007256574484101131,LOW,APPROVE,0
0.017659599835009625,LOW,APPROVE,0
0.0043796164249779316,LOW,APPROVE,0
0.016434735237540778,LOW,APPROVE,0
0.0006974588214181431,LOW,APPROVE,0
0.5471332313645604,HIGH,BLOCK,0
0.004444451364601836,LOW,APPROVE,0
0.00438987967792081,LOW,APPROVE,0
0.011561776567567517,LOW,APPROVE,0
0.0014932640674643512,LOW,APPROVE,0
0.009343348667072517,LOW,APPROVE,0
0.006415655471152047,LOW,APPROVE,0
0.031119477252885587,LOW,APPROVE,0
0.021082371240195047,LOW,APPROVE,0
0.011587315462639332,LOW,APPROVE,0
0.0034922643538387622,LOW,APPROVE,0
0.018984340743197936,LOW,APPROVE,0
0.0736911850109128,LOW,APPROVE,0
0.004863734921622853,LOW,APPROVE,0
0.0028200601841458514,LOW,APPROVE,0
0.011917162937433152,LOW,APPROVE,0
0.00636304417727778,LOW,APPROVE,0
0.04543576472268985,LOW,APPROVE,0
0.005021694725497609,LOW,APPROVE,0
0.008927660021659569,LOW,APPROVE,0
0.0559481672035548,LOW,APPROVE,0
0.00276447011965357,LOW,APPROVE,0
0.011598725374129124,LOW,APPROVE,0
0.005559043481065136,LOW,APPROVE,0
0.01283234979193827,LOW,APPROVE,0
0.00452910336890297,LOW,APPROVE,0
0.12685138635489537,MEDIUM,REVIEW,0
0.0017015804536221087,LOW,APPROVE,0
0.005506987334706791,LOW,APPROVE,0
0.009232232045069635,LOW,APPROVE,0
0.0021071363755565237,LOW,APPROVE,0
0.006295230939733067,LOW,APPROVE,0
0.015088074448485833,LOW,APPROVE,0
0.007650791513736639,LOW,APPROVE,0
0.02603288228658204,LOW,APPROVE,0
0.0032880557674741452,LOW,APPROVE,0
0.005960670477335244,LOW,APPROVE,0
0.016530125487946582,LOW,APPROVE,0
0.012800673203483437,LOW,APPROVE,0
0.031841987630771576,LOW,APPROVE,0
0.013775196505740009,LOW,APPROVE,0
0.003106508630556684,LOW,APPROVE,0
0.005237478355685861,LOW,APPROVE,0
0.002270640534103307,LOW,APPROVE,0
0.04696792086728874,LOW,APPROVE,0
0.005748180185525015,LOW,APPROVE,0
0.030576736741111277,LOW,APPROVE,0
0.002051892197756324,LOW,APPROVE,0
0.01655232935637983,LOW,APPROVE,0
0.007467780638727844,LOW,APPROVE,0
0.006923448535029726,LOW,APPROVE,0
0.004812858306143029,LOW,APPROVE,0
0.3005780652147163,MEDIUM,REVIEW,1
0.0019473381919468595,LOW,APPROVE,0
0.0060037982162201445,LOW,APPROVE,0
0.019266354472712365,LOW,APPROVE,0
0.0023280023762250464,LOW,APPROVE,0
0.005187531993123995,LOW,APPROVE,0
0.15091540756328897,MEDIUM,REVIEW,1
0.012833481174319107,LOW,APPROVE,0
0.016706923207175328,LOW,APPROVE,0
0.022860825740907205,LOW,APPROVE,0
0.00474083265585539,LOW,APPROVE,0
0.001983811426784509,LOW,APPROVE,0
0.006611597438539697,LOW,APPROVE,0
0.013020996997678343,LOW,APPROVE,0
0.013020555180613538,LOW,APPROVE,0
0.022100747617645317,LOW,APPROVE,0
0.03738141535615414,LOW,APPROVE,0
0.26933039945819637,MEDIUM,REVIEW,0
0.0016037070270850432,LOW,APPROVE,0
0.07245184908368453,LOW,APPROVE,0
0.5342674305214421,HIGH,BLOCK,1
0.00617856552904132,LOW,APPROVE,0
0.005370391671307673,LOW,APPROVE,0
0.007277433601980973,LOW,APPROVE,0
0.0010758739796054898,LOW,APPROVE,0
0.007680840192905449,LOW,APPROVE,0
0.027183854537059966,LOW,APPROVE,0
0.11067052705569434,MEDIUM,REVIEW,1
0.021861177918502686,LOW,APPROVE,0
0.006906973235150694,LOW,APPROVE,0
0.002220811045433282,LOW,APPROVE,0
0.005288561697801929,LOW,APPROVE,0
0.014088624151016657,LOW,APPROVE,0
0.0071988528524012455,LOW,APPROVE,0
0.004631470724220278,LOW,APPROVE,0
0.00626652304368624,LOW,APPROVE,0
0.6051185576842214,HIGH,BLOCK,1
0.0022205386584639463,LOW,APPROVE,0
0.015509642888656758,LOW,APPROVE,0
0.01505147914383097,LOW,APPROVE,0
0.001836071636433461,LOW,APPROVE,0
0.003223290047796396,LOW,APPROVE,0
0.0014162141904358208,LOW,APPROVE,0
0.004738643889174111,LOW,APPROVE,0
0.00591066544969006,LOW,APPROVE,0
0.017588982534794795,LOW,APPROVE,0
0.021632587911518043,LOW,APPROVE,0
0.018204296064078886,LOW,APPROVE,0
0.005794723569123928,LOW,APPROVE,0
0.010467961548039553,LOW,APPROVE,0
0.024235638936485674,LOW,APPROVE,0
0.000698617152576239,LOW,APPROVE,0
0.0020960842801949066,LOW,APPROVE,0
0.006034454466644391,LOW,APPROVE,0
0.0128982506178051,LOW,APPROVE,0
0.06063838039446335,LOW,APPROVE,0
0.0038219142007972543,LOW,APPROVE,0
0.011883233743927517,LOW,APPROVE,0
0.00029032937966043577,LOW,APPROVE,0
0.005192934962429242,LOW,APPROVE,0
0.02692102883018786,LOW,APPROVE,0
0.008443314974116859,LOW,APPROVE,0
0.007068017484168545,LOW,APPROVE,0
0.0038008677370431343,LOW,APPROVE,0
0.011144964867962615,LOW,APPROVE,0
0.002009103757290891,LOW,APPROVE,0
0.01808427790930802,LOW,APPROVE,0
0.014550879042562456,LOW,APPROVE,0
0.0038807095265389275,LOW,APPROVE,0
0.0018701108906788457,LOW,APPROVE,0
0.02430038203854038,LOW,APPROVE,0
0.0023918283804171786,LOW,APPROVE,0
0.005282527263405404,LOW,APPROVE,0
0.006834560953541297,LOW,APPROVE,0
0.01479271641228421,LOW,APPROVE,0
0.002372148068984321,LOW,APPROVE,0
0.009544107570758754,LOW,APPROVE,0
0.011162195630942262,LOW,APPROVE,0
0.010484520869664199,LOW,APPROVE,0
0.005092650629128938,LOW,APPROVE,0
0.005169044442359279,LOW,APPROVE,0
0.00758100790164777,LOW,APPROVE,0
0.002129210193833024,LOW,APPROVE,0
0.04156190825646737,LOW,APPROVE,0
0.0019171944332645255,LOW,APPROVE,0
0.009762204589960652,LOW,APPROVE,0
0.028574967446653686,LOW,APPROVE,0
0.0030086234866532895,LOW,APPROVE,0
0.014332942647466517,LOW,APPROVE,0
0.00592107004160224,LOW,APPROVE,0
0.032107333684312005,LOW,APPROVE,0
0.003306577979069152,LOW,APPROVE,0
0.022966110388693586,LOW,APPROVE,0
0.009657918768736198,LOW,APPROVE,0
0.0074630807586763045,LOW,APPROVE,0
0.0008422755059741819,LOW,APPROVE,0
0.13244335569898824,MEDIUM,REVIEW,0
0.0022340881700209287,LOW,APPROVE,0
0.03237898915743246,LOW,APPROVE,0
0.006255952073701441,LOW,APPROVE,0
0.008717023164572457,LOW,APPROVE,0
0.012405054237105764,LOW,APPROVE,1
0.014417372917095175,LOW,APPROVE,0
0.00998104462673389,LOW,APPROVE,0
0.0035406311210558774,LOW,APPROVE,0
0.0038422846775998773,LOW,APPROVE,0
0.009352158862943829,LOW,APPROVE,0
0.004298972489112407,LOW,APPROVE,0
0.014736859073165985,LOW,APPROVE,0
0.001143861156698274,LOW,APPROVE,0
0.0016211662591666507,LOW,APPROVE,0
0.0018046823761655544,LOW,APPROVE,0
0.0014618078904094914,LOW,APPROVE,0
0.013435276860712001,LOW,APPROVE,0
0.005406898635779712,LOW,APPROVE,0
0.007898413578461624,LOW,APPROVE,0
0.008882769786931605,LOW,APPROVE,1
0.009121602317485301,LOW,APPROVE,0
0.005903157985363583,LOW,APPROVE,0
0.016432724642702845,LOW,APPROVE,0
0.0017187337710038461,LOW,APPROVE,0
0.0020069802153079063,LOW,APPROVE,0
0.007402962541114272,LOW,APPROVE,0
0.005397770752912332,LOW,APPROVE,1
0.0031091103663598426,LOW,APPROVE,0
0.02990894245939933,LOW,APPROVE,0
0.020301528503509095,LOW,APPROVE,0
0.060508990777549225,LOW,APPROVE,0
0.023309451343164648,LOW,APPROVE,0
0.0027650420372467366,LOW,APPROVE,0
0.0037358056688757088,LOW,APPROVE,0
0.006362039645677309,LOW,APPROVE,0
0.005027417716029747,LOW,APPROVE,0
0.005487154719698159,LOW,APPROVE,0
0.008366194822096358,LOW,APPROVE,0
0.0071844985962641475,LOW,APPROVE,0
0.014986630316896551,LOW,APPROVE,0
0.0007029840014135216,LOW,APPROVE,0
0.0019042984467530282,LOW,APPROVE,0
0.010308385591436953,LOW,APPROVE,0
0.0039584685729901255,LOW,APPROVE,0
0.0013779942360215645,LOW,APPROVE,0
0.04338887638271591,LOW,APPROVE,0
0.005184706275949465,LOW,APPROVE,0
0.0071844985962641475,LOW,APPROVE,0
0.006726823280429576,LOW,APPROVE,0
0.003800672475932582,LOW,APPROVE,0
0.0056062980287682465,LOW,APPROVE,0
0.0028443874839266517,LOW,APPROVE,0
0.003193141183236166,LOW,APPROVE,0
0.006418416559958052,LOW,APPROVE,0
0.01841735741041055,LOW,APPROVE,1
0.0013779942360215645,LOW,APPROVE,0
0.0046479242302335825,LOW,APPROVE,0
0.006325497088077455,LOW,APPROVE,0
0.002046178549715194,LOW,APPROVE,0
0.003265194001082594,LOW,APPROVE,0
0.002624273619859151,LOW,APPROVE,0
0.0028854235556705784,LOW,APPROVE,0
0.00801698057198014,LOW,APPROVE,0
0.0037037722118602842,LOW,APPROVE,0
0.030069000947494547,LOW,APPROVE,0
0.005106134587042742,LOW,APPROVE,0
0.005377545870549045,LOW,APPROVE,0
0.0050381546759848995,LOW,APPROVE,0
0.007924374768997246,LOW,APPROVE,0
0.0042703307727006675,LOW,APPROVE,0
0.009245627776323335,LOW,APPROVE,0
0.00445273005962609,LOW,APPROVE,0
0.018447395182973284,LOW,APPROVE,0
0.022054728814677734,LOW,APPROVE,0
0.017075417907796677,LOW,APPROVE,0
0.0008476682743719376,LOW,APPROVE,0
0.01655733961995243,LOW,APPROVE,0
0.006117614739806214,LOW,APPROVE,0
0.009341147063759105,LOW,APPROVE,0
0.004358431249394458,LOW,APPROVE,0
0.007388017563276593,LOW,APPROVE,0
0.030314014384944958,LOW,APPROVE,0
0.03335303272781743,LOW,APPROVE,0
0.012689416579725506,LOW,APPROVE,0
0.009570463939879969,LOW,APPROVE,0
0.0009592425762296879,LOW,APPROVE,0
0.012567106016932202,LOW,APPROVE,0
0.013093430934665848,LOW,APPROVE,0
0.005035008051097776,LOW,APPROVE,0
0.002848694752433828,LOW,APPROVE,0
0.00395046137976244,LOW,APPROVE,0
0.007100036823371263,LOW,APPROVE,0
0.013134008915846544,LOW,APPROVE,0
0.012129545821831006,LOW,APPROVE,0
0.0014777524413373453,LOW,APPROVE,0
0.11471622843274766,MEDIUM,REVIEW,0
0.012867306712729919,LOW,APPROVE,0
0.002507330598294221,LOW,APPROVE,0
0.00320388775951912,LOW,APPROVE,0
0.0034811612714024873,LOW,APPROVE,0
0.002114360450538584,LOW,APPROVE,0
0.002919560157207285,LOW,APPROVE,0
0.2529824493800895,MEDIUM,REVIEW,0
0.0030105942128515273,LOW,APPROVE,0
0.002372929562507188,LOW,APPROVE,0
0.008878183158825393,LOW,APPROVE,0
0.0019232600219582718,LOW,APPROVE,0
0.0010866305899269652,LOW,APPROVE,0
0.002372929562507188,LOW,APPROVE,0
0.005479963523337129,LOW,APPROVE,0
0.008423039646306836,LOW,APPROVE,0
0.005360066483247169,LOW,APPROVE,0
0.004075638184711871,LOW,APPROVE,0
0.013388410970138669,LOW,APPROVE,0
0.0010283051665892033,LOW,APPROVE,0
0.029698573418672727,LOW,APPROVE,0
0.0016888324403358896,LOW,APPROVE,0
0.010835173264312454,LOW,APPROVE,0
0.0049982830556877765,LOW,APPROVE,0
0.004178168791622588,LOW,APPROVE,0
0.001634135290105034,LOW,APPROVE,0
0.0029868908021034152,LOW,APPROVE,0
0.2529824493800895,MEDIUM,REVIEW,0
0.010432679902166772,LOW,APPROVE,0
0.01183445619110072,LOW,APPROVE,0
0.0055261059869813655,LOW,APPROVE,0
0.0016262747041584787,LOW,APPROVE,0
0.010963599263219891,LOW,APPROVE,0
0.0044710331464349684,LOW,APPROVE,0
0.007804879533952608,LOW,APPROVE,0
0.0627286071584251,LOW,APPROVE,0
0.008115713092102222,LOW,APPROVE,0
0.003782194781292159,LOW,APPROVE,0
0.004978320368009646,LOW,APPROVE,0
0.008817631787078466,LOW,APPROVE,0
0.00178832644372221,LOW,APPROVE,0
0.007604468689603946,LOW,APPROVE,0
0.01343693843121871,LOW,APPROVE,0
0.009308775874427338,LOW,APPROVE,0
0.0028819426988695293,LOW,APPROVE,0
0.01016016994357356,LOW,APPROVE,0
0.00959416842510646,LOW,APPROVE,0
0.011942388531147487,LOW,APPROVE,0
0.005473811294144061,LOW,APPROVE,0
0.00830622854719277,LOW,APPROVE,0
0.0014939624274246462,LOW,APPROVE,0
0.003159295325228159,LOW,APPROVE,0
0.01284292319768651,LOW,APPROVE,0
0.0073615934830079995,LOW,APPROVE,0
0.0011305420902056214,LOW,APPROVE,0
0.003697013342459416,LOW,APPROVE,0
0.05136726395687987,LOW,APPROVE,0
0.00899030113593837,LOW,APPROVE,0
0.005363620323131921,LOW,APPROVE,0
0.02043689671854477,LOW,APPROVE,0
0.007604740493226921,LOW,APPROVE,0
0.004938921510664968,LOW,APPROVE,0
0.0015767413185665275,LOW,APPROVE,0
0.0033501613883605025,LOW,APPROVE,0
0.010038347632832522,LOW,APPROVE,0
0.015993424326480186,LOW,APPROVE,0
0.0194535139451744,LOW,APPROVE,0
0.0055165197337810785,LOW,APPROVE,0
0.0024022691443742186,LOW,APPROVE,0
0.0021886702367463736,LOW,APPROVE,0
0.0029889781009294447,LOW,APPROVE,0
0.00471069478887225,LOW,APPROVE,0
0.07593797671458605,LOW,APPROVE,0
0.0037461776522607257,LOW,APPROVE,0
0.003514676300692815,LOW,APPROVE,0
0.002492905354043001,LOW,APPROVE,0
0.005348075615789144,LOW,APPROVE,0
0.0017150510887169916,LOW,APPROVE,0
0.00028378397034471833,LOW,APPROVE,0
0.008484862613898145,LOW,APPROVE,0
0.02341071628925871,LOW,APPROVE,0
0.05072935766517902,LOW,APPROVE,0
0.0061973076552769065,LOW,APPROVE,0
0.0034737957201488,LOW,APPROVE,0
0.0023254666819412734,LOW,APPROVE,0
0.0011366293043028265,LOW,APPROVE,0
0.019905339383629584,LOW,APPROVE,0
0.0018479919877421253,LOW,APPROVE,0
0.004231398241320378,LOW,APPROVE,0
0.2529824493800895,MEDIUM,REVIEW,0
0.005731402207969898,LOW,APPROVE,0
0.007172787013404761,LOW,APPROVE,0
0.2529824493800895,MEDIUM,REVIEW,0
0.0026596832867214625,LOW,APPROVE,0
0.006152163572601558,LOW,APPROVE,0
0.009036494539198544,LOW,APPROVE,0
0.002431318786914411,LOW,APPROVE,0
0.009541031799610696,LOW,APPROVE,0
0.011140235022194843,LOW,APPROVE,0
0.005547370411617501,LOW,APPROVE,0
0.001957147204152721,LOW,APPROVE,0
0.010375905570198884,LOW,APPROVE,0
0.001546345817522908,LOW,APPROVE,0
0.0021708764862993528,LOW,APPROVE,0
0.005184761923164585,LOW,APPROVE,0
0.005840850806645584,LOW,APPROVE,0
0.004252647283072723,LOW,APPROVE,0
0.001546345817522908,LOW,APPROVE,0
0.007073019583999847,LOW,APPROVE,0
0.0036844294734720492,LOW,APPROVE,0
0.0026763012470021647,LOW,APPROVE,0
0.0031515295945807047,LOW,APPROVE,0
0.0014708848424344631,LOW,APPROVE,0
0.008184483235673466,LOW,APPROVE,0
0.013889126636519077,LOW,APPROVE,1
0.0076741840345550425,LOW,APPROVE,0
0.005142582048974663,LOW,APPROVE,0
0.005371305063292863,LOW,APPROVE,0
0.010939845732668579,LOW,APPROVE,0
0.009933882172311144,LOW,APPROVE,0
0.029278509494137118,LOW,APPROVE,0
0.005526982759470274,LOW,APPROVE,0
0.04688058905465018,LOW,APPROVE,0
0.017329426198232557,LOW,APPROVE,0
0.0075641295791174425,LOW,APPROVE,0
0.021738163909382175,LOW,APPROVE,0
0.02763596109020897,LOW,APPROVE,0
0.0015307325161238766,LOW,APPROVE,0
0.022029794640439394,LOW,APPROVE,0
0.04788248244143943,LOW,APPROVE,0
0.00887728420788692,LOW,APPROVE,0
0.001640390335519887,LOW,APPROVE,0
0.0017814207858535419,LOW,APPROVE,0
0.0696898291535503,LOW,APPROVE,0
0.004356973303072457,LOW,APPROVE,0
0.01732074466094554,LOW,APPROVE,0
0.005061771862930818,LOW,APPROVE,0
0.009105847987875377,LOW,APPROVE,0
0.022221123712095312,LOW,APPROVE,0
0.010186820781570929,LOW,APPROVE,0
0.002865876749261786,LOW,APPROVE,0
0.0020407585162107093,LOW,APPROVE,0
0.0027925041032459846,LOW,APPROVE,0
0.0098003003508903,LOW,APPROVE,0
0.01770912983995983,LOW,APPROVE,0
0.004675278124521656,LOW,APPROVE,0
0.005145747984383425,LOW,APPROVE,0
0.003201793839015385,LOW,APPROVE,0
0.003289575085881987,LOW,APPROVE,0
0.016131854092489954,LOW,APPROVE,0
0.04422281284878488,LOW,APPROVE,0
0.01451048639041227,LOW,APPROVE,0
0.0018222171827154705,LOW,APPROVE,0
0.03787737975402596,LOW,APPROVE,0
0.015478162611680078,LOW,APPROVE,0
0.0017905100329561675,LOW,APPROVE,0
0.005142582048974663,LOW,APPROVE,0
0.13015383702998312,MEDIUM,REVIEW,0
0.0033201387514826164,LOW,APPROVE,0
0.0027412961693480727,LOW,APPROVE,0
0.010087796753795128,LOW,APPROVE,0
0.018413636999531895,LOW,APPROVE,0
0.015424834449109855,LOW,APPROVE,0
0.013059879758131929,LOW,APPROVE,0
0.00871466289422525,LOW,APPROVE,0
0.007559942074202988,LOW,APPROVE,0
0.0074069230543213896,LOW,APPROVE,0
0.002605331112571615,LOW,APPROVE,0
0.004867713708673139,LOW,APPROVE,0
0.010662005691895685,LOW,APPROVE,0
0.0020267255932323903,LOW,APPROVE,0
0.005294936329240562,LOW,APPROVE,0
0.033437754024189414,LOW,APPROVE,0
0.026157642795370806,LOW,APPROVE,0
0.0015025274688824123,LOW,APPROVE,0
0.005295034286565836,LOW,APPROVE,0
0.016474692152371843,LOW,APPROVE,0
0.07672882994452426,LOW,APPROVE,0
0.005294936329240562,LOW,APPROVE,0
0.007909356557523704,LOW,APPROVE,0
0.00741205151030666,LOW,APPROVE,0
0.020357156375306138,LOW,APPROVE,0
0.004026525268107778,LOW,APPROVE,0
0.003518099015023686,LOW,APPROVE,0
0.012624924287772198,LOW,APPROVE,0
0.001665840966429722,LOW,APPROVE,0
0.07188426732444121,LOW,APPROVE,0
0.0020715058054097163,LOW,APPROVE,0
0.004349239018083216,LOW,APPROVE,0
0.003917490916036908,LOW,APPROVE,0
0.003028151653533816,LOW,APPROVE,0
0.013549331512264048,LOW,APPROVE,0
0.003803980064278636,LOW,APPROVE,0
0.01758958340894047,LOW,APPROVE,0
0.0044780137498498405,LOW,APPROVE,0
0.0022440463460930505,LOW,APPROVE,0
0.009515206260420343,LOW,APPROVE,0
0.04270166702656349,LOW,APPROVE,0
0.0037893558203239627,LOW,APPROVE,0
0.005716375002322987,LOW,APPROVE,0
0.0033350082392119007,LOW,APPROVE,0
0.009248866246522729,LOW,APPROVE,0
0.06268878526851053,LOW,APPROVE,0
0.0035058205498418003,LOW,APPROVE,0
0.00537879296673398,LOW,APPROVE,0
0.005885976362024001,LOW,APPROVE,0
0.017696363472081474,LOW,APPROVE,0
0.005099641047981438,LOW,APPROVE,0
0.009515202137634956,LOW,APPROVE,0
0.005333862153311204,LOW,APPROVE,0
0.007909356557523704,LOW,APPROVE,0
0.0015507502990888885,LOW,APPROVE,0
0.007635961704330662,LOW,APPROVE,0
0.017337884695827456,LOW,APPROVE,0
0.00783287874181669,LOW,APPROVE,0
0.04050004112029,LOW,APPROVE,0
0.005749685697301785,LOW,APPROVE,0
0.0046309481061266675,LOW,APPROVE,0
0.010017211084688343,LOW,APPROVE,0
0.01418766836239814,LOW,APPROVE,0
0.002178510269036974,LOW,APPROVE,0
0.007115240014861584,LOW,APPROVE,0
0.0028615819031584397,LOW,APPROVE,0
0.009751288576806447,LOW,APPROVE,0
0.03612235919585183,LOW,APPROVE,0
0.015918380192164152,LOW,APPROVE,0
0.0014807155258186827,LOW,APPROVE,0
0.04836994217938022,LOW,APPROVE,0
0.005893211281717568,LOW,APPROVE,0
0.012566312034092492,LOW,APPROVE,0
0.011466391922795176,LOW,APPROVE,0
0.00410246367046748,LOW,APPROVE,0
0.0020237592313279568,LOW,APPROVE,0
0.006621765087436427,LOW,APPROVE,0
0.02094608145033709,LOW,APPROVE,0
0.005696691716539686,LOW,APPROVE,0
0.0062181279171163485,LOW,APPROVE,0
0.34584387781901493,MEDIUM,REVIEW,0
0.0057052555507689385,LOW,APPROVE,0
0.005284398031462462,LOW,APPROVE,0
0.004241266636510895,LOW,APPROVE,0
0.002178510269036974,LOW,APPROVE,0
0.0039266442162451485,LOW,APPROVE,0
0.10349572278117788,MEDIUM,REVIEW,0
0.005783349177428144,LOW,APPROVE,0
0.011353046378075287,LOW,APPROVE,0
0.0029381807157613776,LOW,APPROVE,0
0.003438100117897201,LOW,APPROVE,0
0.005058515504416418,LOW,APPROVE,0
0.0011701986902167907,LOW,APPROVE,0
0.039464794800966777,LOW,APPROVE,1
0.01715215568051651,LOW,APPROVE,0
0.07779976463504867,LOW,APPROVE,1
0.005200102673122731,LOW,APPROVE,0
0.0008755958351930111,LOW,APPROVE,0
0.8741536943250936,HIGH,BLOCK,1
0.0011701986902167907,LOW,APPROVE,0
0.0017814207858535419,LOW,APPROVE,0
0.00637382987468671,LOW,APPROVE,0
0.09801003135434554,LOW,APPROVE,1
0.0020832980382198643,LOW,APPROVE,0
0.0025749684479425793,LOW,APPROVE,0
0.005952406099217968,LOW,APPROVE,0
0.0213524346823177,LOW,APPROVE,0
0.02665878929166649,LOW,APPROVE,1
0.005996491922106671,LOW,APPROVE,0
0.015856969220712357,LOW,APPROVE,0
0.05683929186715811,LOW,APPROVE,1
0.09301111563988385,LOW,APPROVE,0
0.002660941925756406,LOW,APPROVE,0
0.012057531630221397,LOW,APPROVE,0
0.12190777106256315,MEDIUM,REVIEW,1
0.02805003960373889,LOW,APPROVE,1
0.007622448258428002,LOW,APPROVE,0
0.023187397703150363,LOW,APPROVE,0
0.07894153128022055,LOW,APPROVE,0
0.09201377522660216,LOW,APPROVE,0
0.12289038699342787,MEDIUM,REVIEW,0
0.026806976003399333,LOW,APPROVE,0
0.023013350833609288,LOW,APPROVE,1
0.07337134147238585,LOW,APPROVE,1
0.10833796610316325,MEDIUM,REVIEW,1
0.005886866365250613,LOW,APPROVE,0
0.008724390879163423,LOW,APPROVE,0
0.002430899404245533,LOW,APPROVE,0
0.05288606297661654,LOW,APPROVE,1
0.0016868056991776225,LOW,APPROVE,0
0.006432380638267192,LOW,APPROVE,0
0.005032951162643547,LOW,APPROVE,0
0.12731112237722342,MEDIUM,REVIEW,1
0.019538876630303896,LOW,APPROVE,0
0.01249456468363616,LOW,APPROVE,0
0.0696898291535503,LOW,APPROVE,0
0.04176957556371805,LOW,APPROVE,0
0.0033069512433019197,LOW,APPROVE,0
0.03321335572309328,LOW,APPROVE,0
0.004366590684984596,LOW,APPROVE,0
0.0011661073338012024,LOW,APPROVE,0
0.01227120046588971,LOW,APPROVE,0
0.014348808839445962,LOW,APPROVE,0
0.006294803130988359,LOW,APPROVE,0
0.05657315763781146,LOW,APPROVE,1
0.00873067518944615,LOW,APPROVE,0
0.0018523609260297582,LOW,APPROVE,0
0.014564103222713311,LOW,APPROVE,0
0.018242572052359806,LOW,APPROVE,0
0.0025407841829944884,LOW,APPROVE,0
0.0025655391200209363,LOW,APPROVE,0
0.024918528927745386,LOW,APPROVE,0
0.0020762578026928364,LOW,APPROVE,0
0.12567018859243673,MEDIUM,REVIEW,0
0.007020465730063954,LOW,APPROVE,0
0.0016981329616089988,LOW,APPROVE,0
0.0010987953645297194,LOW,APPROVE,0
0.0028797464950217136,LOW,APPROVE,0
0.007595239688840752,LOW,APPROVE,0
0.005349632578828182,LOW,APPROVE,0
0.0028302150435562654,LOW,APPROVE,0
0.07792069364810703,LOW,APPROVE,0
0.024381103849598944,LOW,APPROVE,0
0.0696898291535503,LOW,APPROVE,0
0.00770529813195792,LOW,APPROVE,0
0.0033608753241007095,LOW,APPROVE,0
0.0009427508142303137,LOW,APPROVE,0
0.022045079580111752,LOW,APPROVE,0
0.07792069364810703,LOW,APPROVE,0
0.0011698145944279168,LOW,APPROVE,0
0.006394832338226909,LOW,APPROVE,0
0.09996492549917534,LOW,APPROVE,1
0.00047641867680212275,LOW,APPROVE,0
0.012838900660879966,LOW,APPROVE,0
0.05264914066987942,LOW,APPROVE,1
0.008325938549094929,LOW,APPROVE,0
0.008426196900523375,LOW,APPROVE,0
0.009778899431355275,LOW,APPROVE,0
0.006953714668551004,LOW,APPROVE,0
0.006415252386909362,LOW,APPROVE,0
0.011160940377791246,LOW,APPROVE,0
0.004684223423592231,LOW,APPROVE,0
0.017732950446703265,LOW,APPROVE,1
0.015786773699129116,LOW,APPROVE,0
0.009572017134905242,LOW,APPROVE,1
0.07792069364810703,LOW,APPROVE,0
0.005973487318357,LOW,APPROVE,0
0.015260091310474221,LOW,APPROVE,0
0.010931676130100798,LOW,APPROVE,0
0.002024416186709595,LOW,APPROVE,0
0.003421643786053607,LOW,APPROVE,0
0.009155063116862351,LOW,APPROVE,0
0.006860546535852153,LOW,APPROVE,0
0.012704232956541817,LOW,APPROVE,0
0.003109079807217009,LOW,APPROVE,0
0.0037296223717333274,LOW,APPROVE,0
0.0038716001172886655,LOW,APPROVE,0
0.07792069364810703,LOW,APPROVE,0
0.01489689666407885,LOW,APPROVE,0
0.0006101756355825186,LOW,APPROVE,0
0.04904294314573186,LOW,APPROVE,0
0.011120248352966752,LOW,APPROVE,0
0.00591748009449385,LOW,APPROVE,0
0.07792069364810703,LOW,APPROVE,0
0.004101686072891459,LOW,APPROVE,0
0.0077698282357362035,LOW,APPROVE,0
0.014653874943269913,LOW,APPROVE,0
0.007778377868309268,LOW,APPROVE,0
0.018790357174721155,LOW,APPROVE,0
0.005076079977911849,LOW,APPROVE,0
0.009599228125175897,LOW,APPROVE,0
0.0098512499083933,LOW,APPROVE,0
0.0013566737767220101,LOW,APPROVE,0
0.01855235591116639,LOW,APPROVE,0
0.019006942954392477,LOW,APPROVE,0
0.00773726947483263,LOW,APPROVE,0
0.0022977671909915624,LOW,APPROVE,0
0.0058676747715076276,LOW,APPROVE,0
0.0046470799747420685,LOW,APPROVE,0
0.01087192848789281,LOW,APPROVE,0
0.022276704980871465,LOW,APPROVE,0
0.007774826730402075,LOW,APPROVE,0
0.016838840625908912,LOW,APPROVE,0
0.0012909143378307113,LOW,APPROVE,0
0.003591648549050128,LOW,APPROVE,0
0.008003137508194013,LOW,APPROVE,0
0.0038303856037586984,LOW,APPROVE,0
0.007903531048745624,LOW,APPROVE,0
0.004903458186318964,LOW,APPROVE,0
0.009888943597394229,LOW,APPROVE,0
0.003115429577206686,LOW,APPROVE,0
0.004975812415600679,LOW,APPROVE,0
0.015894145398574706,LOW,APPROVE,0
0.005918629426269903,LOW,APPROVE,0
0.004903458186318964,LOW,APPROVE,0
0.0036960614759098264,LOW,APPROVE,0
0.0044495787605357716,LOW,APPROVE,0
0.04821921059772384,LOW,APPROVE,0
0.001820441684210389,LOW,APPROVE,0
0.002957027270261813,LOW,APPROVE,0
0.009291517908693316,LOW,APPROVE,0
0.005983211367924631,LOW,APPROVE,0
0.0029351708835365494,LOW,APPROVE,0
0.06432180506493189,LOW,APPROVE,0
0.012288840971894976,LOW,APPROVE,0
0.021478679659162104,LOW,APPROVE,0
0.003274173758327491,LOW,APPROVE,0
0.038361443676781036,LOW,APPROVE,0
0.013005927145354966,LOW,APPROVE,0
0.0003901022163773203,LOW,APPROVE,0
0.005911797202343416,LOW,APPROVE,0
0.0016278700849951873,LOW,APPROVE,0
0.003161666424815084,LOW,APPROVE,0
0.0037786286233222294,LOW,APPROVE,0
0.005323685621283414,LOW,APPROVE,0
0.04821921059772384,LOW,APPROVE,0
0.020509234183812855,LOW,APPROVE,0
0.015243201300667952,LOW,APPROVE,0
0.002414837809778672,LOW,APPROVE,0
0.0006960909122270368,LOW,APPROVE,0
0.009386626576996881,LOW,APPROVE,0
0.0029457974260253318,LOW,APPROVE,0
0.029356268693120382,LOW,APPROVE,0
0.006953714668551004,LOW,APPROVE,0
0.002753827045740894,LOW,APPROVE,0
0.004572250561866567,LOW,APPROVE,0
0.031228443478740632,LOW,APPROVE,0
0.00718520557694225,LOW,APPROVE,0
0.0031062953041734033,LOW,APPROVE,0
0.0060453209976789055,LOW,APPROVE,0
0.0021348512216383115,LOW,APPROVE,0
0.006565270132238818,LOW,APPROVE,0
0.009644700178361155,LOW,APPROVE,0
0.005062726319222012,LOW,APPROVE,0
0.05802270778436982,LOW,APPROVE,0
0.0016105424948492702,LOW,APPROVE,0
0.001793038467712099,LOW,APPROVE,0
0.006648076207029683,LOW,APPROVE,0
0.0026014722310948235,LOW,APPROVE,0
0.0012569819484474789,LOW,APPROVE,0
0.002844489549649124,LOW,APPROVE,0
0.05421564229213627,LOW,APPROVE,0
0.002951921192442468,LOW,APPROVE,0
0.013791416142172537,LOW,APPROVE,0
0.007015350571532111,LOW,APPROVE,0
0.012830512488623836,LOW,APPROVE,0
0.02322252915780029,LOW,APPROVE,0
0.005671510913407717,LOW,APPROVE,0
0.05421564229213627,LOW,APPROVE,0
0.0028404462693550126,LOW,APPROVE,0
0.05421564229213627,LOW,APPROVE,0
0.006368968362185454,LOW,APPROVE,0
0.014393075123490952,LOW,APPROVE,0
0.054285193063713225,LOW,APPROVE,0
0.0045016314052081135,LOW,APPROVE,0
0.007363112567716548,LOW,APPROVE,0
0.0036882643686856876,LOW,APPROVE,0
0.006368968362185454,LOW,APPROVE,0
0.0018974792187912816,LOW,APPROVE,0
0.0027733455782874904,LOW,APPROVE,0
0.011075788196035937,LOW,APPROVE,0
0.003244528994670371,LOW,APPROVE,0
0.013314660895965611,LOW,APPROVE,0
0.014339957175405748,LOW,APPROVE,0
0.01096028062931149,LOW,APPROVE,0
0.05421564229213627,LOW,APPROVE,0
0.010227609350633321,LOW,APPROVE,0
0.0031408469599632236,LOW,APPROVE,0
0.02828663405567484,LOW,APPROVE,0
0.006953154410421917,LOW,APPROVE,0
0.009403500337382626,LOW,APPROVE,0
0.0061357027832721145,LOW,APPROVE,0
0.006131951353669054,LOW,APPROVE,0
0.013589623181458198,LOW,APPROVE,0
0.0045212198881059325,LOW,APPROVE,0
0.001065094519953582,LOW,APPROVE,0
0.002026400417873933,LOW,APPROVE,0
0.8610775783685659,HIGH,BLOCK,1
0.00422947071006637,LOW,APPROVE,0
0.041698410896896076,LOW,APPROVE,0
0.0006738561240530439,LOW,APPROVE,0
0.024731224166097465,LOW,APPROVE,0
0.002072323752450258,LOW,APPROVE,0
0.004997948151710326,LOW,APPROVE,0
0.011001144579073748,LOW,APPROVE,0
0.004095157743565214,LOW,APPROVE,0
0.005216049961464425,LOW,APPROVE,0
0.0010771604051545733,LOW,APPROVE,0
0.0031919430730058254,LOW,APPROVE,0
0.017622877283004896,LOW,APPROVE,0
0.004866086437265307,LOW,APPROVE,0
0.006270595396031168,LOW,APPROVE,0
0.007895744694864985,LOW,APPROVE,0
0.01826044793043551,LOW,APPROVE,0
0.011249026266973787,LOW,APPROVE,0
0.007289751638319015,LOW,APPROVE,0
0.018081880691985575,LOW,APPROVE,0
0.047183662416029296,LOW,APPROVE,1
0.034275055200977955,LOW,APPROVE,0
0.005531404710726619,LOW,APPROVE,0
0.013484210143590445,LOW,APPROVE,0
0.0025385451189627716,LOW,APPROVE,0
0.0052539601252195815,LOW,APPROVE,0
0.010197936355261839,LOW,APPROVE,0
0.008387666021593286,LOW,APPROVE,0
0.0025593655896940107,LOW,APPROVE,0
0.027784630812548772,LOW,APPROVE,0
0.010501393552003732,LOW,APPROVE,0
0.007529846842906549,LOW,APPROVE,0
0.01434420519763271,LOW,APPROVE,0
0.06795603236803563,LOW,APPROVE,0
0.003914351981041945,LOW,APPROVE,0
0.0075881955868179985,LOW,APPROVE,0
0.022960981843467624,LOW,APPROVE,0
0.012264505534381165,LOW,APPROVE,0
0.011491111339461058,LOW,APPROVE,0
0.0023799878445164738,LOW,APPROVE,0
0.044696747877915895,LOW,APPROVE,1
0.01454506074233796,LOW,APPROVE,0
0.007442686773605006,LOW,APPROVE,0
0.044739479901189365,LOW,APPROVE,0
0.011834192054567465,LOW,APPROVE,0
0.008393506070020748,LOW,APPROVE,0
0.005462362593436343,LOW,APPROVE,0
0.004289834042562709,LOW,APPROVE,0
0.04551619172000887,LOW,APPROVE,0
0.0071622058201336386,LOW,APPROVE,0
0.0068672654492199425,LOW,APPROVE,0
0.003133099740899325,LOW,APPROVE,0
0.8655139742131215,HIGH,BLOCK,1
0.007442686773605006,LOW,APPROVE,0
0.002457012092704595,LOW,APPROVE,0
0.10102213744604417,MEDIUM,REVIEW,0
0.004140415438952422,LOW,APPROVE,0
0.0012041718127263079,LOW,APPROVE,0
0.015484909917695147,LOW,APPROVE,0
0.015484909917695147,LOW,APPROVE,0
0.004630628397861091,LOW,APPROVE,0
0.08877938790004006,LOW,APPROVE,0
0.014102897876772616,LOW,APPROVE,0
0.556431702180496,HIGH,BLOCK,1
0.009271964199367325,LOW,APPROVE,0
0.09991254129794008,LOW,APPROVE,0
0.000615425494675075,LOW,APPROVE,0
0.10102213744604417,MEDIUM,REVIEW,0
0.036513324662597886,LOW,APPROVE,0
0.009884185684456965,LOW,APPROVE,0
0.01432900319124889,LOW,APPROVE,0
0.01588259655430166,LOW,APPROVE,0
0.007600775723962327,LOW,APPROVE,0
0.018349571610262263,LOW,APPROVE,0
0.013024304199153021,LOW,APPROVE,0
0.006977612573322213,LOW,APPROVE,0
0.00215450808552803,LOW,APPROVE,0
0.012329795899678532,LOW,APPROVE,0
0.0036950394828511165,LOW,APPROVE,0
0.0010479174913945607,LOW,APPROVE,0
0.008243136705803292,LOW,APPROVE,0
0.004027211907422075,LOW,APPROVE,0
0.006230537640698307,LOW,APPROVE,0
0.010282808799967584,LOW,APPROVE,0
0.003474396547778581,LOW,APPROVE,0
0.03655854164275787,LOW,APPROVE,0
0.015496360003723246,LOW,APPROVE,0
0.005780246096787459,LOW,APPROVE,0
0.010282808799967584,LOW,APPROVE,0
0.015056671518793262,LOW,APPROVE,0
0.00956061058608811,LOW,APPROVE,0
0.04271580858065374,LOW,APPROVE,0
0.08162355276861354,LOW,APPROVE,0
0.03703289718989519,LOW,APPROVE,0
0.01116758150806026,LOW,APPROVE,0
0.054967843400004275,LOW,APPROVE,0
0.009067527896386207,LOW,APPROVE,0
0.0015946619828106014,LOW,APPROVE,0
0.06782018894447919,LOW,APPROVE,0
0.042955887937121844,LOW,APPROVE,0
0.0041334333207818435,LOW,APPROVE,0
0.0024577215955218176,LOW,APPROVE,0
0.029171013016494697,LOW,APPROVE,0
0.00476794893295726,LOW,APPROVE,0
0.04197583888323559,LOW,APPROVE,0
0.004215194349760533,LOW,APPROVE,0
0.007668581510059008,LOW,APPROVE,0
0.04076305637060721,LOW,APPROVE,0
0.010194753500303392,LOW,APPROVE,1
0.002802062267587591,LOW,APPROVE,0
0.0052429358476342725,LOW,APPROVE,0
0.003955034605539964,LOW,APPROVE,0
0.006243971525195027,LOW,APPROVE,0
0.01030572473588823,LOW,APPROVE,0
0.0038973799815100497,LOW,APPROVE,0
0.013736747545050654,LOW,APPROVE,0
0.005134578065788682,LOW,APPROVE,0
0.09705004893960678,LOW,APPROVE,1
0.0037561669115133245,LOW,APPROVE,0
0.0033513219074643285,LOW,APPROVE,0
0.00956061058608811,LOW,APPROVE,0
0.002021254001733258,LOW,APPROVE,0
0.001806925291807088,LOW,APPROVE,0
0.0388775810413874,LOW,APPROVE,0
0.00275809799803826,LOW,APPROVE,0
0.006189393607962863,LOW,APPROVE,0
0.0031443534152128644,LOW,APPROVE,0
0.008335940495431458,LOW,APPROVE,0
0.009421765913067901,LOW,APPROVE,0
0.001780149532562511,LOW,APPROVE,0
0.0071693075869652045,LOW,APPROVE,0
0.018760332104902,LOW,APPROVE,0
0.03095547325448722,LOW,APPROVE,0
0.019537146109166407,LOW,APPROVE,0
0.00897886085472536,LOW,APPROVE,0
0.016600151540464337,LOW,APPROVE,0
0.0020796848832573696,LOW,APPROVE,0
0.10689393821324333,MEDIUM,REVIEW,0
0.004144307241640249,LOW,APPROVE,0
0.01342197169290053,LOW,APPROVE,0
0.0021143911163654387,LOW,APPROVE,0
0.011893547039103336,LOW,APPROVE,0
0.007657646649622096,LOW,APPROVE,0
0.02749398518697823,LOW,APPROVE,0
0.01951582015646874,LOW,APPROVE,0
0.017761187501912686,LOW,APPROVE,1
0.015332780881300521,LOW,APPROVE,0
0.010367461239370313,LOW,APPROVE,0
0.12991864670903358,MEDIUM,REVIEW,0
0.0037958857337944763,LOW,APPROVE,0
0.006076212211754227,LOW,APPROVE,0
0.010689668935987084,LOW,APPROVE,0
0.012519656452167372,LOW,APPROVE,0
0.002004411119171314,LOW,APPROVE,0
0.006734948801691289,LOW,APPROVE,0
0.0032544134562388495,LOW,APPROVE,0
0.04429700180984034,LOW,APPROVE,1
0.0014484182332570022,LOW,APPROVE,0
0.00302597708702942,LOW,APPROVE,0
0.0006840192889981453,LOW,APPROVE,0
0.024749319829416503,LOW,APPROVE,0
0.10698457564831931,MEDIUM,REVIEW,1
0.014888738585300178,LOW,APPROVE,0
0.00302597708702942,LOW,APPROVE,0
0.002417774076925021,LOW,APPROVE,0
0.003822067843824106,LOW,APPROVE,0
0.052722630883095464,LOW,APPROVE,0
0.007057676958340859,LOW,APPROVE,0
0.058640997335326794,LOW,APPROVE,0
0.017648769836105062,LOW,APPROVE,0
0.1393993141940669,MEDIUM,REVIEW,1
0.022705869882606224,LOW,APPROVE,0
0.07296201697308424,LOW,APPROVE,0
0.052722630883095464,LOW,APPROVE,0
0.010512500281039679,LOW,APPROVE,0
0.0036950394828511165,LOW,APPROVE,0
0.00622042512029798,LOW,APPROVE,0
0.007849076260029302,LOW,APPROVE,0
0.004124858391059728,LOW,APPROVE,0
0.058640997335326794,LOW,APPROVE,0
0.00661734210049285,LOW,APPROVE,0
0.2989342224557349,MEDIUM,REVIEW,1
0.04492763907407196,LOW,APPROVE,0
0.001223928293553035,LOW,APPROVE,0
0.004263299787404002,LOW,APPROVE,0
0.004452965382818762,LOW,APPROVE,0
0.006899002596522246,LOW,APPROVE,0
0.022053044401544823,LOW,APPROVE,0
0.05419273459091161,LOW,APPROVE,0
0.007677115499384895,LOW,APPROVE,0
0.019122488493807738,LOW,APPROVE,0
0.08794634130908636,LOW,APPROVE,0
0.005049830266750638,LOW,APPROVE,0
0.0038302511409794363,LOW,APPROVE,0
0.14381524805942578,MEDIUM,REVIEW,0
0.013761282767523133,LOW,APPROVE,0
0.0017863795302416243,LOW,APPROVE,0
0.0025263431176085877,LOW,APPROVE,0
0.0028657977374604592,LOW,APPROVE,0
0.0007288990127245005,LOW,APPROVE,0
0.05608321967361425,LOW,APPROVE,0
0.043604637613456426,LOW,APPROVE,0
0.022888214744888166,LOW,APPROVE,0
0.008054374648071233,LOW,APPROVE,0
0.007339963512720673,LOW,APPROVE,0
0.010378525142291886,LOW,APPROVE,0
0.058019611010685035,LOW,APPROVE,0
0.00906329409607996,LOW,APPROVE,0
0.004569512014151569,LOW,APPROVE,0
0.005034853358881465,LOW,APPROVE,0
0.0011785560704981332,LOW,APPROVE,0
0.004690365127790683,LOW,APPROVE,0
0.0062722638724781185,LOW,APPROVE,0
0.0034497769184685776,LOW,APPROVE,0
0.03251293122501494,LOW,APPROVE,0
0.0015547892472829578,LOW,APPROVE,0
0.0032320887167174807,LOW,APPROVE,0
0.0025014232444783,LOW,APPROVE,0
0.07767052256897895,LOW,APPROVE,0
0.002708949795039647,LOW,APPROVE,0
0.013700284731764724,LOW,APPROVE,0
0.04214457599879628,LOW,APPROVE,0
0.0015794178091622477,LOW,APPROVE,0
0.022968811354395165,LOW,APPROVE,0
0.005523014571551494,LOW,APPROVE,0
0.059219227770128814,LOW,APPROVE,0
0.008234554016935857,LOW,APPROVE,0
0.0070611099127969035,LOW,APPROVE,0
0.001065523425662679,LOW,APPROVE,0
0.0480415458144164,LOW,APPROVE,0
0.005581942781930019,LOW,APPROVE,0
0.007065811894958931,LOW,APPROVE,0
0.010042169330534811,LOW,APPROVE,0
0.0007466597549605351,LOW,APPROVE,0
0.004307707531591677,LOW,APPROVE,0
0.0960424063643418,LOW,APPROVE,0
0.03475889153142433,LOW,APPROVE,0
0.004621923446250236,LOW,APPROVE,0
0.007333804449778378,LOW,APPROVE,0
0.0011662369099851755,LOW,APPROVE,0
0.0050208208935255474,LOW,APPROVE,0
0.013370897157007894,LOW,APPROVE,0
0.01368434066246437,LOW,APPROVE,0
0.005036797725038962,LOW,APPROVE,0
0.0027418309613327675,LOW,APPROVE,0
0.0038361311378644794,LOW,APPROVE,0
0.00976686423514436,LOW,APPROVE,0
0.005316851154112226,LOW,APPROVE,0
0.013766633571598507,LOW,APPROVE,0
0.00976686423514436,LOW,APPROVE,0
0.007356034850593797,LOW,APPROVE,0
0.01368434066246437,LOW,APPROVE,0
0.17068102104243327,MEDIUM,REVIEW,0
0.005354186933235771,LOW,APPROVE,0
0.0033967914053120523,LOW,APPROVE,0
0.0027841398578612887,LOW,APPROVE,0
0.0012700871588576157,LOW,APPROVE,0
0.02934343065420105,LOW,APPROVE,0
0.005724447090769009,LOW,APPROVE,0
0.014898963598712258,LOW,APPROVE,0
0.0055863739812690655,LOW,APPROVE,0
0.0018718393280284806,LOW,APPROVE,0
0.006954762610457534,LOW,APPROVE,0
0.056432480537348416,LOW,APPROVE,0
0.008571828928164696,LOW,APPROVE,0
0.0023344511477828675,LOW,APPROVE,0
0.00625683897914718,LOW,APPROVE,0
0.01368434066246437,LOW,APPROVE,0
0.008717098235281764,LOW,APPROVE,0
0.0059146029486492335,LOW,APPROVE,0
0.0026153712187403626,LOW,APPROVE,0
0.0744091969576716,LOW,APPROVE,0
0.08010612184623428,LOW,APPROVE,0
0.0065778217151334336,LOW,APPROVE,0
0.007434738887451485,LOW,APPROVE,0
0.03504968595819868,LOW,APPROVE,0
0.013766633571598507,LOW,APPROVE,0
0.01368434066246437,LOW,APPROVE,0
0.029290561817900015,LOW,APPROVE,0
0.01954937461718869,LOW,APPROVE,0
0.20506585086570833,MEDIUM,REVIEW,1
0.04891532893629194,LOW,APPROVE,0
0.06136864058116723,LOW,APPROVE,0
0.06619125474371468,LOW,APPROVE,0
0.0006858980871374845,LOW,APPROVE,0
0.57959216407953,HIGH,BLOCK,1
0.07375923031964517,LOW,APPROVE,0
0.03180853288521747,LOW,APPROVE,0
0.46769097131777115,MEDIUM,REVIEW,1
0.02534607659022093,LOW,APPROVE,0
0.5629652344169934,HIGH,BLOCK,1
0.013696727084752666,LOW,APPROVE,0
0.009097100620221473,LOW,APPROVE,0
0.003581283123940224,LOW,APPROVE,0
0.0039768591021175454,LOW,APPROVE,0
0.002489561812380956,LOW,APPROVE,0
0.018728103026901893,LOW,APPROVE,0
0.0728417276965263,LOW,APPROVE,0
0.007973656909678271,LOW,APPROVE,0
0.1695424481291458,MEDIUM,REVIEW,0
0.0728417276965263,LOW,APPROVE,0
0.09006310484595857,LOW,APPROVE,0
0.016701900541040173,LOW,APPROVE,0
0.0021499483231662655,LOW,APPROVE,0
0.03047452774641665,LOW,APPROVE,0
0.00593057248782309,LOW,APPROVE,0
0.0728417276965263,LOW,APPROVE,0
0.0728417276965263,LOW,APPROVE,0
0.059109437654287535,LOW,APPROVE,0
0.00593057248782309,LOW,APPROVE,0
0.002676690401162297,LOW,APPROVE,0
0.012859491540083793,LOW,APPROVE,0
0.0728417276965263,LOW,APPROVE,0
0.00711790477350162,LOW,APPROVE,0
0.006619779600410961,LOW,APPROVE,0
0.034730014936891526,LOW,APPROVE,0
0.00604520530455844,LOW,APPROVE,0
0.059109437654287535,LOW,APPROVE,0
0.02546563333145514,LOW,APPROVE,0
0.0037473816603365694,LOW,APPROVE,0
0.04007660799225623,LOW,APPROVE,0
0.02546563333145514,LOW,APPROVE,0
0.011644961800401801,LOW,APPROVE,0
0.19476144270199752,MEDIUM,REVIEW,0
0.01733748105148464,LOW,APPROVE,0
0.018324336765915668,LOW,APPROVE,0
0.002809386369590759,LOW,APPROVE,0
0.008823126903495038,LOW,APPROVE,0
0.007284051567553477,LOW,APPROVE,0
0.0037339587140134325,LOW,APPROVE,0
0.0728417276965263,LOW,APPROVE,0
0.015347141142907314,LOW,APPROVE,0
0.03502873989905375,LOW,APPROVE,0
0.045468027105143284,LOW,APPROVE,0
0.010992067124936144,LOW,APPROVE,0
0.01751288554008227,LOW,APPROVE,0
0.00847956824645414,LOW,APPROVE,0
0.06633563118769839,LOW,APPROVE,0
0.0050683652514177426,LOW,APPROVE,0
0.018931295532660524,LOW,APPROVE,0
0.0099860911838504,LOW,APPROVE,0
0.03502873989905375,LOW,APPROVE,0
0.016742034259103398,LOW,APPROVE,0
0.006882262441190569,LOW,APPROVE,0
0.021418918300906233,LOW,APPROVE,0
0.01141325223277011,LOW,APPROVE,0
0.01927068793824726,LOW,APPROVE,0
0.01927068793824726,LOW,APPROVE,0
0.01927068793824726,LOW,APPROVE,0
0.021014300873454867,LOW,APPROVE,0
0.005848701810094993,LOW,APPROVE,0
0.004873806038712394,LOW,APPROVE,0
0.01927068793824726,LOW,APPROVE,0
0.01927068793824726,LOW,APPROVE,0
0.009238283142876513,LOW,APPROVE,0
0.01927068793824726,LOW,APPROVE,0
0.005662662960913432,LOW,APPROVE,0
0.014720067599744258,LOW,APPROVE,0
0.01725411390424145,LOW,APPROVE,0
0.01725411390424145,LOW,APPROVE,0
0.01725411390424145,LOW,APPROVE,0
0.0037251222466592243,LOW,APPROVE,0
0.10622172061239375,MEDIUM,REVIEW,0
0.002266387667195817,LOW,APPROVE,0
0.007879744562522956,LOW,APPROVE,0
0.10622172061239375,MEDIUM,REVIEW,0
0.03943105722480671,LOW,APPROVE,0
0.02080545203862621,LOW,APPROVE,0
0.03425821106691689,LOW,APPROVE,0
0.02080545203862621,LOW,APPROVE,0
0.0115057896078557,LOW,APPROVE,0
0.0006850717702044765,LOW,APPROVE,0
0.032285833975691215,LOW,APPROVE,0
0.006306069478223954,LOW,APPROVE,0
0.004408914993454706,LOW,APPROVE,0
0.02080545203862621,LOW,APPROVE,0
0.03354194061500899,LOW,APPROVE,0
0.009281424177854039,LOW,APPROVE,0
0.017016700602115183,LOW,APPROVE,0
0.00316326803693216,LOW,APPROVE,0
0.007258059537285697,LOW,APPROVE,0
0.010319853964955977,LOW,APPROVE,0
0.006739218925307282,LOW,APPROVE,0
0.008205153159546367,LOW,APPROVE,0
0.0020516915190616327,LOW,APPROVE,0
0.0029481670644273005,LOW,APPROVE,0
0.05776628998134569,LOW,APPROVE,0
0.0072679583370417345,LOW,APPROVE,0
0.0895471189625442,LOW,APPROVE,0
0.0009957508176685905,LOW,APPROVE,0
0.033337676330621006,LOW,APPROVE,0
0.0895471189625442,LOW,APPROVE,0
0.010147634943978209,LOW,APPROVE,0
0.2926966269089251,MEDIUM,REVIEW,1
0.00583309558576278,LOW,APPROVE,0
0.002354793536201374,LOW,APPROVE,0
0.23908116419486752,MEDIUM,REVIEW,1
0.04795007221324456,LOW,APPROVE,0
0.038337978754997705,LOW,APPROVE,0
0.001918256367489919,LOW,APPROVE,0
0.04795007221324456,LOW,APPROVE,0
0.07997713552506346,LOW,APPROVE,0
0.002354816148241336,LOW,APPROVE,0
0.02122519731966092,LOW,APPROVE,0
0.02080545203862621,LOW,APPROVE,0
0.005553853854808318,LOW,APPROVE,0
0.0038595827135169034,LOW,APPROVE,0
0.005553853854808318,LOW,APPROVE,0
0.0050386024763227665,LOW,APPROVE,0
0.11393182509338425,MEDIUM,REVIEW,0
0.024557557796194895,LOW,APPROVE,0
0.038247292667056725,LOW,APPROVE,0
0.006797369395215752,LOW,APPROVE,0
0.0010390152546402472,LOW,APPROVE,0
0.004531783014995495,LOW,APPROVE,0
0.021073016022400613,LOW,APPROVE,0
0.059556918829238074,LOW,APPROVE,0
0.026371462744745885,LOW,APPROVE,0
0.006838252545479981,LOW,APPROVE,0
0.0446296909657084,LOW,APPROVE,0
0.02080545203862621,LOW,APPROVE,0
0.003765903070271398,LOW,APPROVE,0
0.021270214992352408,LOW,APPROVE,1
0.02322139735464984,LOW,APPROVE,0
0.053584576556973365,LOW,APPROVE,0
0.055855531597016055,LOW,APPROVE,0
0.022172156120564737,LOW,APPROVE,0
0.01785842745952216,LOW,APPROVE,0
0.004499273974287473,LOW,APPROVE,0
0.08934731340108745,LOW,APPROVE,0
0.02973560137289179,LOW,APPROVE,0
0.030378555081401144,LOW,APPROVE,0
0.004482536010524454,LOW,APPROVE,0
0.004982069929842722,LOW,APPROVE,0
0.030588989530385087,LOW,APPROVE,1
0.006768694574368119,LOW,APPROVE,0
0.018499016814276615,LOW,APPROVE,0
0.014518787690212438,LOW,APPROVE,0
0.0016517833764832606,LOW,APPROVE,0
0.027705552254844022,LOW,APPROVE,0
0.019534275880343382,LOW,APPROVE,0
0.004801491826097206,LOW,APPROVE,0
0.02625383105820918,LOW,APPROVE,0
0.0031547867271577985,LOW,APPROVE,0
0.006322386250705451,LOW,APPROVE,0
0.00953288676272741,LOW,APPROVE,0
0.03494214216146084,LOW,APPROVE,0
0.04136340315054284,LOW,APPROVE,0
0.0013321909399909803,LOW,APPROVE,0
0.0566663934454783,LOW,APPROVE,0
0.003840790969593736,LOW,APPROVE,0
0.0009092865010757807,LOW,APPROVE,0
0.11732149130645977,MEDIUM,REVIEW,0
0.016266829045528425,LOW,APPROVE,0
0.0071681125071714966,LOW,APPROVE,0
0.004832580852760157,LOW,APPROVE,0
0.005389399661202142,LOW,APPROVE,0
0.0035555872379755106,LOW,APPROVE,0
0.006087339033600048,LOW,APPROVE,0
0.03408570885240137,LOW,APPROVE,0
0.0176317707681486,LOW,APPROVE,0
0.004951156960875395,LOW,APPROVE,0
0.02887661312696397,LOW,APPROVE,0
0.016676012651781112,LOW,APPROVE,0
0.17078193540302805,MEDIUM,REVIEW,0
0.004278731659275486,LOW,APPROVE,0
0.004005368005075399,LOW,APPROVE,0
0.006890275980982869,LOW,APPROVE,0
0.0309108770654552,LOW,APPROVE,0
0.0051977138977387415,LOW,APPROVE,0
0.014490081932538288,LOW,APPROVE,0
0.0048333811020192935,LOW,APPROVE,0
0.005915536751471291,LOW,APPROVE,0
0.04582905692249175,LOW,APPROVE,0
0.20700627950637487,MEDIUM,REVIEW,0
0.0014395071410902007,LOW,APPROVE,0
0.00392779442126077,LOW,APPROVE,0
0.20700627950637487,MEDIUM,REVIEW,0
0.0027473058006331555,LOW,APPROVE,0
0.07531303460454127,LOW,APPROVE,0
0.007995401450977073,LOW,APPROVE,0
0.062188635113573865,LOW,APPROVE,0
0.008782574227937764,LOW,APPROVE,0
0.043514230890670545,LOW,APPROVE,0
0.016917704998297686,LOW,APPROVE,0
0.008064678806724197,LOW,APPROVE,0
0.0571551262579522,LOW,APPROVE,0
0.02181035253086034,LOW,APPROVE,0
0.012449643764029503,LOW,APPROVE,0
0.01539805379461871,LOW,APPROVE,0
0.004998324600218896,LOW,APPROVE,0
0.07531303460454127,LOW,APPROVE,0
0.005328515752340292,LOW,APPROVE,0
0.005246865954821732,LOW,APPROVE,0
0.008274152406607586,LOW,APPROVE,0
0.00617930834786129,LOW,APPROVE,0
0.11050468887836443,MEDIUM,REVIEW,0
0.002508624351508986,LOW,APPROVE,0
0.005903098221476126,LOW,APPROVE,0
0.3536281166947577,MEDIUM,REVIEW,0
0.6558915612936926,HIGH,BLOCK,1
0.05111698894278986,LOW,APPROVE,0
0.0015315412613882598,LOW,APPROVE,0
0.04863832851888928,LOW,APPROVE,0
0.011739634438372617,LOW,APPROVE,0
0.0028449885601168796,LOW,APPROVE,0
0.08396175789966182,LOW,APPROVE,0
0.009596403445085274,LOW,APPROVE,0
0.00194903436299753,LOW,APPROVE,0
0.011738676916146096,LOW,APPROVE,0
0.00423382026299698,LOW,APPROVE,0
0.05304815570953688,LOW,APPROVE,0
0.007113506757402976,LOW,APPROVE,0
0.00218919567151181,LOW,APPROVE,0
0.0017303746781588227,LOW,APPROVE,0
0.043759384892393324,LOW,APPROVE,0
0.0018351647968984362,LOW,APPROVE,0
0.014104294835235912,LOW,APPROVE,0
0.01588035819777176,LOW,APPROVE,0
0.284889373718907,MEDIUM,REVIEW,0
0.010852703269800142,LOW,APPROVE,0
0.001642564785153307,LOW,APPROVE,0
0.0061358150676282105,LOW,APPROVE,0
0.01592118588028833,LOW,APPROVE,0
0.010017666787324015,LOW,APPROVE,0
0.004000365450385011,LOW,APPROVE,0
0.04197872881042666,LOW,APPROVE,0
0.0035352462704582887,LOW,APPROVE,0
0.0046897623659719915,LOW,APPROVE,0
0.009285302625459697,LOW,APPROVE,0
0.005369909597991996,LOW,APPROVE,0
0.026801779074336448,LOW,APPROVE,0
0.0023855195606650214,LOW,APPROVE,0
0.0034173955647275114,LOW,APPROVE,0
0.00580522649438618,LOW,APPROVE,0
0.0018858481669113659,LOW,APPROVE,0
0.015997831718889032,LOW,APPROVE,0
0.011265670426624158,LOW,APPROVE,0
0.01177889147007537,LOW,APPROVE,0
0.05334756705290736,LOW,APPROVE,0
0.011153061606080391,LOW,APPROVE,0
0.001941513368798137,LOW,APPROVE,0
0.003054917723318783,LOW,APPROVE,0
0.011322240427135673,LOW,APPROVE,0
0.004375896345859903,LOW,APPROVE,0
0.0031638273288806694,LOW,APPROVE,0
0.004892534172845132,LOW,APPROVE,0
0.004892534172845132,LOW,APPROVE,0
0.05841307678738169,LOW,APPROVE,0
0.05841307678738169,LOW,APPROVE,0
0.03955220595392611,LOW,APPROVE,0
0.01746720822668359,LOW,APPROVE,0
0.0013709395841851489,LOW,APPROVE,0
0.07655571316206322,LOW,APPROVE,0
0.0075666463342081705,LOW,APPROVE,0
0.005568476704894788,LOW,APPROVE,0
0.0035857150640117197,LOW,APPROVE,0
0.024166860498899274,LOW,APPROVE,0
0.13752003541836935,MEDIUM,REVIEW,0
0.03592900095863137,LOW,APPROVE,0
0.010344507789850802,LOW,APPROVE,0
0.025231228058805424,LOW,APPROVE,0
0.02794618409767246,LOW,APPROVE,0
0.0020122967660307634,LOW,APPROVE,0
0.12134383962660314,MEDIUM,REVIEW,0
0.10849305423765639,MEDIUM,REVIEW,0
0.0050549812789140915,LOW,APPROVE,0
0.06805635798109322,LOW,APPROVE,0
0.004057399936071522,LOW,APPROVE,0
0.01791544026166773,LOW,APPROVE,0
0.15214285890742807,MEDIUM,REVIEW,0
0.004361082631428012,LOW,APPROVE,0
0.03032113251244403,LOW,APPROVE,0
0.0014136031318723271,LOW,APPROVE,0
0.0061487319854254385,LOW,APPROVE,0
0.043709306966507676,LOW,APPROVE,0
0.0018480386761247543,LOW,APPROVE,0
0.004057399936071522,LOW,APPROVE,0
0.0450641999914419,LOW,APPROVE,0
0.006559120507663741,LOW,APPROVE,0
0.0023532943011795025,LOW,APPROVE,0
0.14570103107551105,MEDIUM,REVIEW,0
0.006952532735794015,LOW,APPROVE,0
0.05257865453450979,LOW,APPROVE,0
0.009991229755989628,LOW,APPROVE,0
0.0017912830762597098,LOW,APPROVE,0
0.02368772867758523,LOW,APPROVE,0
0.003716031882741752,LOW,APPROVE,0
0.013524532343571457,LOW,APPROVE,0
0.008356240723213707,LOW,APPROVE,0
0.00224340740738168,LOW,APPROVE,0
0.009057504974044535,LOW,APPROVE,0
0.0740171872875541,LOW,APPROVE,0
0.004622815438016221,LOW,APPROVE,0
0.01702602899640957,LOW,APPROVE,0
0.008761196292281009,LOW,APPROVE,0
0.07751330730700164,LOW,APPROVE,1
0.007042140228170845,LOW,APPROVE,0
0.013020013578129834,LOW,APPROVE,0
0.0009413305870078853,LOW,APPROVE,0
0.010033087678782643,LOW,APPROVE,0
0.010941048281267426,LOW,APPROVE,0
0.6072191276474622,HIGH,BLOCK,1
0.010324514326187128,LOW,APPROVE,0
0.01159882770569088,LOW,APPROVE,0
0.00935001014232645,LOW,APPROVE,0
0.0029635184406810572,LOW,APPROVE,0
0.0031587755986160967,LOW,APPROVE,0
0.004158493448123377,LOW,APPROVE,0
0.005392252444032179,LOW,APPROVE,0
0.008992366049157785,LOW,APPROVE,0
0.005270589489084493,LOW,APPROVE,0
0.04051903530791272,LOW,APPROVE,0
0.00573069723325012,LOW,APPROVE,0
0.0063082716977467986,LOW,APPROVE,0
0.0063082716977467986,LOW,APPROVE,0
0.8241407721971579,HIGH,BLOCK,1
0.008970879716167529,LOW,APPROVE,0
0.007251752123316442,LOW,APPROVE,0
0.012819908879579279,LOW,APPROVE,0
0.0025510862088289924,LOW,APPROVE,0
0.0020449904841668954,LOW,APPROVE,0
0.012674163728908928,LOW,APPROVE,0
0.02100023996354192,LOW,APPROVE,0
0.008501702085145179,LOW,APPROVE,0
0.005751486255755064,LOW,APPROVE,0
0.022087027922829194,LOW,APPROVE,0
0.002932040521156849,LOW,APPROVE,0
0.005755075742534619,LOW,APPROVE,0
0.0017416759112601021,LOW,APPROVE,0
0.002932040521156849,LOW,APPROVE,0
0.04577758150501622,LOW,APPROVE,0
0.04895195936187133,LOW,APPROVE,0
0.010771895384300267,LOW,APPROVE,0
0.011625880910994098,LOW,APPROVE,0
0.010918806194785309,LOW,APPROVE,0
0.015442190025140435,LOW,APPROVE,0
0.007262517649242058,LOW,APPROVE,0
0.0011943743853623824,LOW,APPROVE,0
0.005088184755442397,LOW,APPROVE,0
0.008271317007887479,LOW,APPROVE,0
0.003825700589830583,LOW,APPROVE,0
0.002132735265417422,LOW,APPROVE,0
0.007682814857752421,LOW,APPROVE,0
0.014030376541381328,LOW,APPROVE,0
0.0070226279064661105,LOW,APPROVE,0
0.0038573320358255008,LOW,APPROVE,0
0.027247539299525073,LOW,APPROVE,0
0.0012406048204714418,LOW,APPROVE,0
0.004370948706110415,LOW,APPROVE,0
0.011267022911171817,LOW,APPROVE,0
0.004079028698570739,LOW,APPROVE,0
0.002040371675009028,LOW,APPROVE,0
0.0019550931437745203,LOW,APPROVE,0
0.002521579527036824,LOW,APPROVE,0
0.005860200731443614,LOW,APPROVE,0
0.006555227479974902,LOW,APPROVE,0
0.0044636371179566465,LOW,APPROVE,0
0.0036297932870792914,LOW,APPROVE,0
0.000933550137875259,LOW,APPROVE,0
0.00465746039413555,LOW,APPROVE,0
0.000933550137875259,LOW,APPROVE,0
0.004543356728774157,LOW,APPROVE,0
0.000933550137875259,LOW,APPROVE,0
0.005921429533253829,LOW,APPROVE,0
0.003166700636007164,LOW,APPROVE,0
0.005450948265187667,LOW,APPROVE,0
0.0036590225794548683,LOW,APPROVE,0
0.0022640288049025174,LOW,APPROVE,0
0.0056990765307913934,LOW,APPROVE,0
0.012282118961374907,LOW,APPROVE,0
0.003678650437242854,LOW,APPROVE,0
0.004443493326723837,LOW,APPROVE,0
0.0056990765307913934,LOW,APPROVE,0
0.003198055420006407,LOW,APPROVE,0
0.018613312746792197,LOW,APPROVE,0
0.00390631517614289,LOW,APPROVE,0
0.002373219463974384,LOW,APPROVE,0
0.002003801147461395,LOW,APPROVE,0
0.0034892605650477105,LOW,APPROVE,0
0.017580372209532565,LOW,APPROVE,0
0.001965705985151378,LOW,APPROVE,0
0.0040547950508565325,LOW,APPROVE,0
0.0008109984940099409,LOW,APPROVE,0
0.05791955960666064,LOW,APPROVE,0
0.011068242569988014,LOW,APPROVE,0
0.009813679725142714,LOW,APPROVE,0
0.017580372209532565,LOW,APPROVE,0
0.007066917029291675,LOW,APPROVE,0
0.003348363054056671,LOW,APPROVE,0
0.012145876714579593,LOW,APPROVE,0
0.12345089209243541,MEDIUM,REVIEW,0
0.05060284653249608,LOW,APPROVE,0
0.12345089209243541,MEDIUM,REVIEW,0
0.0018307736636979388,LOW,APPROVE,0
0.009432505311095279,LOW,APPROVE,0
0.009727174736970714,LOW,APPROVE,0
0.0016215551581357781,LOW,APPROVE,0
0.001226242652895701,LOW,APPROVE,0
0.005119021880964226,LOW,APPROVE,0
0.011689533709238704,LOW,APPROVE,0
0.011689533709238704,LOW,APPROVE,0
0.03485509247555215,LOW,APPROVE,0
0.011689533709238704,LOW,APPROVE,0
0.011689533709238704,LOW,APPROVE,0
0.0018387294937357646,LOW,APPROVE,0
0.010925597996740154,LOW,APPROVE,0
0.003770155282701032,LOW,APPROVE,0
0.005013638613753462,LOW,APPROVE,0
0.008222029792251001,LOW,APPROVE,0
0.0074667747859523004,LOW,APPROVE,0
0.0032628219157001363,LOW,APPROVE,0
0.00033425595744812853,LOW,APPROVE,0
0.00033425595744812853,LOW,APPROVE,0
0.00033425595744812853,LOW,APPROVE,0
0.00033425595744812853,LOW,APPROVE,0
0.005680384526478143,LOW,APPROVE,0
0.00540464572444282,LOW,APPROVE,0
0.008433264179141345,LOW,APPROVE,0
0.0069566310737288585,LOW,APPROVE,0
0.01823842556338249,LOW,APPROVE,0
0.0048523562122434185,LOW,APPROVE,0
0.0161061042145125,LOW,APPROVE,0
0.00033425595744812853,LOW,APPROVE,0
0.003272658802979751,LOW,APPROVE,0
0.0026808490662804593,LOW,APPROVE,0
0.0039225187248471535,LOW,APPROVE,0
0.004195783231312022,LOW,APPROVE,0
0.5972630248023578,HIGH,BLOCK,1
0.007155863686121812,LOW,APPROVE,0
0.00638773736090162,LOW,APPROVE,0
0.007968492132454309,LOW,APPROVE,0
0.010746677132288569,LOW,APPROVE,0
0.004576049165500524,LOW,APPROVE,0
0.0027818910751035786,LOW,APPROVE,0
0.004780879869227216,LOW,APPROVE,0
0.0031444484423768255,LOW,APPROVE,0
0.0015391640399241248,LOW,APPROVE,0
0.00419044412988216,LOW,APPROVE,0
0.0015169728116232336,LOW,APPROVE,0
0.06085396652465615,LOW,APPROVE,0
0.014286043624285412,LOW,APPROVE,0
0.0024667909262816356,LOW,APPROVE,0
0.028661931805318334,LOW,APPROVE,0
0.009427240601448651,LOW,APPROVE,0
0.014286043624285412,LOW,APPROVE,0
0.0058571843400399325,LOW,APPROVE,0
0.001326706417623215,LOW,APPROVE,0
0.01580973740885112,LOW,APPROVE,0
0.003079049862669296,LOW,APPROVE,0
0.023529886297184145,LOW,APPROVE,0
0.0034187091474064016,LOW,APPROVE,0
0.06684425322506019,LOW,APPROVE,0
0.0013134307365749464,LOW,APPROVE,0
0.0027833045201987303,LOW,APPROVE,0
0.08034306038070281,LOW,APPROVE,0
0.008325950396535506,LOW,APPROVE,0
0.031234709800467744,LOW,APPROVE,0
0.005316281278151023,LOW,APPROVE,0
0.004477014852158301,LOW,APPROVE,0
0.00347978190522616,LOW,APPROVE,0
0.004547806444114916,LOW,APPROVE,0
0.004295111165431726,LOW,APPROVE,0
0.00483549428018643,LOW,APPROVE,0
0.00044003899726013213,LOW,APPROVE,0
0.0035756492727526297,LOW,APPROVE,0
0.007799675777376634,LOW,APPROVE,0
0.015670079606163168,LOW,APPROVE,0
0.007771111539258822,LOW,APPROVE,0
0.005531683418339363,LOW,APPROVE,0
0.019430608088531025,LOW,APPROVE,0
0.0029663062248804417,LOW,APPROVE,0
0.004982442572032075,LOW,APPROVE,0
0.00207704223377713,LOW,APPROVE,0
0.030045513203662028,LOW,APPROVE,0
0.005730058037504435,LOW,APPROVE,0
0.001902481900651466,LOW,APPROVE,0
0.006188713930147893,LOW,APPROVE,0
0.07931563198219471,LOW,APPROVE,0
0.01892607817709426,LOW,APPROVE,0
0.005730058037504435,LOW,APPROVE,0
0.008019830410305382,LOW,APPROVE,0
0.007946072602652005,LOW,APPROVE,0
0.013756973828855356,LOW,APPROVE,0
0.004416276948292034,LOW,APPROVE,0
0.0112168172992125,LOW,APPROVE,0
0.003815473172780147,LOW,APPROVE,0
0.016986240428708006,LOW,APPROVE,0
0.0015797369279964162,LOW,APPROVE,0
0.005216911069179869,LOW,APPROVE,0
0.016602462177388155,LOW,APPROVE,0
0.0033200475062268643,LOW,APPROVE,0
0.024749481533257636,LOW,APPROVE,0
0.0031746330845475747,LOW,APPROVE,0
0.011066193533427627,LOW,APPROVE,0
0.003714070114214116,LOW,APPROVE,0
0.00872893391319635,LOW,APPROVE,0
0.0021907325148710914,LOW,APPROVE,0
0.009466212217396046,LOW,APPROVE,0
0.004957050131279175,LOW,APPROVE,0
0.002866274627089809,LOW,APPROVE,0
0.0733545928097549,LOW,APPROVE,0
0.0033546324530801495,LOW,APPROVE,0
0.02204621654959504,LOW,APPROVE,0
0.005287534812051623,LOW,APPROVE,0
0.010063773912630497,LOW,APPROVE,0
0.011461374878378628,LOW,APPROVE,0
0.0033058235626500596,LOW,APPROVE,0
0.0020833718450836407,LOW,APPROVE,0
0.005730058037504435,LOW,APPROVE,0
0.0021188269802459654,LOW,APPROVE,0
0.008507770136617465,LOW,APPROVE,0
0.0022122755701688614,LOW,APPROVE,0
0.002071477651568176,LOW,APPROVE,0
0.0062173375793201716,LOW,APPROVE,0
0.0063443668059249905,LOW,APPROVE,0
0.002433571029931464,LOW,APPROVE,0
0.003411746090906613,LOW,APPROVE,0
0.004077330266824326,LOW,APPROVE,0
0.00034820077498906387,LOW,APPROVE,0
0.004280219899527119,LOW,APPROVE,0
0.06628256349023194,LOW,APPROVE,0
0.005080215275219803,LOW,APPROVE,0
0.005380762259109271,LOW,APPROVE,0
0.001909095159394377,LOW,APPROVE,0
0.004280219899527119,LOW,APPROVE,0
0.16426023492533823,MEDIUM,REVIEW,0
0.01524930988172306,LOW,APPROVE,0
0.0038181696136969554,LOW,APPROVE,0
0.002128044646489719,LOW,APPROVE,0
0.007830999502158336,LOW,APPROVE,0
0.012459849029423787,LOW,APPROVE,0
0.0025108617995105815,LOW,APPROVE,0
0.0033942714692558715,LOW,APPROVE,0
0.007720658882224875,LOW,APPROVE,0
0.00956763072866817,LOW,APPROVE,0
0.0181341877516676,LOW,APPROVE,0
0.0010997515144828172,LOW,APPROVE,0
0.00196025146464977,LOW,APPROVE,0
0.009798347975915523,LOW,APPROVE,0
0.02692386516309412,LOW,APPROVE,0
0.002505473667440564,LOW,APPROVE,0
0.003274873290955121,LOW,APPROVE,0
0.002514864681735682,LOW,APPROVE,0
0.005371582077509621,LOW,APPROVE,0
0.003427362174847821,LOW,APPROVE,0
0.0007719263262158599,LOW,APPROVE,0
0.010904200324490267,LOW,APPROVE,0
0.006352413794515963,LOW,APPROVE,0
0.00032273801230508906,LOW,APPROVE,0
0.048694835367488226,LOW,APPROVE,0
0.002253292584891399,LOW,APPROVE,0
0.01705933235006014,LOW,APPROVE,0
0.003917805922196903,LOW,APPROVE,0
0.01163179996481707,LOW,APPROVE,0
0.008604323320760946,LOW,APPROVE,0
0.02105031900007777,LOW,APPROVE,0
0.013758165302594645,LOW,APPROVE,0
0.004307921742755308,LOW,APPROVE,1
0.0037079394506424534,LOW,APPROVE,0
0.0018181341392685666,LOW,APPROVE,0
0.0028887119986109864,LOW,APPROVE,0
0.0021329320014584537,LOW,APPROVE,0
0.010171174690729269,LOW,APPROVE,0
0.02121498639833908,LOW,APPROVE,0
0.004921466869197536,LOW,APPROVE,0
0.02698787898207619,LOW,APPROVE,0
0.019766396152856743,LOW,APPROVE,0
0.0016905261274899053,LOW,APPROVE,0
0.003283231691554144,LOW,APPROVE,0
0.0050446066641636,LOW,APPROVE,0
0.0010528649419421728,LOW,APPROVE,0
0.005967661873810624,LOW,APPROVE,0
0.002718511413829664,LOW,APPROVE,0
0.004156789916351882,LOW,APPROVE,0
0.004252574220818484,LOW,APPROVE,0
0.0012339894933275602,LOW,APPROVE,0
0.0038005915630807195,LOW,APPROVE,0
0.0021835631948667555,LOW,APPROVE,0
0.5693029880116686,HIGH,BLOCK,1
0.0038305127523871655,LOW,APPROVE,0
0.001845647427626379,LOW,APPROVE,0
0.0038374250086868917,LOW,APPROVE,0
0.00577853292300582,LOW,APPROVE,0
0.011487484551441374,LOW,APPROVE,0
0.004135282079955026,LOW,APPROVE,0
0.00040490852956994654,LOW,APPROVE,0
0.0028844169193130063,LOW,APPROVE,0
0.0013352625865156586,LOW,APPROVE,0
0.005780506758406613,LOW,APPROVE,0
0.020261321818648065,LOW,APPROVE,0
0.0033713364819389683,LOW,APPROVE,0
0.002149694771673652,LOW,APPROVE,0
0.007198559425996665,LOW,APPROVE,0
0.004065204064431783,LOW,APPROVE,0
0.0011165754866276217,LOW,APPROVE,0
0.009102915346392314,LOW,APPROVE,0
0.002248454348009347,LOW,APPROVE,0
0.01429383533489551,LOW,APPROVE,1
0.015979654826867765,LOW,APPROVE,0
0.004379200314624862,LOW,APPROVE,0
0.0029112143060147674,LOW,APPROVE,0
0.007016574609317674,LOW,APPROVE,0
0.004735107548601172,LOW,APPROVE,0
0.02516528585098583,LOW,APPROVE,0
0.0037246405778809887,LOW,APPROVE,0
0.0032807434380745333,LOW,APPROVE,0
0.00264583474650968,LOW,APPROVE,0
0.0026109285786285,LOW,APPROVE,0
0.00167171546220683,LOW,APPROVE,0
0.0026034146846047055,LOW,APPROVE,0
0.00167171546220683,LOW,APPROVE,0
0.012105291984796198,LOW,APPROVE,0
0.0038882726048273942,LOW,APPROVE,0
0.005869629513793442,LOW,APPROVE,0
0.008988313990610267,LOW,APPROVE,0
0.006056927697651534,LOW,APPROVE,0
0.005869629513793442,LOW,APPROVE,0
0.003322925433685451,LOW,APPROVE,0
0.037984281320966796,LOW,APPROVE,0
0.012833857431439,LOW,APPROVE,0
0.01180785654547971,LOW,APPROVE,0
0.0029181450615380095,LOW,APPROVE,0
0.00657929141043013,LOW,APPROVE,0
0.006267686978739054,LOW,APPROVE,0
0.3087194131634751,MEDIUM,REVIEW,1
0.00834670826261124,LOW,APPROVE,0
0.0021345113134177687,LOW,APPROVE,0
0.0031179577279775725,LOW,APPROVE,0
0.0029984805959049517,LOW,APPROVE,0
0.014081632193654315,LOW,APPROVE,0
0.0065893155279770155,LOW,APPROVE,0
0.012782581968676257,LOW,APPROVE,0
0.03598679597436754,LOW,APPROVE,0
0.0021345113134177687,LOW,APPROVE,0
0.0258699505933998,LOW,APPROVE,0
0.006923828671509339,LOW,APPROVE,0
0.00167171546220683,LOW,APPROVE,0
0.018260914414639073,LOW,APPROVE,0
0.01429383533489551,LOW,APPROVE,1
0.004465346303286866,LOW,APPROVE,0
0.0018372298085497993,LOW,APPROVE,0
0.0258699505933998,LOW,APPROVE,0
0.00238804279047014,LOW,APPROVE,0
0.002269054037788927,LOW,APPROVE,0
0.0013089010935934927,LOW,APPROVE,0
0.003501118724602298,LOW,APPROVE,0
0.006608754074507188,LOW,APPROVE,0
0.0024536947317468755,LOW,APPROVE,0
0.022048223825179104,LOW,APPROVE,0
0.0258699505933998,LOW,APPROVE,0
0.003301529772552574,LOW,APPROVE,0
0.0021804200204731225,LOW,APPROVE,0
0.020780756428418964,LOW,APPROVE,0
0.003145147704952207,LOW,APPROVE,0
0.02712087782931015,LOW,APPROVE,0
0.005261236647131617,LOW,APPROVE,0
0.025253115988747975,LOW,APPROVE,0
0.000736847534924019,LOW,APPROVE,0
0.0012936478482376214,LOW,APPROVE,0
0.03701828530938241,LOW,APPROVE,0
0.0016353928340315522,LOW,APPROVE,0
0.02130286106343987,LOW,APPROVE,0
0.0020060571097345365,LOW,APPROVE,0
0.0023884617672535993,LOW,APPROVE,0
0.006045557153333244,LOW,APPROVE,0
0.006006286235806867,LOW,APPROVE,0
0.0584198663987192,LOW,APPROVE,0
0.009595491028487743,LOW,APPROVE,0
0.011950542607290128,LOW,APPROVE,0
0.01690657221578448,LOW,APPROVE,0
0.007278562987152989,LOW,APPROVE,0
0.0016026627046997668,LOW,APPROVE,0
0.013191255913431088,LOW,APPROVE,0
0.009751409560335296,LOW,APPROVE,0
0.0027557407284833817,LOW,APPROVE,0
0.01784588831392125,LOW,APPROVE,0
0.052608237236320216,LOW,APPROVE,0
0.00167171546220683,LOW,APPROVE,0
0.017328684391214263,LOW,APPROVE,0
0.002960461642967483,LOW,APPROVE,0
0.00558727441981521,LOW,APPROVE,0
0.0023218864433450456,LOW,APPROVE,0
0.003687974238143308,LOW,APPROVE,0
0.0020600455733683683,LOW,APPROVE,0
0.010247081589485943,LOW,APPROVE,0
0.000909877347373755,LOW,APPROVE,0
0.02308054376748204,LOW,APPROVE,0
0.008438592943570895,LOW,APPROVE,0
0.018072000367409562,LOW,APPROVE,0
0.007849344590861614,LOW,APPROVE,0
0.09739237073669804,LOW,APPROVE,0
0.006225267875565533,LOW,APPROVE,0
0.003692214348789398,LOW,APPROVE,0
0.0034698573108763067,LOW,APPROVE,0
0.003953146522624838,LOW,APPROVE,0
0.0746867118066716,LOW,APPROVE,0
0.003692214348789398,LOW,APPROVE,0
0.011750370117564995,LOW,APPROVE,0
0.0039126648947263925,LOW,APPROVE,0
0.015067987938635058,LOW,APPROVE,0
0.0018349762729932878,LOW,APPROVE,0
0.01214419044904659,LOW,APPROVE,0
0.007670718708215098,LOW,APPROVE,0
0.0023556197353735197,LOW,APPROVE,0
0.011332062072731866,LOW,APPROVE,0
0.005834768950285072,LOW,APPROVE,0
0.0038698179044454662,LOW,APPROVE,0
0.0024577267722276815,LOW,APPROVE,0
0.0043614014751357415,LOW,APPROVE,0
0.007830999502158336,LOW,APPROVE,0
0.0023556197353735197,LOW,APPROVE,0
0.003718030438821475,LOW,APPROVE,0
0.004331780725497316,LOW,APPROVE,0
0.00286720484139725,LOW,APPROVE,0
0.0015141440938349609,LOW,APPROVE,0
0.0192563662437051,LOW,APPROVE,0
0.003135976357649171,LOW,APPROVE,0
0.007401482513320724,LOW,APPROVE,0
0.004620426662293298,LOW,APPROVE,0
0.04589418333739561,LOW,APPROVE,0
0.039700597336929384,LOW,APPROVE,0
0.02001421716910916,LOW,APPROVE,0
0.007715739558502843,LOW,APPROVE,0
0.014011784401911578,LOW,APPROVE,0
0.00562669029492618,LOW,APPROVE,0
0.004434106147395736,LOW,APPROVE,0
0.033506017691887095,LOW,APPROVE,0
0.004274139871379578,LOW,APPROVE,0
0.004446540636209083,LOW,APPROVE,0
0.007267969521647199,LOW,APPROVE,0
0.009860247469536836,LOW,APPROVE,0
0.0016661735777362527,LOW,APPROVE,0
0.008154240112684782,LOW,APPROVE,0
0.004161350447486522,LOW,APPROVE,0
0.015067987938635058,LOW,APPROVE,0
0.005593333682962162,LOW,APPROVE,0
0.0035018403971028025,LOW,APPROVE,0
0.0008682624027900008,LOW,APPROVE,0
0.029793126833128968,LOW,APPROVE,0
0.008644207396284824,LOW,APPROVE,0
0.03964196134321954,LOW,APPROVE,0
0.006442108814304191,LOW,APPROVE,0
0.0026471424748696418,LOW,APPROVE,0
0.0033474309829123034,LOW,APPROVE,0
0.009203413824346753,LOW,APPROVE,0
0.0012731106823386227,LOW,APPROVE,0
0.003756714722215652,LOW,APPROVE,0
0.00042095413068350646,LOW,APPROVE,0
0.003755145457843545,LOW,APPROVE,0
0.003814288469029362,LOW,APPROVE,0
0.0008471837474327274,LOW,APPROVE,0
0.006875639744843778,LOW,APPROVE,0
0.0021082573587927473,LOW,APPROVE,0
0.0032802169241625953,LOW,APPROVE,0
0.04816612918065745,LOW,APPROVE,0
0.006345293627645383,LOW,APPROVE,0
0.00617301354563424,LOW,APPROVE,0
0.0016462380667179137,LOW,APPROVE,0
0.006624304846981487,LOW,APPROVE,0
0.00726627505252309,LOW,APPROVE,0
0.004847708404553989,LOW,APPROVE,0
0.01950601719814459,LOW,APPROVE,0
0.012021399058531923,LOW,APPROVE,0
0.0060643091742968525,LOW,APPROVE,0
0.0031529013989414646,LOW,APPROVE,0
0.0011985111523880724,LOW,APPROVE,0
0.004488692150847847,LOW,APPROVE,0
0.04400991925634065,LOW,APPROVE,0
0.002163157339185601,LOW,APPROVE,0
0.0017239415883329218,LOW,APPROVE,0
0.0035971175432505695,LOW,APPROVE,0
0.0016241182506702566,LOW,APPROVE,0
0.00035840362899329503,LOW,APPROVE,0
0.004167363392536835,LOW,APPROVE,0
0.0035971175432505695,LOW,APPROVE,0
0.0025419916036614836,LOW,APPROVE,0
0.011613670003287712,LOW,APPROVE,0
0.001428432331054419,LOW,APPROVE,0
0.001611274555027475,LOW,APPROVE,0
0.011637373045272287,LOW,APPROVE,0
0.007647445204456449,LOW,APPROVE,0
0.0024843961449268113,LOW,APPROVE,0
0.01064972952247039,LOW,APPROVE,0
0.0021852079882093063,LOW,APPROVE,0
0.0015297022439487156,LOW,APPROVE,0
0.007830999502158336,LOW,APPROVE,0
0.0034670296374596466,LOW,APPROVE,0
0.0003717844738669748,LOW,APPROVE,0
0.002290070639762417,LOW,APPROVE,0
0.013492906036660118,LOW,APPROVE,0
0.017322197079027057,LOW,APPROVE,0
0.004718873467901351,LOW,APPROVE,0
0.0025167948192810694,LOW,APPROVE,0
0.004016401998167178,LOW,APPROVE,0
0.004235866497886565,LOW,APPROVE,0
0.053710706481036874,LOW,APPROVE,0
0.002797517941154385,LOW,APPROVE,0
0.012372714471423693,LOW,APPROVE,0
0.0049928446054176715,LOW,APPROVE,0
0.0037245993029652756,LOW,APPROVE,0
0.03784307419949995,LOW,APPROVE,0
0.0030185510277608973,LOW,APPROVE,0
0.0019273873139250314,LOW,APPROVE,0
0.002355137302787072,LOW,APPROVE,0
0.01592418761503732,LOW,APPROVE,0
0.001989921536347399,LOW,APPROVE,0
0.0019119650136049035,LOW,APPROVE,0
0.0030424166763116456,LOW,APPROVE,0
0.004169138312411961,LOW,APPROVE,0
0.008791568562256692,LOW,APPROVE,0
0.002638476899232637,LOW,APPROVE,0
0.015067987938635058,LOW,APPROVE,0
0.0020974861655975387,LOW,APPROVE,0
0.0032880558518778623,LOW,APPROVE,0
0.0022047830201289815,LOW,APPROVE,0
0.011185513762870214,LOW,APPROVE,0
0.0017282840977288026,LOW,APPROVE,0
0.023106538967807812,LOW,APPROVE,0
0.0055870888430690135,LOW,APPROVE,0
0.004336301648854634,LOW,APPROVE,0
0.003187315350041159,LOW,APPROVE,0
0.0025878798317149117,LOW,APPROVE,0
0.011424954628768523,LOW,APPROVE,0
0.0017658359443961456,LOW,APPROVE,0
0.007832735278066836,LOW,APPROVE,0
0.040666538907850526,LOW,APPROVE,0
0.001989921536347399,LOW,APPROVE,0
0.0023139985798754075,LOW,APPROVE,0
0.0059781232002378325,LOW,APPROVE,0
0.002601916204666134,LOW,APPROVE,0
0.010228213940340992,LOW,APPROVE,0
0.0042338439330888685,LOW,APPROVE,0
0.00177823870044993,LOW,APPROVE,0
0.01895684495727079,LOW,APPROVE,0
0.0005688679722332928,LOW,APPROVE,0
0.007589783954770398,LOW,APPROVE,0
0.002052966733236007,LOW,APPROVE,0
0.0028078219147450283,LOW,APPROVE,0
0.0009681207574049888,LOW,APPROVE,0
0.003246974498269823,LOW,APPROVE,0
0.011120150598663734,LOW,APPROVE,0
0.003547490470079507,LOW,APPROVE,0
0.0018884524114697492,LOW,APPROVE,0
0.0019039928601443103,LOW,APPROVE,0
0.00328037096664569,LOW,APPROVE,0
0.002373092835839887,LOW,APPROVE,0
0.0006346627519724456,LOW,APPROVE,0
0.0018672878369345746,LOW,APPROVE,0
0.0017775531624014428,LOW,APPROVE,0
0.019125615933935945,LOW,APPROVE,0
0.0013308675183198839,LOW,APPROVE,0
0.007213980699298908,LOW,APPROVE,0
0.00361286440484315,LOW,APPROVE,0
0.009350260076908992,LOW,APPROVE,0
0.04029425950944413,LOW,APPROVE,0
0.00036528109103544027,LOW,APPROVE,0
0.08638079608008005,LOW,APPROVE,0
0.020483646771687666,LOW,APPROVE,0
0.0038718929176064427,LOW,APPROVE,0
0.0016150352434224872,LOW,APPROVE,0
0.006112383613639652,LOW,APPROVE,0
0.018819855723021132,LOW,APPROVE,0
0.012935745397705055,LOW,APPROVE,0
0.0009590282427746808,LOW,APPROVE,0
0.0036751245395265056,LOW,APPROVE,0
0.007405271864826567,LOW,APPROVE,0
0.005910673187988631,LOW,APPROVE,0
0.003442620762104309,LOW,APPROVE,0
0.002234376580516782,LOW,APPROVE,0
0.005739174011953334,LOW,APPROVE,0
0.003009110068601559,LOW,APPROVE,0
0.0035142402669328296,LOW,APPROVE,0
0.03832310989232075,LOW,APPROVE,0
0.005386243335936791,LOW,APPROVE,0
0.011692558737679125,LOW,APPROVE,0
0.0315383648161247,LOW,APPROVE,0
0.06518871989052447,LOW,APPROVE,0
0.005804989624482217,LOW,APPROVE,0
0.009605413632675204,LOW,APPROVE,0
0.004910043815673198,LOW,APPROVE,0
0.01480686079948672,LOW,APPROVE,0
0.0032282032521922955,LOW,APPROVE,0
0.135869920942387,MEDIUM,REVIEW,0
0.02045299746924519,LOW,APPROVE,1
0.008760129713935338,LOW,APPROVE,0
0.002632351088156274,LOW,APPROVE,0
0.0031608752955347647,LOW,APPROVE,0
0.004733760665021017,LOW,APPROVE,0
0.006767497521914492,LOW,APPROVE,0
0.003877383798962181,LOW,APPROVE,0
0.0029846920698894117,LOW,APPROVE,0
0.002583314850094597,LOW,APPROVE,0
0.597233130576311,HIGH,BLOCK,1
0.0038370539918930555,LOW,APPROVE,0
0.013715247621803999,LOW,APPROVE,0
0.004524341365119079,LOW,APPROVE,0
0.012459849029423787,LOW,APPROVE,0
0.006562805109657654,LOW,APPROVE,0
0.004503528267503499,LOW,APPROVE,0
0.0016454166166103873,LOW,APPROVE,0
0.010200925704581492,LOW,APPROVE,0
0.004238177792117144,LOW,APPROVE,0
0.030656915230667214,LOW,APPROVE,1
0.00493107225136417,LOW,APPROVE,0
0.013012174089361983,LOW,APPROVE,0
0.007300963553686158,LOW,APPROVE,0
0.003113224747554814,LOW,APPROVE,0
0.008641872194910822,LOW,APPROVE,0
0.00024299082660288732,LOW,APPROVE,0
0.002504728201513863,LOW,APPROVE,0
0.014341859130565297,LOW,APPROVE,0
0.0022167213044256588,LOW,APPROVE,0
0.003268765665434001,LOW,APPROVE,0
0.008841065988244834,LOW,APPROVE,0
0.019036463311512954,LOW,APPROVE,0
0.019036463311512954,LOW,APPROVE,0
0.0169169999484577,LOW,APPROVE,0
0.009172723526324707,LOW,APPROVE,0
0.015222901394757295,LOW,APPROVE,0
0.0014121482640520706,LOW,APPROVE,0
0.0169169999484577,LOW,APPROVE,0
0.008748640974175236,LOW,APPROVE,0
0.0032842480406440567,LOW,APPROVE,0
0.0037518371816159333,LOW,APPROVE,0
0.38386213325228236,MEDIUM,REVIEW,1
0.0036390196320916285,LOW,APPROVE,0
0.02751185866550708,LOW,APPROVE,0
0.004144508008420067,LOW,APPROVE,0
0.006616445493917722,LOW,APPROVE,0
0.003950867336154199,LOW,APPROVE,0
0.0169169999484577,LOW,APPROVE,0
0.0026785465170493816,LOW,APPROVE,0
0.1374570122220721,MEDIUM,REVIEW,1
0.005738555087697732,LOW,APPROVE,0
0.12279372366961692,MEDIUM,REVIEW,0
0.002863183264663564,LOW,APPROVE,0
0.005262165811586162,LOW,APPROVE,0
0.0045245272487093565,LOW,APPROVE,0
0.0022675063488540783,LOW,APPROVE,0
0.017545071384744065,LOW,APPROVE,0
0.15987484737776683,MEDIUM,REVIEW,1
0.010981445974480733,LOW,APPROVE,0
0.003300081112098232,LOW,APPROVE,0
0.28060606010856065,MEDIUM,REVIEW,1
0.15987484737776683,MEDIUM,REVIEW,1
0.00479464975474159,LOW,APPROVE,0
0.008841065988244834,LOW,APPROVE,0
0.0169169999484577,LOW,APPROVE,0
0.19102311090593427,MEDIUM,REVIEW,1
0.012786415735756241,LOW,APPROVE,0
0.015258562277574748,LOW,APPROVE,0
0.003139345882675581,LOW,APPROVE,0
0.0013114574618964213,LOW,APPROVE,0
0.017729927944507687,LOW,APPROVE,0
0.0038370539918930555,LOW,APPROVE,0
0.0010032672653712796,LOW,APPROVE,0
0.0015672113390438553,LOW,APPROVE,0
0.005473716961271076,LOW,APPROVE,0
0.007040012164935438,LOW,APPROVE,0
0.005168150852034779,LOW,APPROVE,0
0.003733173784754319,LOW,APPROVE,0
0.0030936570284116633,LOW,APPROVE,0
0.0042782186850594435,LOW,APPROVE,0
0.005351116241466654,LOW,APPROVE,0
0.0016350696321999402,LOW,APPROVE,0
0.02816950505540415,LOW,APPROVE,0
0.16227025074655152,MEDIUM,REVIEW,0
0.003177076867277273,LOW,APPROVE,0
0.010513558752277434,LOW,APPROVE,0
0.012874366495927441,LOW,APPROVE,0
0.0032081944297172676,LOW,APPROVE,0
0.5260895726804432,HIGH,BLOCK,1
0.011773994250398196,LOW,APPROVE,0
0.0055731908154718355,LOW,APPROVE,0
0.004090462446124642,LOW,APPROVE,0
0.013731615328476587,LOW,APPROVE,1
0.0055753094274813815,LOW,APPROVE,0
0.006025940428279855,LOW,APPROVE,0
0.006706292247009055,LOW,APPROVE,0
0.031679226081702594,LOW,APPROVE,0
0.008131825640509592,LOW,APPROVE,0
0.026948613905495928,LOW,APPROVE,0
0.0032036099823217726,LOW,APPROVE,0
0.006460330348268978,LOW,APPROVE,0
0.016697581128109908,LOW,APPROVE,0
0.018893040425080745,LOW,APPROVE,0
0.07588412358084312,LOW,APPROVE,0
0.007999886335258414,LOW,APPROVE,0
0.009302835658277633,LOW,APPROVE,0
0.0069150001677938415,LOW,APPROVE,0
0.0033791659816130035,LOW,APPROVE,0
0.004779071233316741,LOW,APPROVE,0
0.002454154369066508,LOW,APPROVE,0
0.00905911768901145,LOW,APPROVE,0
0.016930366438179512,LOW,APPROVE,0
0.0027433148864121266,LOW,APPROVE,0
0.001829006665959093,LOW,APPROVE,0
0.003866096006910641,LOW,APPROVE,0
0.012334854339662877,LOW,APPROVE,1
0.005160593682527941,LOW,APPROVE,0
0.005778918913722172,LOW,APPROVE,0
0.003482568029256668,LOW,APPROVE,0
0.043728807512899676,LOW,APPROVE,1
0.05191185117370488,LOW,APPROVE,0
0.31440122735355375,MEDIUM,REVIEW,0
0.00876888494063212,LOW,APPROVE,0
0.04035718467290884,LOW,APPROVE,0
0.0019034784330550973,LOW,APPROVE,0
0.02197898682793813,LOW,APPROVE,0
0.0036526228085628797,LOW,APPROVE,0
0.03265102517057827,LOW,APPROVE,1
0.0069484008434556165,LOW,APPROVE,0
0.010513558752277434,LOW,APPROVE,0
0.034924699889403964,LOW,APPROVE,0
0.004354736800799481,LOW,APPROVE,0
0.03587289366485362,LOW,APPROVE,0
0.002835614850403519,LOW,APPROVE,0
0.01648439735863323,LOW,APPROVE,0
0.001065327351270724,LOW,APPROVE,0
0.007673174611230439,LOW,APPROVE,0
0.00185433543672697,LOW,APPROVE,0
0.02787368668654296,LOW,APPROVE,1
0.0012068247607428181,LOW,APPROVE,0
0.0013240541735666696,LOW,APPROVE,0
0.020648761812843877,LOW,APPROVE,0
0.01648478062734672,LOW,APPROVE,0
0.006955393726250471,LOW,APPROVE,0
0.0029977123329708623,LOW,APPROVE,0
0.0012068247607428181,LOW,APPROVE,0
0.007786500778861916,LOW,APPROVE,0
0.0015374469556381262,LOW,APPROVE,0
0.001774013133056177,LOW,APPROVE,0
0.020680736240805027,LOW,APPROVE,0
0.004246457951579013,LOW,APPROVE,0
0.00797228803270631,LOW,APPROVE,0
0.0014467258267325917,LOW,APPROVE,0
0.00671362502128113,LOW,APPROVE,0
0.00258751114238014,LOW,APPROVE,0
0.04155131488785264,LOW,APPROVE,0
0.0025844168796449836,LOW,APPROVE,0
0.010373783222605586,LOW,APPROVE,0
0.012813281651381766,LOW,APPROVE,0
0.0002812853664424789,LOW,APPROVE,0
0.020680736240805027,LOW,APPROVE,0
0.0017040593267131183,LOW,APPROVE,0
0.015588910895396853,LOW,APPROVE,0
0.006538818342239561,LOW,APPROVE,0
0.0028598773544940823,LOW,APPROVE,0
0.007604903278020144,LOW,APPROVE,0
0.00225644038029539,LOW,APPROVE,0
0.004041420024968096,LOW,APPROVE,0
0.007483535156381583,LOW,APPROVE,0
0.005252418671412743,LOW,APPROVE,0
0.0011373009667990733,LOW,APPROVE,0
0.016295796895214886,LOW,APPROVE,0
0.005222376327303811,LOW,APPROVE,0
0.007483535156381583,LOW,APPROVE,0
0.03631122143472682,LOW,APPROVE,0
0.008941577730774038,LOW,APPROVE,0
0.0017415560821264784,LOW,APPROVE,0
0.012241284386398666,LOW,APPROVE,0
0.009608687197520827,LOW,APPROVE,0
0.002316371214700813,LOW,APPROVE,0
0.001532667111181949,LOW,APPROVE,0
0.0029161005135200165,LOW,APPROVE,0
0.0009994281724355367,LOW,APPROVE,0
0.0022098230903520285,LOW,APPROVE,0
0.009381564198999206,LOW,APPROVE,0
0.0017260348018750917,LOW,APPROVE,0
0.010468596312212072,LOW,APPROVE,0
0.013499446770907069,LOW,APPROVE,0
0.008502129348193131,LOW,APPROVE,0
0.0021800451234057624,LOW,APPROVE,0
0.002020808849049825,LOW,APPROVE,0
0.006224784634275724,LOW,APPROVE,0
0.0011410672836367707,LOW,APPROVE,0
0.0022965654866070316,LOW,APPROVE,0
0.21739336211738,MEDIUM,REVIEW,0
0.0022098230903520285,LOW,APPROVE,0
0.005063557947939275,LOW,APPROVE,0
0.007483535156381583,LOW,APPROVE,0
0.008052003071722495,LOW,APPROVE,0
0.00645628463399452,LOW,APPROVE,0
0.006095493399137694,LOW,APPROVE,0
0.01079928260271607,LOW,APPROVE,0
0.004281443437928863,LOW,APPROVE,0
0.00754613096108853,LOW,APPROVE,0
0.002624542131356152,LOW,APPROVE,0
0.014239367672298211,LOW,APPROVE,0
0.004339569260323647,LOW,APPROVE,0
0.0030033750503615933,LOW,APPROVE,0
0.0171137284332718,LOW,APPROVE,0
0.003945467711704066,LOW,APPROVE,0
0.009381564198999206,LOW,APPROVE,0
0.0013626418558081365,LOW,APPROVE,0
0.004694999435058449,LOW,APPROVE,0
0.004546882220844172,LOW,APPROVE,0
0.014334261794182448,LOW,APPROVE,0
0.011556133730081615,LOW,APPROVE,0
0.0015864129242853671,LOW,APPROVE,0
0.01079928260271607,LOW,APPROVE,0
0.004083769425746877,LOW,APPROVE,0
0.0037672071019205595,LOW,APPROVE,0
0.01079928260271607,LOW,APPROVE,0
0.005710730291736979,LOW,APPROVE,0
0.21528286776845595,MEDIUM,REVIEW,0
0.007483535156381583,LOW,APPROVE,0
0.004589515226959842,LOW,APPROVE,0
0.002990399407088607,LOW,APPROVE,0
0.015221215317652777,LOW,APPROVE,0
0.009166143189836492,LOW,APPROVE,0
0.0034787509631976424,LOW,APPROVE,0
0.002557905724596049,LOW,APPROVE,0
0.0045982820415929205,LOW,APPROVE,0
0.002434180779217837,LOW,APPROVE,0
0.002540683163992339,LOW,APPROVE,0
0.045419255365493114,LOW,APPROVE,0
0.002112194123835786,LOW,APPROVE,0
0.0025246588496896155,LOW,APPROVE,0
0.016270132451858654,LOW,APPROVE,0
0.00456401540321399,LOW,APPROVE,0
0.010832347666464856,LOW,APPROVE,0
0.00475891875185808,LOW,APPROVE,0
0.008052436036270318,LOW,APPROVE,0
0.0018860372282699701,LOW,APPROVE,0
0.002411709363437095,LOW,APPROVE,0
0.006314736958794757,LOW,APPROVE,0
0.0027279874858098735,LOW,APPROVE,0
0.014878519678893065,LOW,APPROVE,0
0.0013718291348574323,LOW,APPROVE,0
0.005477793758571672,LOW,APPROVE,0
0.01694922573580323,LOW,APPROVE,0
0.00124396970647104,LOW,APPROVE,0
0.005819657509459749,LOW,APPROVE,0
0.009920484662393045,LOW,APPROVE,0
0.008016299734138106,LOW,APPROVE,0
0.05638420030316382,LOW,APPROVE,0
0.0035350486008142285,LOW,APPROVE,0
0.003493890074827945,LOW,APPROVE,0
0.02218094275972885,LOW,APPROVE,0
0.012808859232424382,LOW,APPROVE,0
0.0005909489361763571,LOW,APPROVE,0
0.008891041614886542,LOW,APPROVE,0
0.0026822176599402077,LOW,APPROVE,0
0.00567902447292702,LOW,APPROVE,0
0.008469145420006107,LOW,APPROVE,0
0.00219325423383679,LOW,APPROVE,0
0.004921455093022558,LOW,APPROVE,0
0.009964683265776817,LOW,APPROVE,0
0.018741746906893755,LOW,APPROVE,0
0.00027889466521453717,LOW,APPROVE,0
0.007688242519843187,LOW,APPROVE,0
0.014765593920686078,LOW,APPROVE,0
0.03506815288709338,LOW,APPROVE,0
0.002250188790424373,LOW,APPROVE,0
0.0064518180928936335,LOW,APPROVE,0
0.002668739781999089,LOW,APPROVE,0
0.01235214835220564,LOW,APPROVE,0
0.0010854493672866417,LOW,APPROVE,0
0.019102054855468217,LOW,APPROVE,0
0.0014854710809729266,LOW,APPROVE,0
0.027762021400918855,LOW,APPROVE,0
0.004998591560155234,LOW,APPROVE,0
0.009966528616597397,LOW,APPROVE,0
0.07030575547756693,LOW,APPROVE,0
0.046812642342287304,LOW,APPROVE,0
0.0008144117011963184,LOW,APPROVE,0
0.005357390897045671,LOW,APPROVE,0
0.019021931392618173,LOW,APPROVE,0
0.002392697130386307,LOW,APPROVE,0
0.004862268724633608,LOW,APPROVE,0
0.0064056503443021395,LOW,APPROVE,0
0.001903681014647084,LOW,APPROVE,0
0.057434983558390475,LOW,APPROVE,0
0.011281428523598225,LOW,APPROVE,0
0.009403937544694136,LOW,APPROVE,0
0.038660623831128824,LOW,APPROVE,0
0.0015659898595823843,LOW,APPROVE,0
0.006554389960227252,LOW,APPROVE,0
0.0013726658640757592,LOW,APPROVE,0
0.003584122715099616,LOW,APPROVE,0
0.0015315433359857087,LOW,APPROVE,0
0.002512787345729078,LOW,APPROVE,0
0.005758378647440732,LOW,APPROVE,0
0.003419566438967815,LOW,APPROVE,0
0.010546204316805176,LOW,APPROVE,0
0.0025957250785276424,LOW,APPROVE,0
0.007671457753453921,LOW,APPROVE,0
0.7677124087374739,HIGH,BLOCK,1
0.010598200860031869,LOW,APPROVE,0
0.0045233367280456465,LOW,APPROVE,0
0.009426191130226821,LOW,APPROVE,0
0.0030190902888529037,LOW,APPROVE,0
0.0017395813032623417,LOW,APPROVE,0
0.009186253585770509,LOW,APPROVE,0
0.007142894991524387,LOW,APPROVE,0
0.0022408239270144833,LOW,APPROVE,0
0.0035007248049890773,LOW,APPROVE,0
0.008365424857043464,LOW,APPROVE,0
0.005682296226259856,LOW,APPROVE,0
0.00047618823545699234,LOW,APPROVE,0
0.014765593920686078,LOW,APPROVE,0
0.011469859671647665,LOW,APPROVE,0
0.006843915319570855,LOW,APPROVE,0
0.008760843689691149,LOW,APPROVE,0
0.002161492423508719,LOW,APPROVE,0
0.006548016624765054,LOW,APPROVE,0
0.010037188342723314,LOW,APPROVE,0
0.00037511530055377835,LOW,APPROVE,0
0.007933127481922557,LOW,APPROVE,0
0.002991016265261742,LOW,APPROVE,0
0.020685142368093528,LOW,APPROVE,0
0.02050929224151407,LOW,APPROVE,0
0.010393702619937568,LOW,APPROVE,0
0.0047149117388560775,LOW,APPROVE,0
0.010037188342723314,LOW,APPROVE,0
0.0036483597537912997,LOW,APPROVE,0
0.002711718754724339,LOW,APPROVE,0
0.0015734723990865885,LOW,APPROVE,0
0.0013335303672693942,LOW,APPROVE,0
0.02472261858035076,LOW,APPROVE,0
0.005964715249179038,LOW,APPROVE,0
0.004970595835261541,LOW,APPROVE,0
0.0019098661716187631,LOW,APPROVE,0
0.007748171086583152,LOW,APPROVE,0
0.005544115769069396,LOW,APPROVE,0
0.0018701423501878115,LOW,APPROVE,0
0.0013964222235362627,LOW,APPROVE,0
0.0032699061412294964,LOW,APPROVE,0
0.002711718754724339,LOW,APPROVE,0
0.029835489221874838,LOW,APPROVE,0
0.00336800166336143,LOW,APPROVE,0
0.0012228034746528825,LOW,APPROVE,0
0.015492918002784255,LOW,APPROVE,0
0.02472261858035076,LOW,APPROVE,0
0.011246482708963383,LOW,APPROVE,0
0.009922123527374713,LOW,APPROVE,0
0.007959334833265663,LOW,APPROVE,1
0.019707437485902524,LOW,APPROVE,0
0.0019130500188417065,LOW,APPROVE,0
0.0021106799034487206,LOW,APPROVE,0
0.0020123862197463658,LOW,APPROVE,0
0.01701925777936579,LOW,APPROVE,0
0.004533948462024531,LOW,APPROVE,0
0.014846182064966006,LOW,APPROVE,0
0.08515114556153851,LOW,APPROVE,0
0.007525792112775923,LOW,APPROVE,0
0.004119161213039101,LOW,APPROVE,0
0.003974246713191009,LOW,APPROVE,0
0.011274763002546493,LOW,APPROVE,0
0.0010039821482674507,LOW,APPROVE,0
0.010047880491351273,LOW,APPROVE,0
0.00921946258568012,LOW,APPROVE,0
0.04609429164726445,LOW,APPROVE,0
0.02143788376167492,LOW,APPROVE,0
0.003081340861696341,LOW,APPROVE,0
0.002135932132295983,LOW,APPROVE,0
0.011197524956417754,LOW,APPROVE,0
0.004577217685646123,LOW,APPROVE,0
0.00552530353294088,LOW,APPROVE,0
0.0004187795752081884,LOW,APPROVE,0
0.02472261858035076,LOW,APPROVE,0
0.011833737417348169,LOW,APPROVE,0
0.013178634956537543,LOW,APPROVE,0
0.0027857356777948547,LOW,APPROVE,0
0.02101215245037667,LOW,APPROVE,0
0.0025959454608427365,LOW,APPROVE,0
0.002829888259773494,LOW,APPROVE,0
0.011842610144997223,LOW,APPROVE,0
0.017254307909783852,LOW,APPROVE,0
0.04731509396050213,LOW,APPROVE,0
0.1858197738745831,MEDIUM,REVIEW,0
0.0016842275158055783,LOW,APPROVE,0
0.0038756935109727497,LOW,APPROVE,0
0.002815384964304525,LOW,APPROVE,0
0.00613151430856369,LOW,APPROVE,0
0.1222169790543016,MEDIUM,REVIEW,0
0.007040155092562832,LOW,APPROVE,0
0.016599659417940036,LOW,APPROVE,0
0.0020349138351930638,LOW,APPROVE,0
0.009126985968336184,LOW,APPROVE,0
0.0322785807935592,LOW,APPROVE,0
0.0021828611472077307,LOW,APPROVE,0
0.00489649365567952,LOW,APPROVE,0
0.0035943140773458233,LOW,APPROVE,0
0.005291798102355189,LOW,APPROVE,0
0.0034848125167820316,LOW,APPROVE,0
0.0064206923854392434,LOW,APPROVE,0
0.002659368519768325,LOW,APPROVE,0
0.01331976922711094,LOW,APPROVE,0
0.004402627516779894,LOW,APPROVE,0
0.014425877423436251,LOW,APPROVE,0
0.00538785753043846,LOW,APPROVE,0
0.0029332505265179725,LOW,APPROVE,0
0.009590250830887995,LOW,APPROVE,0
0.005984125572419843,LOW,APPROVE,0
0.006881629589144699,LOW,APPROVE,0
0.00260300670359229,LOW,APPROVE,0
0.004539009945759195,LOW,APPROVE,0
0.018506963298656264,LOW,APPROVE,0
0.00482919206307107,LOW,APPROVE,0
0.0034157795890090007,LOW,APPROVE,0
0.0038756935109727497,LOW,APPROVE,0
0.025460776351203297,LOW,APPROVE,0
0.004342029053758798,LOW,APPROVE,0
0.005166090000274814,LOW,APPROVE,0
0.006566385167782709,LOW,APPROVE,0
0.0015021280331307518,LOW,APPROVE,0
0.03475440992497171,LOW,APPROVE,0
0.01723608925732213,LOW,APPROVE,0
0.005889114195348374,LOW,APPROVE,0
0.0132286864150821,LOW,APPROVE,0
0.002192916827507051,LOW,APPROVE,0
0.010146988456043364,LOW,APPROVE,0
0.012643731207957917,LOW,APPROVE,0
0.000502417973061195,LOW,APPROVE,0
0.00045375594955268916,LOW,APPROVE,0
0.023501470101176567,LOW,APPROVE,0
0.03073499662778814,LOW,APPROVE,0
0.007867802823855047,LOW,APPROVE,0
0.007003092951230763,LOW,APPROVE,0
0.004606800222279577,LOW,APPROVE,0
0.0055399588847697585,LOW,APPROVE,0
0.0014196290856351758,LOW,APPROVE,0
0.002430990966248766,LOW,APPROVE,0
0.006900433559279882,LOW,APPROVE,0
0.0037934851897337978,LOW,APPROVE,0
0.0026116212301933056,LOW,APPROVE,0
0.018794251033013114,LOW,APPROVE,0
0.007236093270400718,LOW,APPROVE,0
0.03921170998239431,LOW,APPROVE,0
0.009011647195014894,LOW,APPROVE,0
0.0033590991395222526,LOW,APPROVE,0
0.013696442361703485,LOW,APPROVE,0
0.014079516265188264,LOW,APPROVE,0
0.005406162985636048,LOW,APPROVE,0
0.0020487647782487647,LOW,APPROVE,0
0.0571854862269417,LOW,APPROVE,0
0.009497821601207521,LOW,APPROVE,0
0.002933148208971443,LOW,APPROVE,0
0.0021076619566136805,LOW,APPROVE,0
0.02205066701631391,LOW,APPROVE,0
0.013241415405103204,LOW,APPROVE,0
0.003660518362846905,LOW,APPROVE,0
0.00284884744550898,LOW,APPROVE,0
0.005847314070647573,LOW,APPROVE,0
0.008604158272557796,LOW,APPROVE,0
0.030895383203339143,LOW,APPROVE,0
0.010057362426612149,LOW,APPROVE,0
0.0006764207138961607,LOW,APPROVE,0
0.007820176469571805,LOW,APPROVE,0
0.013149101683756194,LOW,APPROVE,0
0.0028031765852312004,LOW,APPROVE,0
0.03344369400579042,LOW,APPROVE,0
0.008463082534028905,LOW,APPROVE,0
0.0032313280440004017,LOW,APPROVE,0
0.0011023552526263308,LOW,APPROVE,0
0.005533633003999799,LOW,APPROVE,0
0.0005656808191825425,LOW,APPROVE,0
0.0033590991395222526,LOW,APPROVE,0
0.0018861269021314155,LOW,APPROVE,0
0.0020335744620998816,LOW,APPROVE,0
0.0031563376564114416,LOW,APPROVE,0
0.02670505696800464,LOW,APPROVE,0
0.006399733298034042,LOW,APPROVE,0
0.004160579835896704,LOW,APPROVE,0
0.003619619091009884,LOW,APPROVE,0
0.007359582871341911,LOW,APPROVE,0
0.0023102686142188666,LOW,APPROVE,0
0.00862422685370746,LOW,APPROVE,0
0.03615988968719111,LOW,APPROVE,0
0.00390894240606674,LOW,APPROVE,0
0.011781536860130766,LOW,APPROVE,0
0.03764122390192281,LOW,APPROVE,0
0.0021372400588519835,LOW,APPROVE,0
0.0010789215363728886,LOW,APPROVE,0
0.006010945773782074,LOW,APPROVE,0
0.03764122390192281,LOW,APPROVE,0
0.011781536860130766,LOW,APPROVE,0
0.013696442361703485,LOW,APPROVE,0
0.0023737163738147783,LOW,APPROVE,0
0.003491379626049347,LOW,APPROVE,0
0.013696442361703485,LOW,APPROVE,0
0.01378226211391713,LOW,APPROVE,0
0.001266269685323757,LOW,APPROVE,0
0.008218081920432654,LOW,APPROVE,0
0.004812582905552778,LOW,APPROVE,0
0.0015305239836558807,LOW,APPROVE,0
0.03376434807813925,LOW,APPROVE,0
0.009742154378307291,LOW,APPROVE,0
0.01369092486947607,LOW,APPROVE,0
0.00220393062064669,LOW,APPROVE,0
0.005788865888488624,LOW,APPROVE,0
0.0026676427387199407,LOW,APPROVE,0
0.0021256268037372146,LOW,APPROVE,0
0.004677675301968169,LOW,APPROVE,0
0.009189438141143926,LOW,APPROVE,0
0.005955062458823259,LOW,APPROVE,0
0.000744826558359769,LOW,APPROVE,0
0.007003092951230763,LOW,APPROVE,0
0.02081354584291859,LOW,APPROVE,0
0.01593826110156548,LOW,APPROVE,0
0.012900392837463696,LOW,APPROVE,0
0.022921159563267072,LOW,APPROVE,0
0.006672930934995653,LOW,APPROVE,0
0.0038151540601664494,LOW,APPROVE,0
0.015114880055961477,LOW,APPROVE,0
0.002441281670334779,LOW,APPROVE,0
0.00048050577910848573,LOW,APPROVE,0
0.016057510954454228,LOW,APPROVE,0
0.003752125064478108,LOW,APPROVE,0
0.025148559146389565,LOW,APPROVE,0
0.006263517371225443,LOW,APPROVE,0
0.004372730521451678,LOW,APPROVE,0
0.010372389892389736,LOW,APPROVE,0
0.0016643487360882747,LOW,APPROVE,0
0.002138594793360078,LOW,APPROVE,0
0.002335188119022591,LOW,APPROVE,0
0.011364689530878897,LOW,APPROVE,0
0.0024726544808901653,LOW,APPROVE,0
0.01367203674746795,LOW,APPROVE,0
0.011852308081110494,LOW,APPROVE,0
0.07925921668191278,LOW,APPROVE,0
0.0018551826891077556,LOW,APPROVE,0
0.001237829436815077,LOW,APPROVE,0
0.008107731718201639,LOW,APPROVE,0
0.011264218852049073,LOW,APPROVE,0
0.001186052707927042,LOW,APPROVE,0
0.012097603277360331,LOW,APPROVE,0
0.0016531826895413246,LOW,APPROVE,0
0.012884719727351649,LOW,APPROVE,0
0.004422262932423167,LOW,APPROVE,0
0.0017185436402039002,LOW,APPROVE,0
0.021519860176242897,LOW,APPROVE,0
0.004388910199303731,LOW,APPROVE,0
0.01540061781246439,LOW,APPROVE,0
0.006524038394828194,LOW,APPROVE,0
0.013018472921724138,LOW,APPROVE,0
0.008228046732273507,LOW,APPROVE,0
0.03155023591253213,LOW,APPROVE,0
0.01260778451333983,LOW,APPROVE,0
0.0045700034959885606,LOW,APPROVE,0
0.0030053490521070726,LOW,APPROVE,0
0.0049049914768899,LOW,APPROVE,0
0.0021019552112949416,LOW,APPROVE,0
0.011669719375232543,LOW,APPROVE,0
0.004538748696512422,LOW,APPROVE,0
0.0011952444479686292,LOW,APPROVE,0
0.06147820765588072,LOW,APPROVE,0
0.004306727619121567,LOW,APPROVE,0
0.00578357778610245,LOW,APPROVE,0
0.0016649267700708534,LOW,APPROVE,0
0.0030784936349713666,LOW,APPROVE,0
0.007210995067063645,LOW,APPROVE,0
0.014606651320044474,LOW,APPROVE,0
0.0033070673990018944,LOW,APPROVE,0
0.008470804212849929,LOW,APPROVE,0
0.00670966986445644,LOW,APPROVE,0
0.00448580826143485,LOW,APPROVE,0
0.010913144159530475,LOW,APPROVE,0
0.003540129842593309,LOW,APPROVE,0
0.0030181910803835695,LOW,APPROVE,0
0.006771779735477345,LOW,APPROVE,0
0.004773982702972563,LOW,APPROVE,0
0.005943636167374873,LOW,APPROVE,0
0.020989157462213446,LOW,APPROVE,0
0.0025023040261327447,LOW,APPROVE,0
0.009903675889370295,LOW,APPROVE,0
0.003093067761960389,LOW,APPROVE,0
0.007413807611691804,LOW,APPROVE,0
0.005080869165500252,LOW,APPROVE,0
0.0018667994142902138,LOW,APPROVE,0
0.027415979669029086,LOW,APPROVE,0
0.0003768648437505802,LOW,APPROVE,0
0.0010141536986241209,LOW,APPROVE,0
0.06366524622765367,LOW,APPROVE,1
0.005878811328418684,LOW,APPROVE,0
0.0026837483239701863,LOW,APPROVE,0
0.0014256225490013748,LOW,APPROVE,0
0.08188300301363564,LOW,APPROVE,0
0.009931817510583682,LOW,APPROVE,0
0.0036131460359416757,LOW,APPROVE,0
0.01242843921051655,LOW,APPROVE,0
0.006817807453717096,LOW,APPROVE,0
0.0007400572364804614,LOW,APPROVE,0
0.004266498338882488,LOW,APPROVE,0
0.005960617342930487,LOW,APPROVE,0
0.020648607119770002,LOW,APPROVE,0
0.028315804780856716,LOW,APPROVE,0
0.00790633562152721,LOW,APPROVE,0
0.008126592973866514,LOW,APPROVE,0
0.0046466031899735135,LOW,APPROVE,0
0.008443069130866183,LOW,APPROVE,0
0.0052487100609298915,LOW,APPROVE,0
0.15294652699149333,MEDIUM,REVIEW,0
0.0082222420874647,LOW,APPROVE,0
0.005839496934471154,LOW,APPROVE,0
0.009964560337865885,LOW,APPROVE,0
0.026242982747444913,LOW,APPROVE,0
0.0015071841552887276,LOW,APPROVE,0
0.002272205198581575,LOW,APPROVE,0
0.010488030888357319,LOW,APPROVE,0
0.004777565859849906,LOW,APPROVE,0
0.01770233494094015,LOW,APPROVE,0
0.016920518369793938,LOW,APPROVE,0
0.006608697548592917,LOW,APPROVE,0
0.02805344457218069,LOW,APPROVE,0
0.002971122261126965,LOW,APPROVE,0
0.0060887034754794865,LOW,APPROVE,0
0.014551416544791545,LOW,APPROVE,0
0.00342058145919445,LOW,APPROVE,0
0.0008774871910628449,LOW,APPROVE,0
0.12305345405124749,MEDIUM,REVIEW,0
0.005397291139445007,LOW,APPROVE,0
0.004254823838892239,LOW,APPROVE,0
0.007988218062202523,LOW,APPROVE,0
0.007787876623491621,LOW,APPROVE,0
0.002331262420848144,LOW,APPROVE,0
0.04571211705562741,LOW,APPROVE,0
0.0020716633992361503,LOW,APPROVE,0
0.002113675798215498,LOW,APPROVE,0
0.011368518996093476,LOW,APPROVE,0
0.014085581497215102,LOW,APPROVE,0
0.002235756648528255,LOW,APPROVE,0
0.0002384977406548784,LOW,APPROVE,0
0.004468846619998871,LOW,APPROVE,0
0.005318988414552904,LOW,APPROVE,0
0.009672755875140597,LOW,APPROVE,0
0.007556283052194269,LOW,APPROVE,0
0.006172948292578942,LOW,APPROVE,0
0.003959030638012866,LOW,APPROVE,0
0.005711763055674218,LOW,APPROVE,0
0.004300395726656784,LOW,APPROVE,0
0.013825571751247195,LOW,APPROVE,0
0.006600621872913775,LOW,APPROVE,0
0.0035228228200614503,LOW,APPROVE,0
0.005605890226550099,LOW,APPROVE,0
0.0022951616200146494,LOW,APPROVE,0
0.005711763055674218,LOW,APPROVE,0
0.007492480951671438,LOW,APPROVE,0
0.00973527786842753,LOW,APPROVE,0
0.004303448721128747,LOW,APPROVE,0
0.008758614980924135,LOW,APPROVE,0
0.045491753972248083,LOW,APPROVE,0
0.007979047590100428,LOW,APPROVE,0
0.011206140008246985,LOW,APPROVE,0
0.0028973454663166138,LOW,APPROVE,0
0.0025023040261327447,LOW,APPROVE,0
0.002520823838564369,LOW,APPROVE,0
0.05877410925270611,LOW,APPROVE,0
0.010221667953822183,LOW,APPROVE,0
0.007551096933421276,LOW,APPROVE,0
0.0030678939493214187,LOW,APPROVE,0
0.04981700306596529,LOW,APPROVE,0
0.013365879667699107,LOW,APPROVE,0
0.05877410925270611,LOW,APPROVE,0
0.001824629071872144,LOW,APPROVE,0
0.11670324675336048,MEDIUM,REVIEW,0
0.0024000486890441005,LOW,APPROVE,0
0.04139643331260158,LOW,APPROVE,0
0.0002384977406548784,LOW,APPROVE,0
0.003215379782874506,LOW,APPROVE,0
0.001621773278403864,LOW,APPROVE,0
0.001072274651915345,LOW,APPROVE,0
0.004164111721543564,LOW,APPROVE,0
0.0030668862248663786,LOW,APPROVE,0
0.001824629071872144,LOW,APPROVE,0
0.0008297268917513699,LOW,APPROVE,0
0.0021442088959388924,LOW,APPROVE,0
0.004164111721543564,LOW,APPROVE,0
0.01422694386956977,LOW,APPROVE,0
0.012597928374952747,LOW,APPROVE,0
0.001824629071872144,LOW,APPROVE,0
0.009697192587678372,LOW,APPROVE,0
0.0072244166294483094,LOW,APPROVE,0
0.0008297268917513699,LOW,APPROVE,0
0.006184310463463424,LOW,APPROVE,0
0.005407839128341076,LOW,APPROVE,0
0.022556510810484664,LOW,APPROVE,0
0.011445250313715875,LOW,APPROVE,0
0.0009596475179096387,LOW,APPROVE,0
0.16751459251614204,MEDIUM,REVIEW,0
0.03997446077618413,LOW,APPROVE,0
0.002648943512629614,LOW,APPROVE,0
0.007938279332481384,LOW,APPROVE,0
0.005221524754205979,LOW,APPROVE,0
0.11670324675336048,MEDIUM,REVIEW,0
0.0011225653621157465,LOW,APPROVE,0
0.005781080494670179,LOW,APPROVE,0
0.0017098634115129724,LOW,APPROVE,0
0.006093849322517367,LOW,APPROVE,0
0.0427262057661806,LOW,APPROVE,0
0.00937307507758087,LOW,APPROVE,0
0.015125143874005206,LOW,APPROVE,0
0.0033205845705791817,LOW,APPROVE,0
0.0004181303444984072,LOW,APPROVE,0
0.0021582173605367936,LOW,APPROVE,0
0.0009472454585883491,LOW,APPROVE,0
0.0017273779361689967,LOW,APPROVE,0
0.011445250313715875,LOW,APPROVE,0
0.00410466608182106,LOW,APPROVE,0
0.006024723415016133,LOW,APPROVE,0
0.021197704407680432,LOW,APPROVE,0
0.008857993084313768,LOW,APPROVE,0
0.0012061956772140825,LOW,APPROVE,0
0.004210546514147274,LOW,APPROVE,0
0.01731167185390118,LOW,APPROVE,0
0.010157147062056006,LOW,APPROVE,0
0.007853163123536257,LOW,APPROVE,0
0.03723228787223588,LOW,APPROVE,0
0.0015665157784591438,LOW,APPROVE,0
0.002224265652151394,LOW,APPROVE,0
0.004656335615856274,LOW,APPROVE,0
0.006275764611650156,LOW,APPROVE,0
0.005292076022119235,LOW,APPROVE,0
0.827693059723563,HIGH,BLOCK,1
0.006846091383492402,LOW,APPROVE,0
0.005091660712892529,LOW,APPROVE,0
0.029505628236477725,LOW,APPROVE,0
0.002377687188612538,LOW,APPROVE,0
0.001223835166222296,LOW,APPROVE,0
0.005297980397390149,LOW,APPROVE,0
0.04180198886077521,LOW,APPROVE,0
0.06841730886525779,LOW,APPROVE,0
0.08510268325304984,LOW,APPROVE,0
0.01135902307934709,LOW,APPROVE,0
0.010253999658675803,LOW,APPROVE,0
0.02433090331890968,LOW,APPROVE,0
0.024845853109711893,LOW,APPROVE,0
0.02301603158995487,LOW,APPROVE,0
0.0014103477596036093,LOW,APPROVE,0
0.003003705965800133,LOW,APPROVE,0
0.006177635214689957,LOW,APPROVE,0
0.007522449449445925,LOW,APPROVE,0
0.0050770933706722875,LOW,APPROVE,0
0.016233851962932786,LOW,APPROVE,0
0.003925444956934353,LOW,APPROVE,0
0.0038501830554817534,LOW,APPROVE,0
0.0019532469988915776,LOW,APPROVE,0
0.003909018261643344,LOW,APPROVE,0
0.023038873623216057,LOW,APPROVE,0
0.01908766371386051,LOW,APPROVE,0
0.0018101648505109244,LOW,APPROVE,0
0.005744926938925781,LOW,APPROVE,0
0.0021597018893529615,LOW,APPROVE,0
0.007533009031710358,LOW,APPROVE,0
0.004536335086578221,LOW,APPROVE,0
0.006799065226504002,LOW,APPROVE,0
0.01184638078063629,LOW,APPROVE,0
0.028431018077746964,LOW,APPROVE,0
0.0057684690734205865,LOW,APPROVE,0
0.014296134869670246,LOW,APPROVE,0
0.018626253355170326,LOW,APPROVE,0
0.007466605608424322,LOW,APPROVE,0
0.033507805843194835,LOW,APPROVE,0
0.018243716771430198,LOW,APPROVE,0
0.054862292469678796,LOW,APPROVE,0
0.012007639474512775,LOW,APPROVE,0
0.0017662102916771532,LOW,APPROVE,0
0.006077871069795318,LOW,APPROVE,0
0.003647701061182107,LOW,APPROVE,0
0.00303478759470434,LOW,APPROVE,0
0.00443400322538236,LOW,APPROVE,0
0.004679113731274736,LOW,APPROVE,0
0.024641359933148012,LOW,APPROVE,0
0.057485650066899055,LOW,APPROVE,0
0.0027837601329380682,LOW,APPROVE,0
0.003304827227522702,LOW,APPROVE,0
0.004671756885092381,LOW,APPROVE,0
0.0025644487415215026,LOW,APPROVE,0
0.0014706270938684692,LOW,APPROVE,0
0.07939046904420832,LOW,APPROVE,0
0.08816079220187148,LOW,APPROVE,0
0.0023328509777882306,LOW,APPROVE,0
0.0030959912293619203,LOW,APPROVE,0
0.011479820808101764,LOW,APPROVE,0
0.009503112852232367,LOW,APPROVE,0
0.006360475182908463,LOW,APPROVE,0
0.001364782995015915,LOW,APPROVE,0
0.004387209845165452,LOW,APPROVE,0
0.12134277355176278,MEDIUM,REVIEW,0
0.010280451333378869,LOW,APPROVE,0
0.013696442361703485,LOW,APPROVE,0
0.02396126428579169,LOW,APPROVE,0
0.017200624886024116,LOW,APPROVE,0
0.009092991635830607,LOW,APPROVE,0
0.005021237978107702,LOW,APPROVE,0
0.016346788751563066,LOW,APPROVE,0
0.00346879854367873,LOW,APPROVE,0
0.021112662474097196,LOW,APPROVE,0
0.009893260478634461,LOW,APPROVE,0
0.0037099418697438984,LOW,APPROVE,0
0.001249299942944893,LOW,APPROVE,0
0.002883532301386878,LOW,APPROVE,0
0.0037158014273290466,LOW,APPROVE,0
0.028237582197351653,LOW,APPROVE,0
0.002678505856598576,LOW,APPROVE,0
0.001249299942944893,LOW,APPROVE,0
0.0015493041113304469,LOW,APPROVE,0
0.019447811656420132,LOW,APPROVE,0
0.019203047826428465,LOW,APPROVE,0
0.00278731944795921,LOW,APPROVE,0
0.039124039295474755,LOW,APPROVE,0
0.008952198434118777,LOW,APPROVE,0
0.009334731402219154,LOW,APPROVE,0
0.00278731944795921,LOW,APPROVE,0
0.011732428995886288,LOW,APPROVE,0
0.013431091311314184,LOW,APPROVE,0
0.00225522625084461,LOW,APPROVE,0
0.001249299942944893,LOW,APPROVE,0
0.017331372180794596,LOW,APPROVE,0
0.0020113417943806683,LOW,APPROVE,0
0.013638632727669596,LOW,APPROVE,0
0.0052724702197014,LOW,APPROVE,0
0.0026979553696052003,LOW,APPROVE,0
0.006964801468067929,LOW,APPROVE,0
0.0016949562022464148,LOW,APPROVE,0
0.007216050998075163,LOW,APPROVE,0
0.0046093959306573945,LOW,APPROVE,0
0.0030048247290239806,LOW,APPROVE,0
0.0067055671807245195,LOW,APPROVE,0
0.003323478539431333,LOW,APPROVE,0
0.004598940895662228,LOW,APPROVE,0
0.020426292224122036,LOW,APPROVE,0
0.03572324461268139,LOW,APPROVE,0
0.007152674880225311,LOW,APPROVE,0
0.8277830390869702,HIGH,BLOCK,1
0.0012922060942533904,LOW,APPROVE,0
0.019447811656420132,LOW,APPROVE,0
0.007577685397544362,LOW,APPROVE,0
0.013199811573190705,LOW,APPROVE,0
0.004589113689007742,LOW,APPROVE,0
0.03406962826944645,LOW,APPROVE,0
0.001106560090385503,LOW,APPROVE,0
0.005803276173231584,LOW,APPROVE,0
0.0016890610398862525,LOW,APPROVE,0
0.011186381915627762,LOW,APPROVE,0
0.020426292224122036,LOW,APPROVE,0
0.0020292097405330725,LOW,APPROVE,0
0.08145937049361253,LOW,APPROVE,0
0.013339759306813357,LOW,APPROVE,0
0.005189854853477367,LOW,APPROVE,0
0.07526797625927308,LOW,APPROVE,0
0.0013582304851489924,LOW,APPROVE,0
0.006052184265964799,LOW,APPROVE,0
0.011123564370404489,LOW,APPROVE,0
0.0030463641942787873,LOW,APPROVE,0
0.0069704931215049375,LOW,APPROVE,0
0.0062746723462236255,LOW,APPROVE,0
0.007893958045320225,LOW,APPROVE,0
0.011676672640491189,LOW,APPROVE,0
0.006137058398862396,LOW,APPROVE,0
0.019447811656420132,LOW,APPROVE,0
0.003955415306300948,LOW,APPROVE,0
0.015565772455801808,LOW,APPROVE,0
0.004696685908429653,LOW,APPROVE,0
0.003345172629776526,LOW,APPROVE,0
0.06033392748134174,LOW,APPROVE,0
0.018632936791904652,LOW,APPROVE,0
0.00468500384560575,LOW,APPROVE,0
0.014101071697611224,LOW,APPROVE,0
0.00023559612947023493,LOW,APPROVE,0
0.00278731944795921,LOW,APPROVE,0
0.00278731944795921,LOW,APPROVE,0
0.013928278663130123,LOW,APPROVE,0
0.00806894317949249,LOW,APPROVE,0
0.006255928727264471,LOW,APPROVE,0
0.005542015823794204,LOW,APPROVE,0
0.006868594353606159,LOW,APPROVE,0
0.0132694122733241,LOW,APPROVE,0
0.003946641325424988,LOW,APPROVE,0
0.00278731944795921,LOW,APPROVE,0
0.002789319475412338,LOW,APPROVE,0
0.01011298613459735,LOW,APPROVE,0
0.0020011059953986532,LOW,APPROVE,0
0.03947113240206736,LOW,APPROVE,0
0.016393334967490195,LOW,APPROVE,0
0.013928278663130123,LOW,APPROVE,0
0.0024744499173856575,LOW,APPROVE,0
0.010858643058554824,LOW,APPROVE,0
0.009114530156353603,LOW,APPROVE,0
0.0075364280490847054,LOW,APPROVE,0
0.006059488938384064,LOW,APPROVE,0
0.016976830581242712,LOW,APPROVE,0
0.004679661970371457,LOW,APPROVE,0
0.025036834860998582,LOW,APPROVE,0
0.00278731944795921,LOW,APPROVE,0
0.008272507171143991,LOW,APPROVE,0
0.006584321141315425,LOW,APPROVE,0
0.0063031798163537935,LOW,APPROVE,0
0.004254460487043389,LOW,APPROVE,0
0.00022318777778025715,LOW,APPROVE,0
0.02841301854239671,LOW,APPROVE,0
0.01784458914784609,LOW,APPROVE,0
0.0019812688638807005,LOW,APPROVE,0
0.004468427574394164,LOW,APPROVE,0
0.006100182484597876,LOW,APPROVE,0
0.008189981462621489,LOW,APPROVE,0
0.025036834860998582,LOW,APPROVE,0
0.012728834482649217,LOW,APPROVE,0
0.0012611931612297427,LOW,APPROVE,0
0.0034973759559270004,LOW,APPROVE,0
0.0010409289637516121,LOW,APPROVE,0
0.0744132697937989,LOW,APPROVE,0
0.0018438266290412395,LOW,APPROVE,0
0.010758758228311361,LOW,APPROVE,0
0.004464000767444871,LOW,APPROVE,0
0.004869496894027214,LOW,APPROVE,0
0.0020131364988164673,LOW,APPROVE,0
0.014359146527266959,LOW,APPROVE,0
0.002491831361040081,LOW,APPROVE,0
0.009237366945862325,LOW,APPROVE,0
0.025036834860998582,LOW,APPROVE,0
0.012278006725585527,LOW,APPROVE,0
0.010958218420260546,LOW,APPROVE,0
0.0031271927706672804,LOW,APPROVE,0
0.007548802379476162,LOW,APPROVE,0
0.005434647526157503,LOW,APPROVE,0
0.002253985503174072,LOW,APPROVE,0
0.004869496894027214,LOW,APPROVE,0
0.003269477738379306,LOW,APPROVE,0
0.003980145249687684,LOW,APPROVE,0
0.014979935110070211,LOW,APPROVE,0
0.004381145106007636,LOW,APPROVE,0
0.004112888221121519,LOW,APPROVE,0
0.04343878155317597,LOW,APPROVE,0
0.003980145249687684,LOW,APPROVE,0
0.004603123374981639,LOW,APPROVE,0
0.010615959846608151,LOW,APPROVE,0
0.004603123374981639,LOW,APPROVE,0
0.006131126407892797,LOW,APPROVE,0
0.000651421302418673,LOW,APPROVE,0
0.0041025955829132816,LOW,APPROVE,0
0.006917486874740893,LOW,APPROVE,0
0.005462691936154327,LOW,APPROVE,0
0.015475470190540769,LOW,APPROVE,0
0.02285190705573467,LOW,APPROVE,0
0.0055696825061161085,LOW,APPROVE,0
0.0018204123164603388,LOW,APPROVE,0
0.0033233052073247662,LOW,APPROVE,0
0.018719938614459274,LOW,APPROVE,0
0.0033193482454396653,LOW,APPROVE,0
0.0021819632995645688,LOW,APPROVE,0
0.003627561381253142,LOW,APPROVE,0
0.005462691936154327,LOW,APPROVE,0
0.007090288691722021,LOW,APPROVE,0
0.6636221034647594,HIGH,BLOCK,1
0.026154750457358437,LOW,APPROVE,0
0.008060417095365684,LOW,APPROVE,0
0.00530858477462751,LOW,APPROVE,0
0.00842418835153872,LOW,APPROVE,0
0.0036182855039312532,LOW,APPROVE,0
0.0031223927326595054,LOW,APPROVE,0
0.024132533576104433,LOW,APPROVE,0
0.02049800737531799,LOW,APPROVE,0
0.002104357000505144,LOW,APPROVE,0
0.006142527866912623,LOW,APPROVE,0
0.007384830385697768,LOW,APPROVE,0
0.0013162588658122863,LOW,APPROVE,0
0.018247985629787092,LOW,APPROVE,0
0.05449521780532752,LOW,APPROVE,0
0.002101858851028407,LOW,APPROVE,0
0.019642550389455997,LOW,APPROVE,0
0.8606661682126997,HIGH,BLOCK,1
0.006038841745655907,LOW,APPROVE,0
0.018247985629787092,LOW,APPROVE,0
0.0036016414398187396,LOW,APPROVE,0
0.015813645581391006,LOW,APPROVE,0
0.05689982023283011,LOW,APPROVE,0
0.04968361529474728,LOW,APPROVE,0
0.01845443894777058,LOW,APPROVE,0
0.0046561241012745705,LOW,APPROVE,0
0.0010454262155860402,LOW,APPROVE,0
0.010571339659028987,LOW,APPROVE,0
0.0010454262155860402,LOW,APPROVE,0
0.054649945082668246,LOW,APPROVE,0
0.011927447928209921,LOW,APPROVE,0
0.0118384363841716,LOW,APPROVE,0
0.0010454262155860402,LOW,APPROVE,0
0.009792420543721689,LOW,APPROVE,0
0.02510797219157456,LOW,APPROVE,0
0.010370397743570623,LOW,APPROVE,0
0.036403223343591286,LOW,APPROVE,0
0.025036834860998582,LOW,APPROVE,0
0.006702593136888894,LOW,APPROVE,0
0.01953222296277532,LOW,APPROVE,0
0.0010454262155860402,LOW,APPROVE,0
0.02574548026783239,LOW,APPROVE,0
0.008266598583264152,LOW,APPROVE,0
0.005221524754205979,LOW,APPROVE,0
0.008522556579837087,LOW,APPROVE,0
0.015393824528099401,LOW,APPROVE,0
0.004956415535517551,LOW,APPROVE,0
0.0022234036362750722,LOW,APPROVE,0
0.0061447581558555075,LOW,APPROVE,0
0.018109888732207126,LOW,APPROVE,0
0.003606883864483392,LOW,APPROVE,0
0.01699241642463158,LOW,APPROVE,0
0.003095545265936525,LOW,APPROVE,0
0.026960650946553442,LOW,APPROVE,0
0.043977282788314274,LOW,APPROVE,0
0.002981910882770343,LOW,APPROVE,0
0.008471033066854136,LOW,APPROVE,0
0.02263663819979693,LOW,APPROVE,0
0.005816638490009662,LOW,APPROVE,0
0.026960650946553442,LOW,APPROVE,0
0.018247985629787092,LOW,APPROVE,0
0.02141450370465671,LOW,APPROVE,0
0.0042411662544105735,LOW,APPROVE,0
0.004986596200165161,LOW,APPROVE,0
0.00414439909487328,LOW,APPROVE,0
0.002101858851028407,LOW,APPROVE,0
0.00425157530413782,LOW,APPROVE,0
0.005092443505410758,LOW,APPROVE,0
0.0002661062838041386,LOW,APPROVE,0
0.009139305876849357,LOW,APPROVE,0
0.0036453381875383435,LOW,APPROVE,0
0.0030551348409210526,LOW,APPROVE,0
0.014287362708469043,LOW,APPROVE,0
0.015822530965423045,LOW,APPROVE,0
0.004822276396457307,LOW,APPROVE,0
0.031881754851620925,LOW,APPROVE,0
0.006323071474033875,LOW,APPROVE,0
0.008382808309658606,LOW,APPROVE,0
0.009730057287336488,LOW,APPROVE,0
0.016706168026887763,LOW,APPROVE,0
0.0008475158607355787,LOW,APPROVE,0
0.002860932716519098,LOW,APPROVE,0
0.0014366626463084707,LOW,APPROVE,0
0.0037586468825312274,LOW,APPROVE,0
0.004213206616315075,LOW,APPROVE,0
0.0008282521074967623,LOW,APPROVE,0
0.002526492953028138,LOW,APPROVE,0
0.018247985629787092,LOW,APPROVE,0
0.002552271490513848,LOW,APPROVE,0
0.0013617412745780663,LOW,APPROVE,0
0.003153646582390462,LOW,APPROVE,0
0.015015211873608308,LOW,APPROVE,0
0.015096063761717555,LOW,APPROVE,0
0.03902458123888707,LOW,APPROVE,0
0.0015936097077967684,LOW,APPROVE,0
0.004131878501201991,LOW,APPROVE,0
0.003751374882202178,LOW,APPROVE,0
0.030705121304663855,LOW,APPROVE,0
0.008353532952888267,LOW,APPROVE,0
0.011697083495324312,LOW,APPROVE,0
0.005461580751219581,LOW,APPROVE,0
0.0054630231957959515,LOW,APPROVE,0
0.007911662565689212,LOW,APPROVE,0
0.006952972371081333,LOW,APPROVE,0
0.0043219647077639015,LOW,APPROVE,0
0.013341002646869465,LOW,APPROVE,0
0.19348180339143492,MEDIUM,REVIEW,0
0.009673426589854305,LOW,APPROVE,0
0.005904585747220298,LOW,APPROVE,0
0.0037087481343202307,LOW,APPROVE,0
0.019353423361125888,LOW,APPROVE,0
0.05121834582329919,LOW,APPROVE,0
0.0028001389866333117,LOW,APPROVE,0
0.17124250453875628,MEDIUM,REVIEW,0
0.024079651139604096,LOW,APPROVE,0
0.09342494492687889,LOW,APPROVE,1
0.0038778809601197626,LOW,APPROVE,0
0.004886054650217141,LOW,APPROVE,0
0.025417644052075618,LOW,APPROVE,0
0.015695959133753743,LOW,APPROVE,0
0.013217496373984854,LOW,APPROVE,0
0.009267103123781184,LOW,APPROVE,0
0.005204521229678274,LOW,APPROVE,0
0.002037619144720594,LOW,APPROVE,0
0.004499635851026914,LOW,APPROVE,0
0.0021101692721265655,LOW,APPROVE,0
0.008539531558217125,LOW,APPROVE,0
0.003290162901346113,LOW,APPROVE,0
0.014822730564915874,LOW,APPROVE,0
0.009008003864241746,LOW,APPROVE,1
0.12688277879710402,MEDIUM,REVIEW,0
0.1409698165994686,MEDIUM,REVIEW,0
0.004779804473592599,LOW,APPROVE,0
0.004305361046264708,LOW,APPROVE,0
0.0016819956644223578,LOW,APPROVE,0
0.14014595621202797,MEDIUM,REVIEW,0
0.033053459763319165,LOW,APPROVE,0
0.04533037595334847,LOW,APPROVE,1
0.001199881340647002,LOW,APPROVE,0
0.003277747857453165,LOW,APPROVE,0
0.002530952198966036,LOW,APPROVE,0
0.005717431945846275,LOW,APPROVE,0
0.010902364296374869,LOW,APPROVE,0
0.004010700552949681,LOW,APPROVE,0
0.0011257391090082084,LOW,APPROVE,0
0.006558847533372643,LOW,APPROVE,0
0.018794126507289434,LOW,APPROVE,0
0.015104021923503103,LOW,APPROVE,0
0.005563576947031292,LOW,APPROVE,0
0.015686273898935465,LOW,APPROVE,0
0.003693585323538263,LOW,APPROVE,0
0.0736566072037962,LOW,APPROVE,0
0.015243802387045539,LOW,APPROVE,0
0.006942988789419082,LOW,APPROVE,0
0.006507132215946956,LOW,APPROVE,0
0.007167443299489854,LOW,APPROVE,0
0.12189714262490625,MEDIUM,REVIEW,0
0.00483118976875449,LOW,APPROVE,0
0.03370836918372311,LOW,APPROVE,0
0.0032205274610589032,LOW,APPROVE,0
0.0014034554393773952,LOW,APPROVE,0
0.002681734746489744,LOW,APPROVE,0
0.009223335400603402,LOW,APPROVE,0
0.0015735469276244435,LOW,APPROVE,0
0.0009763065149691329,LOW,APPROVE,0
0.0030738619611610633,LOW,APPROVE,0
0.0023575015921175526,LOW,APPROVE,0
0.01192760609945071,LOW,APPROVE,0
0.005158184350550683,LOW,APPROVE,0
0.020343312868276415,LOW,APPROVE,0
0.004003852341694411,LOW,APPROVE,0
0.002588154198537458,LOW,APPROVE,0
0.008082276811177732,LOW,APPROVE,0
0.005292363253977708,LOW,APPROVE,0
0.0025040971864399896,LOW,APPROVE,0
0.003517699632533499,LOW,APPROVE,0
0.003372267531816252,LOW,APPROVE,0
0.004365423139657111,LOW,APPROVE,1
0.011586221859587947,LOW,APPROVE,0
0.0022697888085872163,LOW,APPROVE,0
0.012127695031718363,LOW,APPROVE,0
0.005971732118207882,LOW,APPROVE,0
0.004020138580881514,LOW,APPROVE,0
0.0030746028717451982,LOW,APPROVE,0
0.002943251589903229,LOW,APPROVE,0
0.006649535275296925,LOW,APPROVE,0
0.03219140610402548,LOW,APPROVE,0
0.0009741232528019622,LOW,APPROVE,0
0.005537211977586723,LOW,APPROVE,0
0.0010512203823480715,LOW,APPROVE,0
0.005219386415236811,LOW,APPROVE,0
0.0063270446520061925,LOW,APPROVE,0
0.041844976495428426,LOW,APPROVE,1
0.007685317158846515,LOW,APPROVE,0
0.004632338988059778,LOW,APPROVE,0
0.003721661669373397,LOW,APPROVE,0
0.0029355316775165306,LOW,APPROVE,0
0.006741189762992749,LOW,APPROVE,0
0.008496239270853778,LOW,APPROVE,0
0.0012608614376270568,LOW,APPROVE,0
0.05230627311060423,LOW,APPROVE,0
0.0003186488650937594,LOW,APPROVE,0
0.010558279866543403,LOW,APPROVE,0
0.004141384761220038,LOW,APPROVE,0
0.012075037491125578,LOW,APPROVE,0
0.02229793337796223,LOW,APPROVE,0
0.007192192899336309,LOW,APPROVE,0
0.0028664730441573033,LOW,APPROVE,0
0.0031572694405014364,LOW,APPROVE,0
0.009741435462618391,LOW,APPROVE,0
0.09444646898854307,LOW,APPROVE,0
0.018852581157817093,LOW,APPROVE,0
0.002691605170841089,LOW,APPROVE,0
0.01304500824321404,LOW,APPROVE,0
0.017220063283735317,LOW,APPROVE,0
0.0049340945446585795,LOW,APPROVE,0
0.0018447871699110165,LOW,APPROVE,0
0.014048959756681169,LOW,APPROVE,0
0.02761943442182398,LOW,APPROVE,0
0.01140052175852869,LOW,APPROVE,0
0.004107603516959812,LOW,APPROVE,0
0.0023162186274897217,LOW,APPROVE,0
0.005480093198310299,LOW,APPROVE,0
0.012316047401697857,LOW,APPROVE,0
0.005912408457366003,LOW,APPROVE,0
0.04589782904831842,LOW,APPROVE,0
0.04860620873273343,LOW,APPROVE,0
0.00850087821708193,LOW,APPROVE,0
0.0024229145881087817,LOW,APPROVE,0
0.003101322523380718,LOW,APPROVE,0
0.01373597084232108,LOW,APPROVE,0
0.0032056974264757622,LOW,APPROVE,0
0.013438571512838305,LOW,APPROVE,0
0.15969899269218613,MEDIUM,REVIEW,0
0.0146475558087796,LOW,APPROVE,0
0.01140052175852869,LOW,APPROVE,0
0.02336883820497447,LOW,APPROVE,0
0.0031889704250780146,LOW,APPROVE,0
0.008919981784024247,LOW,APPROVE,0
0.09312271236742233,LOW,APPROVE,0
0.002831395068967185,LOW,APPROVE,0
0.015901730051575517,LOW,APPROVE,0
0.01365786699756419,LOW,APPROVE,0
0.001334528084257653,LOW,APPROVE,0
0.02704830066149348,LOW,APPROVE,0
0.006135549261430674,LOW,APPROVE,0
0.032568279081376744,LOW,APPROVE,0
0.01020728556595133,LOW,APPROVE,0
0.007075555457388829,LOW,APPROVE,0
0.0035565332076634842,LOW,APPROVE,0
0.0026538232726496555,LOW,APPROVE,0
0.0021050662522120404,LOW,APPROVE,0
0.0027659420406396873,LOW,APPROVE,0
0.0011377566468552885,LOW,APPROVE,0
0.005483264938640744,LOW,APPROVE,0
0.011393299686077187,LOW,APPROVE,0
0.002708059257167675,LOW,APPROVE,0
0.10603757380030027,MEDIUM,REVIEW,0
0.07121349118283296,LOW,APPROVE,0
0.008110976029449516,LOW,APPROVE,0
0.007563129780646157,LOW,APPROVE,0
0.015996832491429913,LOW,APPROVE,0
0.0075606213192822335,LOW,APPROVE,0
0.005045150282406825,LOW,APPROVE,0
0.0047973336967309195,LOW,APPROVE,0
0.00488269586830667,LOW,APPROVE,0
0.0423818262423455,LOW,APPROVE,0
0.005288508706887544,LOW,APPROVE,0
0.0034837432640689977,LOW,APPROVE,0
0.027227217217929586,LOW,APPROVE,0
0.04964416399182236,LOW,APPROVE,0
0.014453813673167044,LOW,APPROVE,0
0.015996832491429913,LOW,APPROVE,0
0.004981953073027937,LOW,APPROVE,0
0.00753409735485181,LOW,APPROVE,0
0.011971295811619048,LOW,APPROVE,0
0.0029816362699950777,LOW,APPROVE,0
0.008683087778073613,LOW,APPROVE,0
0.004380349454726261,LOW,APPROVE,0
0.0011597074237104828,LOW,APPROVE,0
0.0018391643737378732,LOW,APPROVE,0
0.0014289644077613594,LOW,APPROVE,0
0.004019068431200162,LOW,APPROVE,0
0.04964416399182236,LOW,APPROVE,0
0.010907928466200546,LOW,APPROVE,0
0.0036464189581575644,LOW,APPROVE,0
0.015686273898935465,LOW,APPROVE,0
0.019810191270477333,LOW,APPROVE,0
0.003519798722800866,LOW,APPROVE,0
0.005864597508903222,LOW,APPROVE,0
0.016412915085399663,LOW,APPROVE,0
0.010820477608091402,LOW,APPROVE,0
0.008495971344180194,LOW,APPROVE,0
0.006704420973692205,LOW,APPROVE,0
0.0014289644077613594,LOW,APPROVE,0
0.011082695951351012,LOW,APPROVE,0
0.09151336391632131,LOW,APPROVE,0
0.0014566912463231797,LOW,APPROVE,0
0.04711845775478985,LOW,APPROVE,0
0.0037308314876999386,LOW,APPROVE,0
0.0018659060535843605,LOW,APPROVE,0
0.013044618761586845,LOW,APPROVE,0
0.036719967927863986,LOW,APPROVE,0
0.004199634429084474,LOW,APPROVE,0
0.01849844390855947,LOW,APPROVE,0
0.01464796289958906,LOW,APPROVE,0
0.0008706612430091059,LOW,APPROVE,0
0.0025712347105202476,LOW,APPROVE,0
0.010663171551776093,LOW,APPROVE,0
0.0008706612430091059,LOW,APPROVE,0
0.00183707629446679,LOW,APPROVE,0
0.02199577113568517,LOW,APPROVE,0
0.01532794718583125,LOW,APPROVE,0
0.004656200786860952,LOW,APPROVE,0
0.018571739231790906,LOW,APPROVE,0
0.007368392218296118,LOW,APPROVE,0
0.0017137001740248482,LOW,APPROVE,0
0.0030462967378386695,LOW,APPROVE,0
0.00396645819759635,LOW,APPROVE,0
0.013204761008722912,LOW,APPROVE,0
0.003588591953309215,LOW,APPROVE,0
0.002934708933082267,LOW,APPROVE,0
0.0023133558616758197,LOW,APPROVE,0
0.003472689185682907,LOW,APPROVE,0
0.006002684461045739,LOW,APPROVE,0
0.002934708933082267,LOW,APPROVE,0
0.03241181441303002,LOW,APPROVE,0
0.014504444091517611,LOW,APPROVE,0
0.005130560192310391,LOW,APPROVE,0
0.0014289644077613594,LOW,APPROVE,0
0.003615410910368919,LOW,APPROVE,0
0.036145212609360655,LOW,APPROVE,0
0.004880633156670906,LOW,APPROVE,0
0.004307689531979716,LOW,APPROVE,0
0.004634443816197433,LOW,APPROVE,0
0.005191138394058021,LOW,APPROVE,0
0.005061018750434361,LOW,APPROVE,0
0.00528373107253999,LOW,APPROVE,0
0.002882119035954912,LOW,APPROVE,0
0.015996832491429913,LOW,APPROVE,0
0.01412812330611374,LOW,APPROVE,0
0.0024179912619738905,LOW,APPROVE,0
0.010832205430719175,LOW,APPROVE,0
0.007107421853223113,LOW,APPROVE,0
0.002934708933082267,LOW,APPROVE,0
0.010804128524537111,LOW,APPROVE,0
0.014189753982558267,LOW,APPROVE,0
0.009771610752151232,LOW,APPROVE,0
0.011916012998761273,LOW,APPROVE,0
0.016496363937151495,LOW,APPROVE,0
0.005219386415236811,LOW,APPROVE,0
0.010187768800666018,LOW,APPROVE,0
0.0017621139059906387,LOW,APPROVE,0
0.013885690189903828,LOW,APPROVE,0
0.004740191139950033,LOW,APPROVE,0
0.007850316773267585,LOW,APPROVE,0
0.01143854974709873,LOW,APPROVE,0
0.003328947534243087,LOW,APPROVE,0
0.0035088619715337305,LOW,APPROVE,0
0.002089578252010508,LOW,APPROVE,0
0.0017500569429516975,LOW,APPROVE,0
0.003443486774350805,LOW,APPROVE,0
0.006166844252782764,LOW,APPROVE,0
0.002114512926844909,LOW,APPROVE,0
0.01850468550170942,LOW,APPROVE,0
0.0021570307192776855,LOW,APPROVE,0
0.004086838466729288,LOW,APPROVE,0
0.001904307129324494,LOW,APPROVE,0
0.007272904087039752,LOW,APPROVE,0
0.0374398865880843,LOW,APPROVE,0
0.006110253089256103,LOW,APPROVE,0
0.24392246515823293,MEDIUM,REVIEW,0
0.07140524754559825,LOW,APPROVE,0
0.004292764343981585,LOW,APPROVE,0
0.0033305160870994895,LOW,APPROVE,0
0.005221524754205979,LOW,APPROVE,0
0.007344280412567928,LOW,APPROVE,0
0.0015109334053428746,LOW,APPROVE,0
0.006714566283482447,LOW,APPROVE,0
0.00149198068678812,LOW,APPROVE,0
0.0012629134654459722,LOW,APPROVE,0
0.00390686562038973,LOW,APPROVE,0
0.010585716818680048,LOW,APPROVE,0
0.0032225916211337776,LOW,APPROVE,0
0.0026538032005564123,LOW,APPROVE,0
0.006280904108476259,LOW,APPROVE,0
0.12891532679033735,MEDIUM,REVIEW,0
0.06457938133936335,LOW,APPROVE,0
0.02637091383201648,LOW,APPROVE,0
0.017421078183614623,LOW,APPROVE,0
0.13733534291934182,MEDIUM,REVIEW,0
0.015904313432381988,LOW,APPROVE,0
0.0017760201713912767,LOW,APPROVE,0
0.048231862904841896,LOW,APPROVE,0
0.017421078183614623,LOW,APPROVE,0
0.0042032168284529435,LOW,APPROVE,0
0.002521468411329244,LOW,APPROVE,0
0.0040419831649035785,LOW,APPROVE,0
0.0362944732342052,LOW,APPROVE,0
0.007166684511781782,LOW,APPROVE,0
0.00664043309689062,LOW,APPROVE,0
0.0016131510668190767,LOW,APPROVE,0
0.005896591777301098,LOW,APPROVE,0
0.0042032168284529435,LOW,APPROVE,0
0.0010127353467344695,LOW,APPROVE,0
0.002114512926844909,LOW,APPROVE,0
0.05588568746310038,LOW,APPROVE,0
0.23654324587593803,MEDIUM,REVIEW,0
0.002552635460979055,LOW,APPROVE,0
0.002106144988288131,LOW,APPROVE,0
0.019376881005902888,LOW,APPROVE,0
0.0008297268917513699,LOW,APPROVE,0
0.0042032168284529435,LOW,APPROVE,0
0.0035690253022355794,LOW,APPROVE,0
0.0362944732342052,LOW,APPROVE,0
0.012628582109847101,LOW,APPROVE,0
0.00196520809137046,LOW,APPROVE,0
0.005700768258741741,LOW,APPROVE,0
0.0042032168284529435,LOW,APPROVE,0
0.009762060881878117,LOW,APPROVE,0
0.019774455745810826,LOW,APPROVE,0
0.03647976472000355,LOW,APPROVE,0
0.01289791831638142,LOW,APPROVE,0
0.044360007170658695,LOW,APPROVE,0
0.006829134462767243,LOW,APPROVE,0
0.009426368914765988,LOW,APPROVE,0
0.012921568876684544,LOW,APPROVE,0
0.004351206492158983,LOW,APPROVE,0
0.0011845548919112688,LOW,APPROVE,0
0.003039727198948551,LOW,APPROVE,0
0.015183745522062145,LOW,APPROVE,0
0.0021946827122620817,LOW,APPROVE,0
0.004260335905431535,LOW,APPROVE,0
0.16276121951405967,MEDIUM,REVIEW,0
0.036873902138762286,LOW,APPROVE,0
0.0010880274672418766,LOW,APPROVE,0
0.003116857004030121,LOW,APPROVE,0
0.0013174369040304477,LOW,APPROVE,0
0.0075057526684061395,LOW,APPROVE,0
0.0018575511337126174,LOW,APPROVE,0
0.001200701711715717,LOW,APPROVE,0
0.013381489951340569,LOW,APPROVE,0
0.002111290602353822,LOW,APPROVE,0
0.005894649424223814,LOW,APPROVE,0
0.10459073246636745,MEDIUM,REVIEW,0
0.01804015468886063,LOW,APPROVE,0
0.006778003736927178,LOW,APPROVE,0
0.0037159021230794478,LOW,APPROVE,0
0.0014401768439678095,LOW,APPROVE,0
0.0016366801717610892,LOW,APPROVE,0
0.0036065170112504503,LOW,APPROVE,0
0.003702970928715277,LOW,APPROVE,0
0.001972706381541296,LOW,APPROVE,0
0.04242959866129482,LOW,APPROVE,0
0.00364715748691227,LOW,APPROVE,0
0.002114512926844909,LOW,APPROVE,0
0.048871987230879266,LOW,APPROVE,0
0.003283623959888231,LOW,APPROVE,0
0.002329391301506589,LOW,APPROVE,0
0.005512939157837961,LOW,APPROVE,0
0.006018862175483718,LOW,APPROVE,0
0.028967959031891026,LOW,APPROVE,0
0.6995953391070461,HIGH,BLOCK,1
0.006570045967821,LOW,APPROVE,0
0.009223244710840062,LOW,APPROVE,0
0.016152612801022176,LOW,APPROVE,0
0.7751780263281747,HIGH,BLOCK,1
0.031045046633425038,LOW,APPROVE,0
0.0033613364378296865,LOW,APPROVE,0
0.006049461503479059,LOW,APPROVE,0
0.002249762262725368,LOW,APPROVE,0
0.04646162524443198,LOW,APPROVE,0
0.004529609571003013,LOW,APPROVE,0
0.00888474056633288,LOW,APPROVE,0
0.035290905145125534,LOW,APPROVE,0
0.0032301554510611057,LOW,APPROVE,0
0.006354705494211719,LOW,APPROVE,0
0.0008090630012991706,LOW,APPROVE,0
0.0031989848449274906,LOW,APPROVE,0
0.007269204553839652,LOW,APPROVE,0
0.011168090070661057,LOW,APPROVE,0
0.0012335205094099232,LOW,APPROVE,0
0.0034499168905827537,LOW,APPROVE,0
0.0038340697147104257,LOW,APPROVE,0
0.003546373648157045,LOW,APPROVE,0
0.0023018246944615543,LOW,APPROVE,0
0.020058621501733282,LOW,APPROVE,0
0.007485317745195576,LOW,APPROVE,0
0.00328847735189686,LOW,APPROVE,0
0.006018862175483718,LOW,APPROVE,0
0.00392354319819258,LOW,APPROVE,0
0.05709476812316555,LOW,APPROVE,0
0.031880699191952355,LOW,APPROVE,0
0.0404475984014235,LOW,APPROVE,0
0.0027941266872622485,LOW,APPROVE,0
0.006018862175483718,LOW,APPROVE,0
0.005366737684902138,LOW,APPROVE,0
0.006018862175483718,LOW,APPROVE,0
0.006591298799936073,LOW,APPROVE,0
0.005516827356489121,LOW,APPROVE,0
0.0013884176979435184,LOW,APPROVE,0
0.011151666497357266,LOW,APPROVE,0
0.00899717135011108,LOW,APPROVE,0
0.004695226185786395,LOW,APPROVE,0
0.00482010947210352,LOW,APPROVE,0
0.006018862175483718,LOW,APPROVE,0
0.004980993633854528,LOW,APPROVE,0
0.01833742938375599,LOW,APPROVE,0
0.0004814999517729236,LOW,APPROVE,0
0.0045418396835542295,LOW,APPROVE,0
0.002878730385391214,LOW,APPROVE,0
0.014672295213515431,LOW,APPROVE,0
0.005547540847100728,LOW,APPROVE,0
0.005107501903128981,LOW,APPROVE,0
0.003338598210889243,LOW,APPROVE,0
0.0019621137618399715,LOW,APPROVE,0
0.005794811420055826,LOW,APPROVE,0
0.03481660559662047,LOW,APPROVE,0
0.01951428687078803,LOW,APPROVE,0
0.0032997151346799425,LOW,APPROVE,0
0.008955091904308573,LOW,APPROVE,0
0.0052200493805293225,LOW,APPROVE,0
0.01850642092023923,LOW,APPROVE,0
0.00045511569797028044,LOW,APPROVE,0
0.001929249193388152,LOW,APPROVE,0
0.010768049925351759,LOW,APPROVE,0
0.0017381851797030887,LOW,APPROVE,0
0.006018862175483718,LOW,APPROVE,0
0.004472969904090139,LOW,APPROVE,0
0.006656211783265212,LOW,APPROVE,0
0.011196460150223134,LOW,APPROVE,0
0.0020448973822443923,LOW,APPROVE,0
0.008126821892403945,LOW,APPROVE,0
0.001929249193388152,LOW,APPROVE,0
0.01140280318031385,LOW,APPROVE,0
0.004346073022949802,LOW,APPROVE,0
0.0012106575268243194,LOW,APPROVE,0
0.005984274833139566,LOW,APPROVE,0
0.0020448973822443923,LOW,APPROVE,0
0.021063030924148404,LOW,APPROVE,0
0.011602518610284314,LOW,APPROVE,0
0.0020448973822443923,LOW,APPROVE,0
0.009516270018540777,LOW,APPROVE,0
0.004742699583367529,LOW,APPROVE,0
0.08223990505527633,LOW,APPROVE,0
0.005972067996653872,LOW,APPROVE,0
0.006489134393197731,LOW,APPROVE,0
0.004179288679302673,LOW,APPROVE,0
0.0004814999517729236,LOW,APPROVE,0
0.0030921858755150267,LOW,APPROVE,0
0.005467952504002177,LOW,APPROVE,0
0.0012574524995725119,LOW,APPROVE,0
0.0016033507848467533,LOW,APPROVE,0
0.026241740021602386,LOW,APPROVE,0
0.005843060010506601,LOW,APPROVE,0
0.00565504565364989,LOW,APPROVE,0
0.0032165939673847272,LOW,APPROVE,0
0.01007420685138124,LOW,APPROVE,0
0.0016701158985383193,LOW,APPROVE,0
0.0004814999517729236,LOW,APPROVE,0
0.10802916327539108,MEDIUM,REVIEW,0
0.00482076717321929,LOW,APPROVE,0
0.006376651767449668,LOW,APPROVE,0
0.0033168220896629412,LOW,APPROVE,0
0.1706903061107426,MEDIUM,REVIEW,0
0.006800972368420617,LOW,APPROVE,0
0.004250838624534171,LOW,APPROVE,0
0.01403521563411099,LOW,APPROVE,0
0.007853249726302861,LOW,APPROVE,0
0.0628928927965036,LOW,APPROVE,0
0.005208594846780197,LOW,APPROVE,0
0.007059849215283213,LOW,APPROVE,0
0.22621369077069037,MEDIUM,REVIEW,0
0.0037886810650539886,LOW,APPROVE,0
0.030821243218819867,LOW,APPROVE,0
0.01403221354682833,LOW,APPROVE,0
0.00027056404091438803,LOW,APPROVE,0
0.00544539345925862,LOW,APPROVE,0
0.005433699254095622,LOW,APPROVE,0
0.04069570084409965,LOW,APPROVE,0
0.005626506822913563,LOW,APPROVE,0
0.0029405783537210066,LOW,APPROVE,0
0.0033967142417871345,LOW,APPROVE,0
0.003999071186517609,LOW,APPROVE,0
0.003610253019546758,LOW,APPROVE,0
0.011222166029658144,LOW,APPROVE,0
0.004436968709939711,LOW,APPROVE,0
0.018247985629787092,LOW,APPROVE,0
0.012690692643298532,LOW,APPROVE,0
0.0012594908958402534,LOW,APPROVE,0
0.0038651145770515092,LOW,APPROVE,0
0.006105369308088157,LOW,APPROVE,0
0.002289801143485586,LOW,APPROVE,0
0.006545678876762475,LOW,APPROVE,0
0.01072128892201645,LOW,APPROVE,0
0.001606915539202062,LOW,APPROVE,0
0.0006309115304882115,LOW,APPROVE,0
0.013552675790647261,LOW,APPROVE,0
0.02291314384939142,LOW,APPROVE,0
0.0028887933795678604,LOW,APPROVE,0
0.014176640502953808,LOW,APPROVE,0
0.011222166029658144,LOW,APPROVE,0
0.001469426038728426,LOW,APPROVE,0
0.004607721065014256,LOW,APPROVE,0
0.008945125580679923,LOW,APPROVE,0
0.0037932866752978423,LOW,APPROVE,0
0.000770986944241336,LOW,APPROVE,0
0.0027560118360855095,LOW,APPROVE,0
0.000770986944241336,LOW,APPROVE,0
0.0027530223337197068,LOW,APPROVE,0
0.0023277617129942767,LOW,APPROVE,0
0.005944037308964526,LOW,APPROVE,0
0.0016004566749911726,LOW,APPROVE,0
0.0015341776218077714,LOW,APPROVE,0
0.0027577376921550057,LOW,APPROVE,0
0.011462287640595847,LOW,APPROVE,0
0.018247985629787092,LOW,APPROVE,0
0.0016385911068784683,LOW,APPROVE,0
0.00207802248358189,LOW,APPROVE,0
0.0072636335160323855,LOW,APPROVE,0
0.00045511569797028044,LOW,APPROVE,0
0.02401810041861874,LOW,APPROVE,0
0.0036065170112504503,LOW,APPROVE,0
0.004394836724858619,LOW,APPROVE,0
0.02296305038510829,LOW,APPROVE,0
0.014142352116783857,LOW,APPROVE,0
0.010112692969124263,LOW,APPROVE,0
0.0020822722854271255,LOW,APPROVE,0
0.00024301968082902914,LOW,APPROVE,0
0.004318361442234686,LOW,APPROVE,0
0.0049722492371122055,LOW,APPROVE,0
0.021791988146538318,LOW,APPROVE,0
0.0004814999517729236,LOW,APPROVE,0
0.003120576751949118,LOW,APPROVE,0
0.0015378619216792288,LOW,APPROVE,0
0.009064108503916386,LOW,APPROVE,0
0.0018314046692608742,LOW,APPROVE,0
0.005778596029217883,LOW,APPROVE,0
0.0026208488676562613,LOW,APPROVE,0
0.0550948935792248,LOW,APPROVE,0
0.00207242725773251,LOW,APPROVE,0
0.003990011072611011,LOW,APPROVE,0
0.010959015079493057,LOW,APPROVE,0
0.003226387799016258,LOW,APPROVE,0
0.03168090777604376,LOW,APPROVE,0
0.0010941953365808288,LOW,APPROVE,0
0.006245063371323854,LOW,APPROVE,0
0.0024969375956546496,LOW,APPROVE,0
0.06032771901507725,LOW,APPROVE,0
0.7383295055495211,HIGH,BLOCK,1
0.8896209556744181,HIGH,BLOCK,1
0.11727717260134526,MEDIUM,REVIEW,0
0.004286263858331478,LOW,APPROVE,0
0.0022669560039043804,LOW,APPROVE,0
0.02199131679623927,LOW,APPROVE,0
0.8896209556744181,HIGH,BLOCK,1
0.0068250979616166114,LOW,APPROVE,0
0.03744061337842385,LOW,APPROVE,0
0.00387661167495305,LOW,APPROVE,0
0.0031066789084903423,LOW,APPROVE,0
0.003226470644292601,LOW,APPROVE,0
0.004593051607878458,LOW,APPROVE,0
0.0017960824028811636,LOW,APPROVE,0
0.10919499902175948,MEDIUM,REVIEW,0
0.003913493381407932,LOW,APPROVE,0
0.0031281269458913524,LOW,APPROVE,0
0.03168090777604376,LOW,APPROVE,0
0.006634709833452629,LOW,APPROVE,0
0.009176718930658216,LOW,APPROVE,0
0.006188616030907993,LOW,APPROVE,0
0.0029688439364339097,LOW,APPROVE,0
0.008109412962775115,LOW,APPROVE,0
0.008776126706829463,LOW,APPROVE,0
0.016982431502722814,LOW,APPROVE,0
0.033041832546413255,LOW,APPROVE,0
0.0023352776350293704,LOW,APPROVE,0
0.012607197675873885,LOW,APPROVE,0
0.03873651097008829,LOW,APPROVE,0
0.002556550139669325,LOW,APPROVE,0
0.015391634608503204,LOW,APPROVE,0
0.0036120950011188117,LOW,APPROVE,0
0.001481947055887862,LOW,APPROVE,0
0.005115993556539525,LOW,APPROVE,0
0.007764517824822264,LOW,APPROVE,0
0.0068158461928075065,LOW,APPROVE,0
0.00982366387873544,LOW,APPROVE,0
0.011925075858841418,LOW,APPROVE,0
0.04876136651652939,LOW,APPROVE,0
0.004241823715402946,LOW,APPROVE,0
0.0019238439093126533,LOW,APPROVE,0
0.002534917774835502,LOW,APPROVE,0
0.0006421336872798481,LOW,APPROVE,0
0.0030504429999706983,LOW,APPROVE,0
0.024866641716554075,LOW,APPROVE,0
0.06103245427102736,LOW,APPROVE,0
0.00796699095889464,LOW,APPROVE,0
0.020341994526254722,LOW,APPROVE,0
0.006890833566163625,LOW,APPROVE,0
0.0029893339954324906,LOW,APPROVE,0
0.0019799074408100438,LOW,APPROVE,0
0.04009854039509749,LOW,APPROVE,0
0.02883139693598704,LOW,APPROVE,0
0.03842806449863332,LOW,APPROVE,0
0.004431097820167591,LOW,APPROVE,0
0.006446837133994452,LOW,APPROVE,0
0.017421078183614623,LOW,APPROVE,0
0.00445825952199344,LOW,APPROVE,0
0.021664059012175475,LOW,APPROVE,0
0.01111586807139753,LOW,APPROVE,1
0.00046440841845363234,LOW,APPROVE,0
0.07927833819422132,LOW,APPROVE,0
0.01026092037553846,LOW,APPROVE,0
0.005029964937590708,LOW,APPROVE,0
0.03310376720931502,LOW,APPROVE,0
0.0062037547246400135,LOW,APPROVE,0
0.01042527641058639,LOW,APPROVE,0
0.007948994962449184,LOW,APPROVE,0
0.004980805338325005,LOW,APPROVE,0
0.061776757929360146,LOW,APPROVE,0
0.00410129749209424,LOW,APPROVE,0
0.008706620754230667,LOW,APPROVE,0
0.00924093301546468,LOW,APPROVE,0
0.022748576255616847,LOW,APPROVE,0
0.010998149596947145,LOW,APPROVE,0
0.0023016559504890084,LOW,APPROVE,0
0.03646764515880151,LOW,APPROVE,0
0.0020251817930433784,LOW,APPROVE,0
0.045448182254030974,LOW,APPROVE,0
0.12762923667728787,MEDIUM,REVIEW,0
0.004923088451914615,LOW,APPROVE,0
0.001557865847738057,LOW,APPROVE,0
0.00026312445889799127,LOW,APPROVE,0
0.0016949217142478276,LOW,APPROVE,0
0.012043729654989798,LOW,APPROVE,0
0.0016766490543968263,LOW,APPROVE,0
0.038373674468102074,LOW,APPROVE,0
0.010452809773455739,LOW,APPROVE,0
0.0018919616796192267,LOW,APPROVE,0
0.016458895974002834,LOW,APPROVE,0
0.00319778744702409,LOW,APPROVE,0
0.002347012741450077,LOW,APPROVE,0
0.20567486201586577,MEDIUM,REVIEW,0
0.01042527641058639,LOW,APPROVE,0
0.023467299137329718,LOW,APPROVE,0
0.05557596654327279,LOW,APPROVE,0
0.002979033776817986,LOW,APPROVE,0
0.022531558237619303,LOW,APPROVE,0
0.029690038925625252,LOW,APPROVE,0
0.0033471883426555507,LOW,APPROVE,0
0.0029712770363049903,LOW,APPROVE,0
0.0031500553151717066,LOW,APPROVE,0
0.005714667353509031,LOW,APPROVE,0
0.027119998239454893,LOW,APPROVE,0
0.013187524097751879,LOW,APPROVE,0
0.0024962760240022116,LOW,APPROVE,0
0.0008893948293082797,LOW,APPROVE,0
0.0036194999359068026,LOW,APPROVE,0
0.0024547193841406518,LOW,APPROVE,0
0.011910841665371631,LOW,APPROVE,0
0.00733662724635288,LOW,APPROVE,0
0.0018591362767942919,LOW,APPROVE,0
0.008101530563308368,LOW,APPROVE,0
0.009698782779567547,LOW,APPROVE,0
0.014668733575896653,LOW,APPROVE,0
0.019463685812387062,LOW,APPROVE,0
0.010998149596947145,LOW,APPROVE,0
0.0025090121829377653,LOW,APPROVE,0
0.004309246195254302,LOW,APPROVE,0
0.002778451875013133,LOW,APPROVE,0
0.0032785489241305543,LOW,APPROVE,0
0.0026878769634332608,LOW,APPROVE,0
0.0010263399432886566,LOW,APPROVE,0
0.0031765459572324767,LOW,APPROVE,0
0.012931513295362318,LOW,APPROVE,1
0.0016432622182325194,LOW,APPROVE,0
0.034755430936745185,LOW,APPROVE,0
0.0018249514293400258,LOW,APPROVE,0
0.003432922748878842,LOW,APPROVE,0
0.011119680322122646,LOW,APPROVE,0
0.009333734407615786,LOW,APPROVE,0
0.01042527641058639,LOW,APPROVE,0
0.004561272655741973,LOW,APPROVE,0
0.0021434129791953692,LOW,APPROVE,0
0.0059385837112953975,LOW,APPROVE,0
0.016335795102556283,LOW,APPROVE,0
0.0015436571376537952,LOW,APPROVE,0
0.003082284816544575,LOW,APPROVE,1
0.0027940653980555513,LOW,APPROVE,0
0.837604064050969,HIGH,BLOCK,1
0.00234279008433762,LOW,APPROVE,0
0.003250614344089411,LOW,APPROVE,0
0.013646339365419743,LOW,APPROVE,0
0.007096090061687976,LOW,APPROVE,0
0.013063931168747631,LOW,APPROVE,0
0.032382913761928214,LOW,APPROVE,0
0.837604064050969,HIGH,BLOCK,1
0.011609023305917846,LOW,APPROVE,0
0.004835714043891326,LOW,APPROVE,0
0.004832550337387973,LOW,APPROVE,0
0.837604064050969,HIGH,BLOCK,1
0.010611875865836765,LOW,APPROVE,0
0.028289124811392643,LOW,APPROVE,0
0.01286806211577405,LOW,APPROVE,0
0.0065277348060029374,LOW,APPROVE,0
0.003580694366261771,LOW,APPROVE,0
0.007971909090967403,LOW,APPROVE,0
0.015668991681561033,LOW,APPROVE,0
0.009358248065332973,LOW,APPROVE,0
0.02631832931988686,LOW,APPROVE,0
0.09818766801087593,LOW,APPROVE,0
0.6894759026907209,HIGH,BLOCK,1
0.015668991681561033,LOW,APPROVE,0
0.05229957775103453,LOW,APPROVE,0
0.012321595192384316,LOW,APPROVE,0
0.0016905234990119572,LOW,APPROVE,0
0.0011398113113750706,LOW,APPROVE,0
0.004069144397317916,LOW,APPROVE,0
0.015668991681561033,LOW,APPROVE,0
0.001993418128404362,LOW,APPROVE,0
0.0025112843531725046,LOW,APPROVE,0
0.030901449880029398,LOW,APPROVE,0
0.038399598716872534,LOW,APPROVE,0
0.0009278539332312719,LOW,APPROVE,0
0.0017679787485251285,LOW,APPROVE,0
0.01917540937133245,LOW,APPROVE,0
0.008778893179662574,LOW,APPROVE,0
0.009511788791463527,LOW,APPROVE,0
0.0024141902131248356,LOW,APPROVE,0
0.0032663938451432885,LOW,APPROVE,0
0.0034662951892557347,LOW,APPROVE,0
0.021194686745960836,LOW,APPROVE,0
0.1284874126013333,MEDIUM,REVIEW,0
0.0031226198723175763,LOW,APPROVE,0
0.0012346941480011649,LOW,APPROVE,0
0.0021881557073111144,LOW,APPROVE,0
0.024381502248839695,LOW,APPROVE,0
0.0033396495751138303,LOW,APPROVE,0
0.004228925154615691,LOW,APPROVE,0
0.02657594517334802,LOW,APPROVE,0
0.04699714162739153,LOW,APPROVE,0
0.006478232361950468,LOW,APPROVE,0
0.002779133214369928,LOW,APPROVE,0
0.006593356808266532,LOW,APPROVE,0
0.7686198867959098,HIGH,BLOCK,1
0.001860625027793537,LOW,APPROVE,0
0.0342746823986318,LOW,APPROVE,0
0.005415996916613138,LOW,APPROVE,0
0.0015471047485987848,LOW,APPROVE,0
0.013693573318804454,LOW,APPROVE,0
0.013783010762770376,LOW,APPROVE,0
0.0009563644571248757,LOW,APPROVE,0
0.05397765309611317,LOW,APPROVE,0
0.0055039409516245644,LOW,APPROVE,0
0.002266792033651828,LOW,APPROVE,0
0.0078838235708074,LOW,APPROVE,0
0.002167936774658279,LOW,APPROVE,0
0.014722971337717048,LOW,APPROVE,0
0.005705575759095695,LOW,APPROVE,0
0.005413640632574429,LOW,APPROVE,0
0.0007954338890929722,LOW,APPROVE,0
0.0019511359579140713,LOW,APPROVE,0
0.18205835026637102,MEDIUM,REVIEW,0
0.015858519873262828,LOW,APPROVE,0
0.00415498008998733,LOW,APPROVE,0
0.004420041260420827,LOW,APPROVE,0
0.00314093521716084,LOW,APPROVE,0
0.09654087897507191,LOW,APPROVE,0
0.002351020161024771,LOW,APPROVE,0
0.008262333085979555,LOW,APPROVE,0
0.00800697293838464,LOW,APPROVE,1
0.020317939697950534,LOW,APPROVE,0
0.005380537376573345,LOW,APPROVE,0
0.0024901491149809237,LOW,APPROVE,0
0.0007299821331585241,LOW,APPROVE,0
0.003188092459684096,LOW,APPROVE,0
0.010930172184826,LOW,APPROVE,0
0.01115641719097454,LOW,APPROVE,0
0.0018697043605859426,LOW,APPROVE,0
0.0023243619971787316,LOW,APPROVE,0
0.039043915849178594,LOW,APPROVE,0
0.0088168723242303,LOW,APPROVE,0
0.022558607863240758,LOW,APPROVE,0
0.004558263434170814,LOW,APPROVE,0
0.030204053113496547,LOW,APPROVE,0
0.0016333360113007487,LOW,APPROVE,0
0.00510174020865847,LOW,APPROVE,0
0.005303135005628211,LOW,APPROVE,0
0.0027287577292584722,LOW,APPROVE,0
0.022034917309882694,LOW,APPROVE,0
0.005571439745322958,LOW,APPROVE,0
0.0014859724016501132,LOW,APPROVE,0
0.029759724855292154,LOW,APPROVE,0
0.003035719528565339,LOW,APPROVE,0
0.0079840544268767,LOW,APPROVE,0
0.003044021264960729,LOW,APPROVE,0
0.009040783813781345,LOW,APPROVE,0
0.020161822491378736,LOW,APPROVE,0
0.00498436627582054,LOW,APPROVE,0
0.008973118096853753,LOW,APPROVE,0
0.011216607468498563,LOW,APPROVE,0
0.0008875805319690618,LOW,APPROVE,0
0.0016703241014695265,LOW,APPROVE,0
0.009087768685775918,LOW,APPROVE,0
0.007124494380290186,LOW,APPROVE,0
0.05281735955826955,LOW,APPROVE,0
0.0016526835619472167,LOW,APPROVE,0
0.010861513767052525,LOW,APPROVE,0
0.0018390799839474454,LOW,APPROVE,0
0.005189123731634986,LOW,APPROVE,0
0.022171066650163846,LOW,APPROVE,0
0.0038828327264177017,LOW,APPROVE,0
0.0041746797819056485,LOW,APPROVE,0
0.002339451278249964,LOW,APPROVE,0
0.0009160182410949434,LOW,APPROVE,0
0.0018864943659448784,LOW,APPROVE,0
0.0034973914226846077,LOW,APPROVE,0
0.0015840201955119309,LOW,APPROVE,0
0.01753612196437338,LOW,APPROVE,0
0.0006424388642066509,LOW,APPROVE,0
0.004999959339685995,LOW,APPROVE,0
0.0015481693345831917,LOW,APPROVE,0
0.0014042931034950275,LOW,APPROVE,0
0.002051419387711663,LOW,APPROVE,0
0.0714841820138906,LOW,APPROVE,0
0.004029461818872889,LOW,APPROVE,0
0.007966136560875909,LOW,APPROVE,0
0.005138888246290389,LOW,APPROVE,0
0.009804054201110936,LOW,APPROVE,0
0.000971060452226071,LOW,APPROVE,0
0.23803965103303884,MEDIUM,REVIEW,0
0.005397586890708774,LOW,APPROVE,0
0.01056564396784944,LOW,APPROVE,0
0.00902150352600692,LOW,APPROVE,0
0.0024901491149809237,LOW,APPROVE,0
0.006045306797455739,LOW,APPROVE,0
0.00762938004524286,LOW,APPROVE,0
0.007437580121031174,LOW,APPROVE,0
0.01782728381102429,LOW,APPROVE,0
0.013389800491329928,LOW,APPROVE,0
0.00624407026885168,LOW,APPROVE,0
0.05281735955826955,LOW,APPROVE,0
0.0042891088955366394,LOW,APPROVE,0
0.0035844980458423076,LOW,APPROVE,0
0.001561346678810187,LOW,APPROVE,0
0.04810699656239138,LOW,APPROVE,1
0.0013469498673299145,LOW,APPROVE,0
0.05333763228554552,LOW,APPROVE,0
0.005320204659462545,LOW,APPROVE,0
0.0009563644571248757,LOW,APPROVE,0
0.0023471161175840816,LOW,APPROVE,0
0.0015917584541534674,LOW,APPROVE,0
0.007979063308174807,LOW,APPROVE,0
0.006549243017586453,LOW,APPROVE,0
0.0015378921241709946,LOW,APPROVE,0
0.001633057097822689,LOW,APPROVE,0
0.007967449230762485,LOW,APPROVE,0
0.0019547574003183255,LOW,APPROVE,0
0.0015378921241709946,LOW,APPROVE,0
0.00939169444517837,LOW,APPROVE,0
0.003261890651693015,LOW,APPROVE,0
0.0030611827558832756,LOW,APPROVE,0
0.001633057097822689,LOW,APPROVE,0
0.0011347242124006365,LOW,APPROVE,0
0.003791932339772824,LOW,APPROVE,0
0.0029219446666720822,LOW,APPROVE,0
0.005564715959155582,LOW,APPROVE,0
0.05471597333497812,LOW,APPROVE,1
0.0026227170084322455,LOW,APPROVE,0
0.007683181024511867,LOW,APPROVE,0
0.0021547852667834857,LOW,APPROVE,0
0.0014548584052166084,LOW,APPROVE,0
0.0015197590532028532,LOW,APPROVE,0
0.0009563644571248757,LOW,APPROVE,0
0.002525611402514655,LOW,APPROVE,0
0.0027376396204733216,LOW,APPROVE,0
0.010004415058897966,LOW,APPROVE,0
0.00598603417180087,LOW,APPROVE,0
0.0021917238885829225,LOW,APPROVE,0
0.022014115570601657,LOW,APPROVE,0
0.005412271364141176,LOW,APPROVE,1
0.0021547852667834857,LOW,APPROVE,0
0.002080427511623923,LOW,APPROVE,0
0.002080427511623923,LOW,APPROVE,0
0.011315958019375714,LOW,APPROVE,0
0.0168557674894808,LOW,APPROVE,0
0.00040278638680116356,LOW,APPROVE,0
0.014897573345330963,LOW,APPROVE,0
0.0014699374545661253,LOW,APPROVE,0
0.0031551610924649043,LOW,APPROVE,0
0.004355416737710966,LOW,APPROVE,0
0.0006785641053828358,LOW,APPROVE,0
0.04922427623949197,LOW,APPROVE,0
0.006316490239511467,LOW,APPROVE,0
0.00212487271465556,LOW,APPROVE,0
0.0051945042491185435,LOW,APPROVE,0
0.013460101333257287,LOW,APPROVE,0
0.002933549799793494,LOW,APPROVE,0
0.0058823427712181645,LOW,APPROVE,0
0.012094260353239015,LOW,APPROVE,0
0.02541805587776501,LOW,APPROVE,0
0.012068504007762845,LOW,APPROVE,0
0.010516338492449102,LOW,APPROVE,0
0.01095534331973917,LOW,APPROVE,0
0.007388832075317678,LOW,APPROVE,0
0.004096792007831793,LOW,APPROVE,0
0.012504151642617395,LOW,APPROVE,0
0.0014393227444728087,LOW,APPROVE,0
0.025775818633103104,LOW,APPROVE,0
0.0010318928469063573,LOW,APPROVE,0
0.008258664669089522,LOW,APPROVE,0
0.06207150584626918,LOW,APPROVE,0
0.040906173817586655,LOW,APPROVE,0
0.014834238519607863,LOW,APPROVE,0
0.006771709277735323,LOW,APPROVE,0
0.13468502429373805,MEDIUM,REVIEW,1
0.013013186870345457,LOW,APPROVE,0
0.00046981509260871594,LOW,APPROVE,0
0.006883387696294243,LOW,APPROVE,0
0.006552406398458883,LOW,APPROVE,0
0.020631447800181144,LOW,APPROVE,0
0.010046472425449269,LOW,APPROVE,0
0.008376609807853999,LOW,APPROVE,0
0.003059070485926963,LOW,APPROVE,0
0.02392116264696569,LOW,APPROVE,0
0.005742986590349669,LOW,APPROVE,0
0.014607898730763081,LOW,APPROVE,0
0.0028317988115519315,LOW,APPROVE,0
0.005813454278171623,LOW,APPROVE,0
0.001416525256883034,LOW,APPROVE,0
0.0015774282419937574,LOW,APPROVE,0
0.01071857108705127,LOW,APPROVE,0
0.026340105199391114,LOW,APPROVE,0
0.020555323486535715,LOW,APPROVE,0
0.024473256129659747,LOW,APPROVE,0
0.0168557674894808,LOW,APPROVE,0
0.007243496615303159,LOW,APPROVE,0
0.0027096832900249082,LOW,APPROVE,0
0.011016164319465829,LOW,APPROVE,0
0.0039358597587346965,LOW,APPROVE,0
0.0005016918905628075,LOW,APPROVE,0
0.014833300890004116,LOW,APPROVE,0
0.011410734137893001,LOW,APPROVE,0
0.008110835716095593,LOW,APPROVE,0
0.0038559918497811387,LOW,APPROVE,0
0.012203756889315335,LOW,APPROVE,0
0.038774552480654326,LOW,APPROVE,0
0.0009687043108714934,LOW,APPROVE,0
0.010012074475637551,LOW,APPROVE,0
0.004725815503167005,LOW,APPROVE,0
0.03914155222228873,LOW,APPROVE,0
0.014555017125445272,LOW,APPROVE,0
0.002136378825276872,LOW,APPROVE,0
0.014171483044218653,LOW,APPROVE,0
0.0018247330366579569,LOW,APPROVE,0
0.02436750842915148,LOW,APPROVE,0
0.0025345086078703404,LOW,APPROVE,0
0.0032849889650737657,LOW,APPROVE,0
0.0015544197072810972,LOW,APPROVE,0
0.0041646074934756335,LOW,APPROVE,0
0.00853160130305409,LOW,APPROVE,0
0.022318089182146506,LOW,APPROVE,0
0.045128725842836004,LOW,APPROVE,0
0.0009563644571248757,LOW,APPROVE,0
0.005429004493505913,LOW,APPROVE,0
0.02558218467560292,LOW,APPROVE,0
0.0025768017110637297,LOW,APPROVE,0
0.0017428643783935676,LOW,APPROVE,0
0.0016576270353425473,LOW,APPROVE,0
0.001852584421745762,LOW,APPROVE,0
0.00027048500080324326,LOW,APPROVE,0
0.002698469041864869,LOW,APPROVE,0
0.003609688972981026,LOW,APPROVE,0
0.006094203482905818,LOW,APPROVE,0
0.0014451304050288345,LOW,APPROVE,0
0.001539845347678626,LOW,APPROVE,0
0.005758148022054638,LOW,APPROVE,0
0.0006685697682620087,LOW,APPROVE,0
0.028587028891953956,LOW,APPROVE,0
0.0024490189014880976,LOW,APPROVE,0
0.018506226264902347,LOW,APPROVE,0
0.0029754523261391083,LOW,APPROVE,0
0.007637150039045284,LOW,APPROVE,0
0.0057619456956463115,LOW,APPROVE,0
0.0023885244114168597,LOW,APPROVE,0
0.20233094433507348,MEDIUM,REVIEW,0
0.014439074312629252,LOW,APPROVE,0
0.00429694899206008,LOW,APPROVE,0
0.001925710933848149,LOW,APPROVE,0
0.012575007105840275,LOW,APPROVE,0
0.0031745416829406813,LOW,APPROVE,0
0.015074517066925947,LOW,APPROVE,0
0.0027376396204733216,LOW,APPROVE,0
0.0060258492614024784,LOW,APPROVE,0
0.055629964117018954,LOW,APPROVE,0
0.0036124384887289123,LOW,APPROVE,0
0.0016576270353425473,LOW,APPROVE,0
0.007131772076644619,LOW,APPROVE,0
0.001539845347678626,LOW,APPROVE,0
0.010010010178943948,LOW,APPROVE,0
0.002491652477876552,LOW,APPROVE,0
0.037423714741702634,LOW,APPROVE,0
0.003392580817038468,LOW,APPROVE,0
0.016460173743960974,LOW,APPROVE,1
0.0011547889088605393,LOW,APPROVE,0
0.005663323430999311,LOW,APPROVE,0
0.0014598831663260024,LOW,APPROVE,0
0.0013643887824929131,LOW,APPROVE,0
0.02626369585350052,LOW,APPROVE,0
0.004447911374201765,LOW,APPROVE,0
0.002697535794423713,LOW,APPROVE,0
0.0021955232641985654,LOW,APPROVE,0
0.00048736770951251157,LOW,APPROVE,0
0.010526090817242269,LOW,APPROVE,0
0.006210550867763052,LOW,APPROVE,0
0.06776076092640455,LOW,APPROVE,0
0.06957537939207742,LOW,APPROVE,0
0.004985426010544388,LOW,APPROVE,0
0.0026026457462501548,LOW,APPROVE,0
0.014687916246947593,LOW,APPROVE,0
0.006561297136496129,LOW,APPROVE,0
0.017462804720017683,LOW,APPROVE,0
0.0010365429197985395,LOW,APPROVE,0
0.013630575276340751,LOW,APPROVE,0
0.012477334368665539,LOW,APPROVE,0
0.13480852406668295,MEDIUM,REVIEW,0
0.0028800678855765596,LOW,APPROVE,0
0.007987123453388091,LOW,APPROVE,0
0.005286144946795776,LOW,APPROVE,0
0.0020448973822443923,LOW,APPROVE,0
0.0026771587865285114,LOW,APPROVE,0
0.03381057957772232,LOW,APPROVE,0
0.0017422959285060286,LOW,APPROVE,0
0.0004697049443128771,LOW,APPROVE,0
0.005062810299380938,LOW,APPROVE,0
0.0020448973822443923,LOW,APPROVE,0
0.025078280749556175,LOW,APPROVE,0
0.005048927260320824,LOW,APPROVE,0
0.015070779599286885,LOW,APPROVE,0
0.0010537159148628465,LOW,APPROVE,0
0.0019725874556114423,LOW,APPROVE,0
0.004082264970364782,LOW,APPROVE,0
0.041366184931809415,LOW,APPROVE,0
0.0005116709111609932,LOW,APPROVE,0
0.002235622109802191,LOW,APPROVE,0
0.12094467386371141,MEDIUM,REVIEW,0
0.03962555639946141,LOW,APPROVE,0
0.005580726951668949,LOW,APPROVE,0
0.01017455304995208,LOW,APPROVE,0
0.010054984605774924,LOW,APPROVE,0
0.0101045005134804,LOW,APPROVE,0
0.014684445476166387,LOW,APPROVE,0
0.011973559522329341,LOW,APPROVE,0
0.0009690272549509257,LOW,APPROVE,0
0.07766433642262405,LOW,APPROVE,0
0.0045732879693107945,LOW,APPROVE,0
0.0007241753385728463,LOW,APPROVE,0
0.0028028806566392033,LOW,APPROVE,0
0.0015395883652568449,LOW,APPROVE,0
0.11506680858651677,MEDIUM,REVIEW,0
0.007403709779173013,LOW,APPROVE,0
0.0012168019772452303,LOW,APPROVE,0
0.012024754289255741,LOW,APPROVE,0
0.008088852227454308,LOW,APPROVE,0
0.007529505658005157,LOW,APPROVE,0
0.006793284043193218,LOW,APPROVE,0
0.003685278246823102,LOW,APPROVE,0
0.007942388792230746,LOW,APPROVE,0
0.0018249148746664326,LOW,APPROVE,0
0.006920779215356196,LOW,APPROVE,0
0.002338492931944419,LOW,APPROVE,0
0.00511911960429824,LOW,APPROVE,0
0.002802784946567159,LOW,APPROVE,0
0.022451932318941256,LOW,APPROVE,0
0.009445964431446453,LOW,APPROVE,0
0.002140124687123908,LOW,APPROVE,0
0.041557656852512954,LOW,APPROVE,0
0.010362981380974648,LOW,APPROVE,0
0.0012992898122286762,LOW,APPROVE,0
0.004781242577379615,LOW,APPROVE,0
0.007885995624106563,LOW,APPROVE,0
0.0038769390678109025,LOW,APPROVE,0
0.026915814368048598,LOW,APPROVE,0
0.025613982188454263,LOW,APPROVE,0
0.0022219160470483136,LOW,APPROVE,0
0.005191287284476824,LOW,APPROVE,0
0.0028088562211793363,LOW,APPROVE,0
0.0029955493890470803,LOW,APPROVE,0
0.04658424189891188,LOW,APPROVE,0
0.020024509389954235,LOW,APPROVE,0
0.010233589084229082,LOW,APPROVE,0
0.018636999377289246,LOW,APPROVE,0
0.008476725557517285,LOW,APPROVE,0
0.044087889202321394,LOW,APPROVE,0
0.00392405668799074,LOW,APPROVE,0
0.0007002526025669489,LOW,APPROVE,0
0.006489703485237416,LOW,APPROVE,0
0.022139140245422458,LOW,APPROVE,0
0.0019336218202320717,LOW,APPROVE,0
0.010774028254374565,LOW,APPROVE,0
0.007464288713433297,LOW,APPROVE,0
0.0032152939165012813,LOW,APPROVE,0
0.004885876591050791,LOW,APPROVE,0
0.0015189555824803294,LOW,APPROVE,0
0.001676400333534763,LOW,APPROVE,0
0.004051846989079162,LOW,APPROVE,0
0.006920492995026818,LOW,APPROVE,0
0.009261843426779331,LOW,APPROVE,0
0.006351343829379391,LOW,APPROVE,0
0.022755127968823136,LOW,APPROVE,0
0.004441915766348375,LOW,APPROVE,0
0.012389122237794235,LOW,APPROVE,0
0.007670779813171826,LOW,APPROVE,0
0.0052548144768963375,LOW,APPROVE,0
0.06616541771054657,LOW,APPROVE,0
0.0011972245515453571,LOW,APPROVE,0
0.005935932278235412,LOW,APPROVE,0
0.014784970612885022,LOW,APPROVE,0
0.04127982969939209,LOW,APPROVE,0
0.028356015159825845,LOW,APPROVE,0
0.005490180950522307,LOW,APPROVE,0
0.005506195778532703,LOW,APPROVE,0
0.013538629153087307,LOW,APPROVE,0
0.00584439626409004,LOW,APPROVE,0
0.028510333636332316,LOW,APPROVE,0
0.004590549784563919,LOW,APPROVE,0
0.006031378316433677,LOW,APPROVE,0
0.0030652512379302005,LOW,APPROVE,0
0.03880301928531312,LOW,APPROVE,0
0.012491242577116752,LOW,APPROVE,0
0.005813454278171623,LOW,APPROVE,0
0.0021782913495506334,LOW,APPROVE,0
0.0019684736099366026,LOW,APPROVE,0
0.01102658904003636,LOW,APPROVE,0
0.002224811247943194,LOW,APPROVE,0
0.006611865258662386,LOW,APPROVE,0
0.009202223719742077,LOW,APPROVE,0
0.004597609609184872,LOW,APPROVE,0
0.0036859425668240475,LOW,APPROVE,0
0.01846090551371542,LOW,APPROVE,0
0.03246904920887575,LOW,APPROVE,0
0.010967562276909216,LOW,APPROVE,0
0.016928295031455397,LOW,APPROVE,0
0.0017751648701883344,LOW,APPROVE,0
0.0029137675483198607,LOW,APPROVE,0
0.04282176904635866,LOW,APPROVE,0
0.027756943670460915,LOW,APPROVE,0
0.004336259590189613,LOW,APPROVE,0
0.002079472382544674,LOW,APPROVE,0
0.014142664276310208,LOW,APPROVE,0
0.014051912622371786,LOW,APPROVE,0
0.015225882962413149,LOW,APPROVE,0
0.014784970612885022,LOW,APPROVE,0
0.0038559918497811387,LOW,APPROVE,0
0.003356187135805332,LOW,APPROVE,0
0.0026379677795782715,LOW,APPROVE,0
0.10778542461809541,MEDIUM,REVIEW,0
0.013852315596965889,LOW,APPROVE,0
0.0010420574082539583,LOW,APPROVE,0
0.01388329523071404,LOW,APPROVE,0
0.008353465604235022,LOW,APPROVE,0
0.017383775759227494,LOW,APPROVE,0
0.061896345634439506,LOW,APPROVE,0
0.004904894776252205,LOW,APPROVE,0
0.01265686203839964,LOW,APPROVE,0
0.017774702361521597,LOW,APPROVE,0
0.002437594271500983,LOW,APPROVE,0
0.007327058848695473,LOW,APPROVE,0
0.010495455894230066,LOW,APPROVE,0
0.00756011748280478,LOW,APPROVE,0
0.0013053632716220505,LOW,APPROVE,0
0.020337346335556596,LOW,APPROVE,0
0.011012315892721938,LOW,APPROVE,0
0.022171542555174034,LOW,APPROVE,0
0.015435228985072448,LOW,APPROVE,0
0.004686174794521264,LOW,APPROVE,0
0.007459181678188845,LOW,APPROVE,0
0.005128168775228095,LOW,APPROVE,0
0.0010258552691615125,LOW,APPROVE,0
0.0010258552691615125,LOW,APPROVE,0
0.0012196891273664862,LOW,APPROVE,0
0.008308492207488973,LOW,APPROVE,0
0.008947826492456488,LOW,APPROVE,0
0.006073786543124516,LOW,APPROVE,0
0.00151755572186883,LOW,APPROVE,0
0.00890684397741987,LOW,APPROVE,0
0.001697245910466588,LOW,APPROVE,0
0.0012196891273664862,LOW,APPROVE,0
0.004039561864120314,LOW,APPROVE,0
0.025073046769268918,LOW,APPROVE,0
0.004608353003829303,LOW,APPROVE,0
0.0060964313503815695,LOW,APPROVE,0
0.0012196891273664862,LOW,APPROVE,0
0.007858290547916322,LOW,APPROVE,0
0.0008035464518810001,LOW,APPROVE,0
0.0031068678896816475,LOW,APPROVE,0
0.007428758045311927,LOW,APPROVE,0
0.10951927690904818,MEDIUM,REVIEW,1
0.016965275702368235,LOW,APPROVE,0
0.08875598138588117,LOW,APPROVE,0
0.0036094709509352095,LOW,APPROVE,0
0.013450396286301037,LOW,APPROVE,0
0.003039480646217597,LOW,APPROVE,0
0.8406900629191078,HIGH,BLOCK,1
0.002358959269427722,LOW,APPROVE,0
0.0031620974835250442,LOW,APPROVE,0
0.006685184590900895,LOW,APPROVE,0
0.02680110591498543,LOW,APPROVE,0
0.003182829429171682,LOW,APPROVE,0
0.003881911531803573,LOW,APPROVE,0
0.02779718454693259,LOW,APPROVE,0
0.014981765089679834,LOW,APPROVE,0
0.006195444056208161,LOW,APPROVE,0
0.013049167965285036,LOW,APPROVE,0
0.002838084461462969,LOW,APPROVE,0
0.006685184590900895,LOW,APPROVE,0
0.017890563429965818,LOW,APPROVE,0
0.0015736823983925432,LOW,APPROVE,0
0.0005297649615057322,LOW,APPROVE,0
0.008714280698298306,LOW,APPROVE,0
0.0042803368081814315,LOW,APPROVE,0
0.00034391401095851064,LOW,APPROVE,0
0.007943405349334834,LOW,APPROVE,0
0.004054229488768571,LOW,APPROVE,0
0.0015736823983925432,LOW,APPROVE,0
0.031414863937668985,LOW,APPROVE,0
0.01033035071580352,LOW,APPROVE,0
0.007283662317134378,LOW,APPROVE,0
0.003365608572860343,LOW,APPROVE,0
0.004089303279172867,LOW,APPROVE,0
0.003165167954333219,LOW,APPROVE,0
0.8406900629191078,HIGH,BLOCK,1
0.0476752892647553,LOW,APPROVE,0
0.0013872427657162087,LOW,APPROVE,0
0.021365035380899865,LOW,APPROVE,0
0.0008776931705951191,LOW,APPROVE,0
0.003699670210870012,LOW,APPROVE,0
0.0008776931705951191,LOW,APPROVE,0
0.0011786453066521274,LOW,APPROVE,0
0.0008776931705951191,LOW,APPROVE,0
0.01904963383918723,LOW,APPROVE,0
0.06438969005768631,LOW,APPROVE,0
0.003710834183550282,LOW,APPROVE,0
0.009475477501485623,LOW,APPROVE,0
0.00480669633658315,LOW,APPROVE,0
0.0075705876847161025,LOW,APPROVE,0
0.07190735288408094,LOW,APPROVE,0
0.0035065506588443725,LOW,APPROVE,0
0.0019654390860791714,LOW,APPROVE,0
0.0019262193659345332,LOW,APPROVE,0
0.010936237329156728,LOW,APPROVE,0
0.009889192512056152,LOW,APPROVE,0
0.7927958774640146,HIGH,BLOCK,1
0.0011474740846287466,LOW,APPROVE,0
0.0017444372670090435,LOW,APPROVE,0
0.00024329139415889427,LOW,APPROVE,0
0.00024329139415889427,LOW,APPROVE,0
0.0617029962907107,LOW,APPROVE,0
0.002540780100941405,LOW,APPROVE,0
0.010859668338378339,LOW,APPROVE,0
0.0007246391862807752,LOW,APPROVE,0
0.003084018243457184,LOW,APPROVE,0
0.012173880509810688,LOW,APPROVE,0
0.01230441421733561,LOW,APPROVE,0
0.0027603186431295027,LOW,APPROVE,0
0.003946708672191427,LOW,APPROVE,0
0.016288592331555274,LOW,APPROVE,0
0.003024791273427082,LOW,APPROVE,0
0.031414863937668985,LOW,APPROVE,0
0.03574730709563581,LOW,APPROVE,0
0.0026604683163771845,LOW,APPROVE,0
0.006632380410325569,LOW,APPROVE,0
0.008847756688995463,LOW,APPROVE,0
0.0018515861480621872,LOW,APPROVE,0
0.00037338746617268453,LOW,APPROVE,0
0.0029471301084862574,LOW,APPROVE,0
0.004468640000357992,LOW,APPROVE,0
0.06438969005768631,LOW,APPROVE,0
0.016824983879480226,LOW,APPROVE,0
0.0073742918356252875,LOW,APPROVE,0
0.004665798338822057,LOW,APPROVE,0
0.0027154197789664948,LOW,APPROVE,0
0.007739466717254786,LOW,APPROVE,0
0.010704467657316702,LOW,APPROVE,0
0.00509181328783692,LOW,APPROVE,0
0.002330358229263392,LOW,APPROVE,0
0.031414863937668985,LOW,APPROVE,0
0.002497844868220001,LOW,APPROVE,0
0.047804516633553853,LOW,APPROVE,0
0.005147684360694001,LOW,APPROVE,0
0.005724097488858174,LOW,APPROVE,0
0.011020059636355961,LOW,APPROVE,0
0.009542898844679397,LOW,APPROVE,0
0.021687976682864357,LOW,APPROVE,0
0.006699553000433941,LOW,APPROVE,0
0.007388710362417755,LOW,APPROVE,0
0.007525387978183901,LOW,APPROVE,0
0.0015484874069202261,LOW,APPROVE,0
0.006128397718639637,LOW,APPROVE,0
0.009185605199478726,LOW,APPROVE,0
0.015005549060758325,LOW,APPROVE,0
0.011319460749207406,LOW,APPROVE,0
0.003979015811037807,LOW,APPROVE,0
0.0026522755763952574,LOW,APPROVE,0
0.0006590790842126945,LOW,APPROVE,0
0.023119158333095427,LOW,APPROVE,0
0.00294726945255492,LOW,APPROVE,0
0.005158016514144044,LOW,APPROVE,0
0.06438969005768631,LOW,APPROVE,0
0.014103078171935735,LOW,APPROVE,0
0.013848270433418188,LOW,APPROVE,0
0.0011729330138045765,LOW,APPROVE,0
0.00858945348056855,LOW,APPROVE,0
0.005258665401101671,LOW,APPROVE,0
0.0014192075916138044,LOW,APPROVE,0
0.010068963820029487,LOW,APPROVE,0
0.008927554990995406,LOW,APPROVE,0
0.005696695600093247,LOW,APPROVE,0
0.11532971308705575,MEDIUM,REVIEW,0
0.011251241950446628,LOW,APPROVE,0
0.023115097397574124,LOW,APPROVE,0
0.0012205907690379628,LOW,APPROVE,0
0.01545644332824494,LOW,APPROVE,0
0.005654108052222783,LOW,APPROVE,0
0.0015557930402321275,LOW,APPROVE,0
0.000865452501150077,LOW,APPROVE,0
0.009302223926725936,LOW,APPROVE,0
0.010129904499811944,LOW,APPROVE,0
0.0007041120965688377,LOW,APPROVE,0
0.008244509048932445,LOW,APPROVE,0
0.04785654083957641,LOW,APPROVE,0
0.004745673780234332,LOW,APPROVE,0
0.02351538310042143,LOW,APPROVE,0
0.05404902138768013,LOW,APPROVE,0
0.0020781583230284877,LOW,APPROVE,0
0.00024329139415889427,LOW,APPROVE,0
0.00105477238078466,LOW,APPROVE,0
0.0036897466734841507,LOW,APPROVE,0
0.16128017760405558,MEDIUM,REVIEW,0
0.05644386823284274,LOW,APPROVE,0
0.004599721340479993,LOW,APPROVE,0
0.004455248117173069,LOW,APPROVE,0
0.004864685680424271,LOW,APPROVE,0
0.01365410087811221,LOW,APPROVE,0
0.0035178582591525085,LOW,APPROVE,0
0.0007207769171764032,LOW,APPROVE,0
0.04416519828264033,LOW,APPROVE,0
0.004313294721873839,LOW,APPROVE,0
0.2260921732370694,MEDIUM,REVIEW,0
0.005498770731548081,LOW,APPROVE,0
0.03606852095825562,LOW,APPROVE,0
0.011632037551213482,LOW,APPROVE,0
0.0012358826960029155,LOW,APPROVE,0
0.02819409233774818,LOW,APPROVE,0
0.08138068368162042,LOW,APPROVE,0
0.003513828902704848,LOW,APPROVE,0
0.00038761565514755747,LOW,APPROVE,0
0.0018023618346941334,LOW,APPROVE,0
0.0023718954515417135,LOW,APPROVE,0
0.04955128727696047,LOW,APPROVE,0
0.008165481430543249,LOW,APPROVE,0
0.006261695390603623,LOW,APPROVE,0
0.010761567030593546,LOW,APPROVE,0
0.03508557320097068,LOW,APPROVE,0
0.002644426291539563,LOW,APPROVE,0
0.02498716969398647,LOW,APPROVE,0
0.009350787223716139,LOW,APPROVE,0
0.0014526219445390215,LOW,APPROVE,0
0.005822981159317693,LOW,APPROVE,0
0.002702905704971896,LOW,APPROVE,0
0.015451052359661575,LOW,APPROVE,0
0.005771752093521462,LOW,APPROVE,0
0.0008655394909887009,LOW,APPROVE,0
0.005219523066031252,LOW,APPROVE,0
0.0014656920514131554,LOW,APPROVE,0
0.005771752093521462,LOW,APPROVE,0
0.0036127010846125876,LOW,APPROVE,0
0.013969155081134305,LOW,APPROVE,0
0.00658342974293263,LOW,APPROVE,0
0.0038105063530637397,LOW,APPROVE,0
0.0016803855984272183,LOW,APPROVE,0
0.0012554884394767607,LOW,APPROVE,0
0.03878574015549475,LOW,APPROVE,0
0.005771752093521462,LOW,APPROVE,0
0.012236526563688892,LOW,APPROVE,0
0.006065107610387026,LOW,APPROVE,0
0.011253923677819307,LOW,APPROVE,0
0.012274221326897077,LOW,APPROVE,0
0.009884963411842997,LOW,APPROVE,0
0.0027126428314172913,LOW,APPROVE,0
0.008450828896232774,LOW,APPROVE,0
0.008970281268895267,LOW,APPROVE,0
0.0033938970937802447,LOW,APPROVE,0
0.023360543593827318,LOW,APPROVE,0
0.005771752093521462,LOW,APPROVE,0
0.002800873347186382,LOW,APPROVE,0
0.0051706042779208665,LOW,APPROVE,0
0.0010444644722519974,LOW,APPROVE,0
0.005561252892413539,LOW,APPROVE,0
0.020837710315812802,LOW,APPROVE,0
0.007828145438428783,LOW,APPROVE,0
0.0041039916743172205,LOW,APPROVE,0
0.012335513569185016,LOW,APPROVE,0
0.00035346922042651393,LOW,APPROVE,0
0.010563410676839217,LOW,APPROVE,0
0.002722770244532996,LOW,APPROVE,0
0.0035260755189045544,LOW,APPROVE,0
0.019690625253773957,LOW,APPROVE,0
0.016471528352517667,LOW,APPROVE,0
0.002467936618748279,LOW,APPROVE,0
0.0027999810763746275,LOW,APPROVE,0
0.005064263613594917,LOW,APPROVE,0
0.0020960211856541834,LOW,APPROVE,0
0.022271639048204204,LOW,APPROVE,0
0.004592557339246698,LOW,APPROVE,0
0.004028409295650504,LOW,APPROVE,0
0.005248665874411755,LOW,APPROVE,0
0.010895225003962505,LOW,APPROVE,0
0.004522531414724069,LOW,APPROVE,0
0.00666980748048033,LOW,APPROVE,0
0.0028489220484081723,LOW,APPROVE,0
0.0017225215551850488,LOW,APPROVE,0
0.005601209436798776,LOW,APPROVE,0
0.012132179888022745,LOW,APPROVE,0
0.006119871406440215,LOW,APPROVE,0
0.01971931002158436,LOW,APPROVE,0
0.005948953124888411,LOW,APPROVE,0
0.001212559580129365,LOW,APPROVE,0
0.02235612508346399,LOW,APPROVE,0
0.00583967623713059,LOW,APPROVE,0
0.03187143206053764,LOW,APPROVE,0
0.021759100471368264,LOW,APPROVE,0
0.00028520665792925874,LOW,APPROVE,0
0.0009357098764194461,LOW,APPROVE,0
0.0037589329832877164,LOW,APPROVE,0
0.0017956237702192411,LOW,APPROVE,0
0.00048390734104657927,LOW,APPROVE,0
0.011451685839746357,LOW,APPROVE,0
0.006309211802884021,LOW,APPROVE,0
0.0013077174668210672,LOW,APPROVE,0
0.004509833193160856,LOW,APPROVE,0
0.0003828603616642277,LOW,APPROVE,0
0.06689754725450117,LOW,APPROVE,0
0.0031441878305672128,LOW,APPROVE,0
0.0038501941679130675,LOW,APPROVE,0
0.016871406712133555,LOW,APPROVE,0
0.0025527701196604705,LOW,APPROVE,0
0.0009998023044861996,LOW,APPROVE,0
0.005870933557319928,LOW,APPROVE,0
0.009793486342179095,LOW,APPROVE,0
0.0018418356648168383,LOW,APPROVE,0
0.015820530117397192,LOW,APPROVE,0
0.004838876656203453,LOW,APPROVE,0
0.0037719682812591593,LOW,APPROVE,0
0.003729849515959015,LOW,APPROVE,0
0.0010595763409171446,LOW,APPROVE,0
0.006777024360514872,LOW,APPROVE,0
0.0036357671205222665,LOW,APPROVE,0
0.030436620476303352,LOW,APPROVE,0
0.03149867634148795,LOW,APPROVE,0
0.00662774389719827,LOW,APPROVE,0
0.005502514690899053,LOW,APPROVE,0
0.02890050346570918,LOW,APPROVE,0
0.0008910089759383769,LOW,APPROVE,0
0.01243975298181233,LOW,APPROVE,0
0.004742034692128254,LOW,APPROVE,0
0.00255281033044451,LOW,APPROVE,0
0.0215245460201853,LOW,APPROVE,0
0.0014046666051106685,LOW,APPROVE,0
0.01492256766161036,LOW,APPROVE,0
0.005060269240142925,LOW,APPROVE,0
0.05551208424565333,LOW,APPROVE,0
0.01047862865920262,LOW,APPROVE,0
0.0017290572864279209,LOW,APPROVE,0
0.010720477810425042,LOW,APPROVE,0
0.004365346274535102,LOW,APPROVE,0
0.0008644925566787406,LOW,APPROVE,0
0.0415309923078908,LOW,APPROVE,0
0.008215627679691142,LOW,APPROVE,0
0.007864320965164881,LOW,APPROVE,0
0.003653050818343636,LOW,APPROVE,0
0.00802148432285678,LOW,APPROVE,0
0.005565990559051406,LOW,APPROVE,0
0.00688789656091368,LOW,APPROVE,0
0.016213896140264104,LOW,APPROVE,0
0.01773683137073153,LOW,APPROVE,0
0.017664945523712967,LOW,APPROVE,0
0.007269215165766011,LOW,APPROVE,0
0.002860604757871515,LOW,APPROVE,0
0.0033567629729925534,LOW,APPROVE,0
0.007269215165766011,LOW,APPROVE,0
0.00442587410869301,LOW,APPROVE,0
0.0022961568919624637,LOW,APPROVE,0
0.024630677130177997,LOW,APPROVE,0
0.00489062195774719,LOW,APPROVE,0
0.007867345395451452,LOW,APPROVE,0
0.007496526866509148,LOW,APPROVE,0
0.014393718100139731,LOW,APPROVE,0
0.012779224043413308,LOW,APPROVE,0
0.000991971456394948,LOW,APPROVE,0
0.006309950131539029,LOW,APPROVE,0
0.013824797451504752,LOW,APPROVE,0
0.0018333092263701132,LOW,APPROVE,0
0.0033838154828217436,LOW,APPROVE,0
0.01019128844654869,LOW,APPROVE,0
0.0029110773738351982,LOW,APPROVE,0
0.0016804018432891507,LOW,APPROVE,0
0.007042958442049981,LOW,APPROVE,0
0.0077591027134659195,LOW,APPROVE,0
0.003919774268804344,LOW,APPROVE,0
0.004023217447307716,LOW,APPROVE,0
0.00037824493500158686,LOW,APPROVE,0
0.00816861835148044,LOW,APPROVE,0
0.004248214043287973,LOW,APPROVE,0
0.005659737395594,LOW,APPROVE,0
0.027418573016083383,LOW,APPROVE,0
0.0028396834175319235,LOW,APPROVE,0
0.012941386548711504,LOW,APPROVE,0
0.002308103523431359,LOW,APPROVE,0
0.0019443563248753785,LOW,APPROVE,0
0.004255786936232113,LOW,APPROVE,0
0.008066439551651986,LOW,APPROVE,0
0.0018795808475355069,LOW,APPROVE,0
0.010566960964256002,LOW,APPROVE,0
0.00018038479038401007,LOW,APPROVE,0
0.00033200613721145973,LOW,APPROVE,0
0.0003514354050843036,LOW,APPROVE,0
0.013296741796308825,LOW,APPROVE,0
0.001130161293114517,LOW,APPROVE,0
0.001039082702199782,LOW,APPROVE,0
0.0076748078559820306,LOW,APPROVE,0
0.005198624919214341,LOW,APPROVE,0
0.0064004516460544085,LOW,APPROVE,0
0.008753167606216222,LOW,APPROVE,0
0.006082795713817336,LOW,APPROVE,0
0.0035274650040201545,LOW,APPROVE,0
0.004507783693644634,LOW,APPROVE,0
0.009891133453170003,LOW,APPROVE,0
0.02481263655389769,LOW,APPROVE,0
0.026865562304891046,LOW,APPROVE,0
0.32201270393362136,MEDIUM,REVIEW,0
0.8010853131951048,HIGH,BLOCK,1
0.02153461206018057,LOW,APPROVE,0
0.0007325283457192847,LOW,APPROVE,0
0.035164754483958754,LOW,APPROVE,0
0.010273819628848341,LOW,APPROVE,0
0.0030642992687940846,LOW,APPROVE,0
0.01058404489564052,LOW,APPROVE,0
0.0035193500801454594,LOW,APPROVE,0
0.0055640980224008,LOW,APPROVE,0
0.8406900629191078,HIGH,BLOCK,1
0.005239373077007651,LOW,APPROVE,0
0.007789391888909476,LOW,APPROVE,0
0.003661046598897123,LOW,APPROVE,0
0.014842989551635311,LOW,APPROVE,0
0.002177073781193356,LOW,APPROVE,0
0.010860995184445632,LOW,APPROVE,0
0.01806836348822974,LOW,APPROVE,0
0.004470950065795624,LOW,APPROVE,0
0.005504628783707328,LOW,APPROVE,0
0.0020732644141170267,LOW,APPROVE,0
0.004261430325134769,LOW,APPROVE,0
0.007813802268094753,LOW,APPROVE,0
0.002177073781193356,LOW,APPROVE,0
0.0015918322832844875,LOW,APPROVE,0
0.004249950236212352,LOW,APPROVE,0
0.0014595262938055713,LOW,APPROVE,0
0.013959548184746783,LOW,APPROVE,0
0.0029494123571307393,LOW,APPROVE,0
0.00985865875455972,LOW,APPROVE,0
0.004513683965588882,LOW,APPROVE,0
0.003542538893751975,LOW,APPROVE,0
0.003825788470640932,LOW,APPROVE,0
0.0024483454213602087,LOW,APPROVE,0
0.031360318603055416,LOW,APPROVE,0
0.004462755432050585,LOW,APPROVE,0
0.015956870769983172,LOW,APPROVE,0
0.0034177353642313854,LOW,APPROVE,0
0.037369815183487344,LOW,APPROVE,0
0.004655881130686777,LOW,APPROVE,0
0.016051095581343062,LOW,APPROVE,0
0.010642288222008568,LOW,APPROVE,0
0.005504628783707328,LOW,APPROVE,0
0.0020909885651795184,LOW,APPROVE,0
0.007267694747112747,LOW,APPROVE,0
0.00041426786981435494,LOW,APPROVE,0
0.20011949794721276,MEDIUM,REVIEW,0
0.008140469811733903,LOW,APPROVE,0
0.02153461206018057,LOW,APPROVE,0
0.05870947566102656,LOW,APPROVE,0
0.007945539691842505,LOW,APPROVE,0
0.04880716150364271,LOW,APPROVE,0
0.010150988430660332,LOW,APPROVE,0
0.008734181470566751,LOW,APPROVE,0
0.09421387501378473,LOW,APPROVE,0
0.004831415860555874,LOW,APPROVE,0
0.01399926687091793,LOW,APPROVE,0
0.028919418306254316,LOW,APPROVE,1
0.005300777898302883,LOW,APPROVE,0
0.002177073781193356,LOW,APPROVE,0
0.0029819733934303575,LOW,APPROVE,0
0.03063861260004343,LOW,APPROVE,0
0.0011712356299345276,LOW,APPROVE,0
0.041839167754135625,LOW,APPROVE,0
0.003998610897218584,LOW,APPROVE,0
0.0016604782979755307,LOW,APPROVE,0
0.017750544086343356,LOW,APPROVE,0
0.011062287400088038,LOW,APPROVE,0
0.001692293252512326,LOW,APPROVE,1
0.017750544086343356,LOW,APPROVE,0
0.0011712356299345276,LOW,APPROVE,0
0.02078923502417199,LOW,APPROVE,0
0.0025655177216767373,LOW,APPROVE,0
0.0011728669491891614,LOW,APPROVE,0
0.00715148027863538,LOW,APPROVE,0
0.001048672950616418,LOW,APPROVE,0
0.01702022911111271,LOW,APPROVE,0
0.014138143503628882,LOW,APPROVE,0
0.007440967792563007,LOW,APPROVE,0
0.061168137567354536,LOW,APPROVE,0
0.030459129787525196,LOW,APPROVE,0
0.0010755020231962994,LOW,APPROVE,0
0.007824990076368015,LOW,APPROVE,0
0.0049533168427695045,LOW,APPROVE,0
0.007404368369646823,LOW,APPROVE,0
0.0024573734977610204,LOW,APPROVE,0
0.004677083946423037,LOW,APPROVE,0
0.005299334895544715,LOW,APPROVE,0
0.003920673492929656,LOW,APPROVE,0
0.006177348843968451,LOW,APPROVE,0
0.011108835817623756,LOW,APPROVE,0
0.023740773614527682,LOW,APPROVE,0
0.02122007664122254,LOW,APPROVE,0
0.019377814672698994,LOW,APPROVE,0
0.009483189320470233,LOW,APPROVE,0
0.00716100247489744,LOW,APPROVE,0
0.013516783772616553,LOW,APPROVE,0
0.016166710336344262,LOW,APPROVE,0
0.026499723290985523,LOW,APPROVE,0
0.0031467680585280204,LOW,APPROVE,0
0.0022050234233013167,LOW,APPROVE,0
0.003247846569684348,LOW,APPROVE,0
0.00689552279171353,LOW,APPROVE,0
0.007851236287911434,LOW,APPROVE,0
0.09464361480409277,LOW,APPROVE,0
0.0022462016131168795,LOW,APPROVE,0
0.0017844692797152255,LOW,APPROVE,0
0.0015705440483193265,LOW,APPROVE,0
0.011135935403180499,LOW,APPROVE,0
0.02783446500721217,LOW,APPROVE,0
0.001035258994273792,LOW,APPROVE,0
0.004490292922049051,LOW,APPROVE,0
0.011729696109016361,LOW,APPROVE,0
0.004684786003273842,LOW,APPROVE,0
0.0016613660132359024,LOW,APPROVE,0
0.008449862534923264,LOW,APPROVE,0
0.01072677007185136,LOW,APPROVE,0
0.006188211502321442,LOW,APPROVE,0
0.0021261881197951527,LOW,APPROVE,0
0.008129019747709743,LOW,APPROVE,0
0.004287176688367917,LOW,APPROVE,0
0.006219621764896427,LOW,APPROVE,0
0.06083642032179284,LOW,APPROVE,0
0.0033911819699540377,LOW,APPROVE,0
0.022246728032759712,LOW,APPROVE,0
0.002664543797601462,LOW,APPROVE,0
0.001326539717069761,LOW,APPROVE,0
0.004532091181335621,LOW,APPROVE,0
0.0016933547885686127,LOW,APPROVE,0
0.001976534392311276,LOW,APPROVE,0
0.10415293648747517,MEDIUM,REVIEW,0
0.035835148394261454,LOW,APPROVE,0
0.000690478760130656,LOW,APPROVE,0
0.03354842872902762,LOW,APPROVE,0
0.0236509729795186,LOW,APPROVE,0
0.01053010845912869,LOW,APPROVE,0
0.02862768286353256,LOW,APPROVE,0
0.0145012988941386,LOW,APPROVE,0
0.0140357428307818,LOW,APPROVE,0
0.001367469875487418,LOW,APPROVE,0
0.003864812923553252,LOW,APPROVE,0
0.0016061072228908883,LOW,APPROVE,0
0.030274156572865966,LOW,APPROVE,0
0.014009019419416988,LOW,APPROVE,0
0.0033466193276725986,LOW,APPROVE,0
0.003064569684719035,LOW,APPROVE,0
0.008703033360913284,LOW,APPROVE,0
0.02542646009778996,LOW,APPROVE,0
0.007255279584538982,LOW,APPROVE,0
0.0038537143680814267,LOW,APPROVE,0
0.001775811537528508,LOW,APPROVE,0
0.002011665034331544,LOW,APPROVE,0
0.017235590150985726,LOW,APPROVE,0
0.0015571022075287783,LOW,APPROVE,0
0.0006612534308832926,LOW,APPROVE,0
0.001177665971851239,LOW,APPROVE,0
0.006714887673525255,LOW,APPROVE,0
0.002577105052095554,LOW,APPROVE,0
0.010347913408088669,LOW,APPROVE,0
0.003609715316580408,LOW,APPROVE,0
0.03748112393824038,LOW,APPROVE,0
0.0016562652874206215,LOW,APPROVE,0
0.10537249241795617,MEDIUM,REVIEW,0
0.0006181970074219095,LOW,APPROVE,0
0.00757090252894276,LOW,APPROVE,0
0.0002705680747179325,LOW,APPROVE,0
0.0037668897911898734,LOW,APPROVE,0
0.005015987950196439,LOW,APPROVE,0
0.002852045609696386,LOW,APPROVE,0
0.06911667678845029,LOW,APPROVE,0
0.013015031766847257,LOW,APPROVE,0
0.0025753977758998545,LOW,APPROVE,0
0.0022670708251007502,LOW,APPROVE,0
0.011744047881983084,LOW,APPROVE,0
0.0014463171976678748,LOW,APPROVE,0
0.08065618344879841,LOW,APPROVE,0
0.005149184288007135,LOW,APPROVE,0
0.02843471731205392,LOW,APPROVE,0
0.016829309531927662,LOW,APPROVE,0
0.006471309652086489,LOW,APPROVE,0
0.05102773450654181,LOW,APPROVE,0
0.001072560981582711,LOW,APPROVE,0
0.004992951082328973,LOW,APPROVE,0
0.03628612726571278,LOW,APPROVE,0
0.010347913408088669,LOW,APPROVE,0
0.001367469875487418,LOW,APPROVE,0
0.016571348388776955,LOW,APPROVE,0
0.009510604094364961,LOW,APPROVE,0
0.029543172207903923,LOW,APPROVE,0
0.007824153940614177,LOW,APPROVE,0
0.0046873092199585294,LOW,APPROVE,0
0.0020379140027465487,LOW,APPROVE,0
0.0429990880377899,LOW,APPROVE,0
0.038568941774735674,LOW,APPROVE,0
0.00962159700076289,LOW,APPROVE,0
0.0008288154359013361,LOW,APPROVE,0
0.0024342702081865076,LOW,APPROVE,0
0.03467404171466974,LOW,APPROVE,0
0.007267091949967714,LOW,APPROVE,0
0.008263460528332848,LOW,APPROVE,0
0.026195328063204355,LOW,APPROVE,0
0.005332153697304312,LOW,APPROVE,0
0.031284046664978485,LOW,APPROVE,0
0.013824490184534124,LOW,APPROVE,0
0.009901976304718202,LOW,APPROVE,0
0.007347999111979127,LOW,APPROVE,0
0.013801064627204067,LOW,APPROVE,0
0.004034078965365709,LOW,APPROVE,0
0.003081703063051773,LOW,APPROVE,0
0.0017603503950271244,LOW,APPROVE,0
0.016644951505433343,LOW,APPROVE,0
0.00775871024851336,LOW,APPROVE,0
0.03575971944122123,LOW,APPROVE,0
0.002261718540646488,LOW,APPROVE,0
0.004885209257130587,LOW,APPROVE,0
0.029516176719552582,LOW,APPROVE,0
0.0060835068856925556,LOW,APPROVE,0
0.016543003202453437,LOW,APPROVE,0
0.00276230758946813,LOW,APPROVE,0
0.007675009888706198,LOW,APPROVE,0
0.0012575926042812835,LOW,APPROVE,0
0.01814393825628692,LOW,APPROVE,0
0.007464719402365795,LOW,APPROVE,0
0.002287691285718069,LOW,APPROVE,0
0.003112178638452526,LOW,APPROVE,0
0.008199186074847377,LOW,APPROVE,0
0.0019925148652514746,LOW,APPROVE,0
0.005410650256815556,LOW,APPROVE,0
0.028975396280564603,LOW,APPROVE,0
0.01009900499571571,LOW,APPROVE,0
0.004436317046066035,LOW,APPROVE,0
0.005994806931389121,LOW,APPROVE,0
0.0024448281509108606,LOW,APPROVE,0
0.008940412384714427,LOW,APPROVE,0
0.0014140054875796172,LOW,APPROVE,0
0.008427621178644826,LOW,APPROVE,0
0.0014140054875796172,LOW,APPROVE,0
0.006953056173498236,LOW,APPROVE,0
0.024671553774570688,LOW,APPROVE,0
0.0010031883387236556,LOW,APPROVE,0
0.006114239085004251,LOW,APPROVE,0
0.023934481923240696,LOW,APPROVE,0
0.03072484589535526,LOW,APPROVE,0
0.023361050972097043,LOW,APPROVE,0
0.006953056173498236,LOW,APPROVE,0
0.016275188477037645,LOW,APPROVE,0
0.0016132068462320112,LOW,APPROVE,0
0.006006136493360351,LOW,APPROVE,0
0.016247595949407237,LOW,APPROVE,0
0.005247647850676429,LOW,APPROVE,0
0.006898911176064686,LOW,APPROVE,0
0.028975396280564603,LOW,APPROVE,0
0.05234453058578346,LOW,APPROVE,0
0.00394349844540243,LOW,APPROVE,0
0.014471037583965228,LOW,APPROVE,0
0.0044399930245316846,LOW,APPROVE,0
0.002572871398537256,LOW,APPROVE,0
0.01600569424668213,LOW,APPROVE,0
0.0034565386788290896,LOW,APPROVE,0
0.006368325648545015,LOW,APPROVE,0
0.0083678283626167,LOW,APPROVE,0
0.0016459650622668537,LOW,APPROVE,0
0.0049025615593143515,LOW,APPROVE,0
0.02749303075631124,LOW,APPROVE,0
0.021465393137383715,LOW,APPROVE,0
0.0068960145190519575,LOW,APPROVE,0
0.004730201824614471,LOW,APPROVE,0
0.03508090847329261,LOW,APPROVE,0
0.02049731523157239,LOW,APPROVE,0
0.006953056173498236,LOW,APPROVE,0
0.08424685167491446,LOW,APPROVE,0
0.006133155016455228,LOW,APPROVE,0
0.013681959659124122,LOW,APPROVE,0
0.0013660825634520168,LOW,APPROVE,0
0.00856003283696782,LOW,APPROVE,0
0.014967381821686736,LOW,APPROVE,0
0.004923848784739556,LOW,APPROVE,0
0.008626160648582864,LOW,APPROVE,0
0.022265583817755293,LOW,APPROVE,0
0.015254495646519133,LOW,APPROVE,0
0.004484282041397108,LOW,APPROVE,0
0.027818366357728812,LOW,APPROVE,0
0.002949957499638015,LOW,APPROVE,0
0.003138295005885345,LOW,APPROVE,0
0.02302358282403109,LOW,APPROVE,0
0.005194078128443727,LOW,APPROVE,0
0.008685076676569415,LOW,APPROVE,0
0.0011972141520752253,LOW,APPROVE,0
0.007991439210485495,LOW,APPROVE,0
0.001825805128220608,LOW,APPROVE,0
0.05543179008385772,LOW,APPROVE,0
0.009610679431857961,LOW,APPROVE,0
0.00269583533525493,LOW,APPROVE,0
0.0014931513043369715,LOW,APPROVE,0
0.054978666087324615,LOW,APPROVE,0
0.2632975037776724,MEDIUM,REVIEW,0
0.02085091300587231,LOW,APPROVE,0
0.0011395576924201466,LOW,APPROVE,0
0.00269583533525493,LOW,APPROVE,0
0.013317914888230843,LOW,APPROVE,0
0.01769973168558725,LOW,APPROVE,0
0.0015680449569771382,LOW,APPROVE,0
0.0031768418854166733,LOW,APPROVE,0
0.0706145702214744,LOW,APPROVE,0
0.008422034050469655,LOW,APPROVE,0
0.004114922477038879,LOW,APPROVE,0
0.010905139802313358,LOW,APPROVE,0
0.00856003283696782,LOW,APPROVE,0
0.017537043176899792,LOW,APPROVE,0
0.0031678765885160905,LOW,APPROVE,0
0.007675009888706198,LOW,APPROVE,0
0.000918304007242207,LOW,APPROVE,0
0.007560823989198512,LOW,APPROVE,0
0.006515518059448329,LOW,APPROVE,0
0.0035232717459728878,LOW,APPROVE,0
0.00390970385374303,LOW,APPROVE,0
0.018502284678989473,LOW,APPROVE,0
0.01920220119632375,LOW,APPROVE,0
0.03620001767132894,LOW,APPROVE,0
0.014914048861410291,LOW,APPROVE,0
0.009001774541419177,LOW,APPROVE,0
0.008912978366214892,LOW,APPROVE,0
0.013107072634353565,LOW,APPROVE,0
0.0009649548982905453,LOW,APPROVE,0
0.0026912012296892544,LOW,APPROVE,0
0.0022439906082867235,LOW,APPROVE,0
0.006203157924207688,LOW,APPROVE,0
0.004020019088823791,LOW,APPROVE,0
0.01920220119632375,LOW,APPROVE,0
0.009665500210722064,LOW,APPROVE,0
0.013411869397116546,LOW,APPROVE,0
0.032793270640465964,LOW,APPROVE,1
0.0019419230703700372,LOW,APPROVE,0
0.021174140884721394,LOW,APPROVE,0
0.0029721747778496664,LOW,APPROVE,0
0.02096369866072092,LOW,APPROVE,0
0.0155754246712667,LOW,APPROVE,0
0.0032451717111401115,LOW,APPROVE,0
0.009927955815024373,LOW,APPROVE,0
0.0009374141092845812,LOW,APPROVE,0
0.008446258381652224,LOW,APPROVE,0
0.011607767678963703,LOW,APPROVE,0
0.014044483441177006,LOW,APPROVE,0
0.020176501551247936,LOW,APPROVE,0
0.0013581914234885805,LOW,APPROVE,0
0.0076596975057517495,LOW,APPROVE,0
0.010495510575743066,LOW,APPROVE,0
0.0025343423156086405,LOW,APPROVE,0
0.004559437027095888,LOW,APPROVE,0
0.003249645875627997,LOW,APPROVE,0
0.032217670952120005,LOW,APPROVE,0
0.026573542488878436,LOW,APPROVE,0
0.004557236664191381,LOW,APPROVE,0
0.002527931510761402,LOW,APPROVE,0
0.0023960379460870465,LOW,APPROVE,0
0.016009383259900662,LOW,APPROVE,0
0.014807646494456334,LOW,APPROVE,0
0.0017916770670090057,LOW,APPROVE,0
0.009601484349042818,LOW,APPROVE,0
0.010216114389666742,LOW,APPROVE,0
0.8005651322167948,HIGH,BLOCK,1
0.012179978759040878,LOW,APPROVE,0
0.00433883191718338,LOW,APPROVE,0
0.021459779098316662,LOW,APPROVE,0
0.006590355055618403,LOW,APPROVE,0
0.0053826117328598586,LOW,APPROVE,0
0.007523565483761708,LOW,APPROVE,0
0.12098938602267474,MEDIUM,REVIEW,0
0.1040701423680842,MEDIUM,REVIEW,0
0.006114923877265566,LOW,APPROVE,0
0.02428694320064455,LOW,APPROVE,0
0.07055909976456042,LOW,APPROVE,0
0.09390935937727682,LOW,APPROVE,0
0.0015308490848725635,LOW,APPROVE,0
0.0047294698850733055,LOW,APPROVE,0
0.011895881785842152,LOW,APPROVE,0
0.004923653604331395,LOW,APPROVE,0
0.0023269752300196763,LOW,APPROVE,0
0.012916680180042899,LOW,APPROVE,0
0.0034847151001155207,LOW,APPROVE,0
0.013672181804958095,LOW,APPROVE,0
0.0007930337183569425,LOW,APPROVE,0
0.009103419384312816,LOW,APPROVE,0
0.006802920368596004,LOW,APPROVE,0
0.003351495698538414,LOW,APPROVE,0
0.0017744521683795036,LOW,APPROVE,0
0.04130287840631635,LOW,APPROVE,0
0.005477746001434982,LOW,APPROVE,0
0.0018936416804928157,LOW,APPROVE,0
0.05040193276373001,LOW,APPROVE,0
0.012513542965736157,LOW,APPROVE,0
0.005190663833416588,LOW,APPROVE,0
0.004947179289284874,LOW,APPROVE,0
0.03813570468888482,LOW,APPROVE,0
0.0012126888633644203,LOW,APPROVE,0
0.0014572838894274468,LOW,APPROVE,0
0.036830016194674575,LOW,APPROVE,0
0.0022010641402133604,LOW,APPROVE,0
0.01771286069195628,LOW,APPROVE,0
0.006267081228560282,LOW,APPROVE,0
0.05811624631469881,LOW,APPROVE,0
0.005943609408778449,LOW,APPROVE,0
0.015296629370145273,LOW,APPROVE,0
0.0017590224271484887,LOW,APPROVE,0
0.0016212039591823508,LOW,APPROVE,0
0.004071818124028241,LOW,APPROVE,0
0.0026410542498920414,LOW,APPROVE,0
0.0012321114656474756,LOW,APPROVE,0
0.012512380180290545,LOW,APPROVE,0
0.004747092094309612,LOW,APPROVE,0
0.0009019697416422406,LOW,APPROVE,0
0.00943971202827575,LOW,APPROVE,0
0.00577978944790465,LOW,APPROVE,0
0.006255697070077145,LOW,APPROVE,0
0.011749585168148748,LOW,APPROVE,0
0.004037602317644329,LOW,APPROVE,0
0.0033965560390962664,LOW,APPROVE,0
0.002169486405420084,LOW,APPROVE,0
0.009947861331362962,LOW,APPROVE,0
0.0014240971559982274,LOW,APPROVE,0
0.01456022250591519,LOW,APPROVE,0
0.01062390927644707,LOW,APPROVE,0
0.005692550232022954,LOW,APPROVE,0
0.00546340359238997,LOW,APPROVE,0
0.001649934612524022,LOW,APPROVE,0
0.004824754186386995,LOW,APPROVE,0
0.00398145127531386,LOW,APPROVE,0
0.008467522525743806,LOW,APPROVE,0
0.0031081084575271135,LOW,APPROVE,0
0.0017192633861567819,LOW,APPROVE,0
0.004814941296691052,LOW,APPROVE,0
0.008929177404747439,LOW,APPROVE,0
0.008467522525743806,LOW,APPROVE,0
0.010095210897123015,LOW,APPROVE,0
0.0029675689205272172,LOW,APPROVE,0
0.019779178737554477,LOW,APPROVE,0
0.023884304450470396,LOW,APPROVE,0
0.007893415731269155,LOW,APPROVE,0
0.002871353332281677,LOW,APPROVE,0
0.0028970353536057,LOW,APPROVE,0
0.00495758638168351,LOW,APPROVE,0
0.01151051736966357,LOW,APPROVE,0
0.0031050299565135112,LOW,APPROVE,0
0.03219207842194827,LOW,APPROVE,0
0.0030271091510410656,LOW,APPROVE,0
0.024121951726604498,LOW,APPROVE,0
0.12385466668783265,MEDIUM,REVIEW,0
0.00512877173303352,LOW,APPROVE,0
0.0014535771818411144,LOW,APPROVE,0
0.00641477426202717,LOW,APPROVE,0
0.003010152582106307,LOW,APPROVE,0
0.028007564241523432,LOW,APPROVE,0
0.01250023094368774,LOW,APPROVE,0
0.03531688802056349,LOW,APPROVE,0
0.0012233180526200636,LOW,APPROVE,0
0.007640673844861386,LOW,APPROVE,0
0.004326513135540807,LOW,APPROVE,0
0.0025124492881326184,LOW,APPROVE,0
0.0015741251106051969,LOW,APPROVE,0
0.0905817582231625,LOW,APPROVE,0
0.04846740515126366,LOW,APPROVE,0
0.024681866196984387,LOW,APPROVE,0
0.012974510442154167,LOW,APPROVE,0
0.007824258000413326,LOW,APPROVE,0
0.0061061288579721245,LOW,APPROVE,0
0.1746847804160836,MEDIUM,REVIEW,0
0.015409355614572394,LOW,APPROVE,0
0.002712844732862404,LOW,APPROVE,0
0.011823107506513353,LOW,APPROVE,0
0.006008331929527961,LOW,APPROVE,0
0.008688868447535624,LOW,APPROVE,0
0.017867244298862415,LOW,APPROVE,0
0.022142745888316637,LOW,APPROVE,0
0.013443480420619288,LOW,APPROVE,0
0.007030906128815592,LOW,APPROVE,0
0.00997216728962139,LOW,APPROVE,0
0.022497746847439264,LOW,APPROVE,0
0.00809778250681026,LOW,APPROVE,0
0.07077890637561074,LOW,APPROVE,0
0.0045281456798609045,LOW,APPROVE,0
0.006069655515676923,LOW,APPROVE,0
0.0015749867445196098,LOW,APPROVE,0
0.006240803342988303,LOW,APPROVE,0
0.008994736415491263,LOW,APPROVE,0
0.03869644577010743,LOW,APPROVE,0
0.0036708466001144323,LOW,APPROVE,0
0.04088543135047501,LOW,APPROVE,0
0.0034115606416391074,LOW,APPROVE,0
0.0020780294485901463,LOW,APPROVE,0
0.5318146301162021,HIGH,BLOCK,1
0.0003172842463117764,LOW,APPROVE,0
0.010095210897123015,LOW,APPROVE,0
0.0034143887970028105,LOW,APPROVE,0
0.05584544748783895,LOW,APPROVE,0
0.004604770028399714,LOW,APPROVE,0
0.06253341533613764,LOW,APPROVE,0
0.0035346398235361603,LOW,APPROVE,0
0.008319947714281267,LOW,APPROVE,0
0.05811624631469881,LOW,APPROVE,0
0.006794740419492326,LOW,APPROVE,0
0.0022479440613071134,LOW,APPROVE,0
0.0018603186407129897,LOW,APPROVE,0
0.00894500949745825,LOW,APPROVE,0
0.0037930998312951767,LOW,APPROVE,0
0.007646052427168642,LOW,APPROVE,0
0.007750176704462139,LOW,APPROVE,0
0.005803411210536305,LOW,APPROVE,0
0.016673298928442225,LOW,APPROVE,0
0.0031858844308939494,LOW,APPROVE,0
0.0017388377098698537,LOW,APPROVE,0
0.5318146301162021,HIGH,BLOCK,1
0.014240091903228084,LOW,APPROVE,0
0.0022479440613071134,LOW,APPROVE,0
0.0019880208549213755,LOW,APPROVE,0
0.02382165553279884,LOW,APPROVE,0
0.009160313071952635,LOW,APPROVE,0
0.019797214670751694,LOW,APPROVE,0
0.0018949612162652955,LOW,APPROVE,0
0.002780822894704116,LOW,APPROVE,0
0.031973696360180215,LOW,APPROVE,0
0.007005561496605885,LOW,APPROVE,0
0.004350643689395277,LOW,APPROVE,0
0.0032067387056151377,LOW,APPROVE,0
0.004424600325395466,LOW,APPROVE,0
0.006953756465867895,LOW,APPROVE,0
0.00440155137439128,LOW,APPROVE,0
0.016752985595010445,LOW,APPROVE,0
0.013945921128250353,LOW,APPROVE,0
0.011398906336579098,LOW,APPROVE,1
0.017352367026004147,LOW,APPROVE,0
0.02141876588036765,LOW,APPROVE,0
0.011962274292222122,LOW,APPROVE,0
0.01774677785072482,LOW,APPROVE,0
0.004305091448042115,LOW,APPROVE,0
0.0026144868735594935,LOW,APPROVE,0
0.0021450944934640263,LOW,APPROVE,0
0.006670754019555526,LOW,APPROVE,0
0.004771362051159969,LOW,APPROVE,0
0.004139985078651827,LOW,APPROVE,0
0.010759950927469697,LOW,APPROVE,0
0.005531609799152553,LOW,APPROVE,0
0.01598991345339432,LOW,APPROVE,0
0.0012991328140259104,LOW,APPROVE,0
0.010095210897123015,LOW,APPROVE,0
0.007908227520173103,LOW,APPROVE,0
0.0024210400396990376,LOW,APPROVE,0
0.07564960546034526,LOW,APPROVE,0
0.01745260845217939,LOW,APPROVE,0
0.020631310646315234,LOW,APPROVE,0
0.0028237642030529576,LOW,APPROVE,0
0.0022618659512300045,LOW,APPROVE,0
0.060811605494950835,LOW,APPROVE,0
0.005971074528500806,LOW,APPROVE,0
0.0026902993374757224,LOW,APPROVE,0
0.008607794447851064,LOW,APPROVE,0
0.2398805969819261,MEDIUM,REVIEW,1
0.0006383560170175827,LOW,APPROVE,0
0.007625281438184343,LOW,APPROVE,0
0.00867330081706934,LOW,APPROVE,0
0.07389473735726416,LOW,APPROVE,0
0.0013982552666192431,LOW,APPROVE,0
0.017339508018615054,LOW,APPROVE,0
0.002767626838957276,LOW,APPROVE,0
0.2398805969819261,MEDIUM,REVIEW,1
0.04938895452122995,LOW,APPROVE,0
0.002196852970005258,LOW,APPROVE,0
0.0008611462702076012,LOW,APPROVE,0
0.01344458596373261,LOW,APPROVE,0
0.003958396964995851,LOW,APPROVE,0
0.010827685254326173,LOW,APPROVE,0
0.010752372649091827,LOW,APPROVE,0
0.06758910206676536,LOW,APPROVE,0
0.009859184684877117,LOW,APPROVE,0
0.010436093177282427,LOW,APPROVE,0
0.01903535108549954,LOW,APPROVE,0
0.004292375358310449,LOW,APPROVE,0
0.006341783667596155,LOW,APPROVE,0
0.054960011917718946,LOW,APPROVE,0
0.01146581398608487,LOW,APPROVE,0
0.004193988819093431,LOW,APPROVE,0
0.008526286731628302,LOW,APPROVE,0
0.005239781278737622,LOW,APPROVE,0
0.0407515653982382,LOW,APPROVE,0
0.004572804541712757,LOW,APPROVE,0
0.02882563734499439,LOW,APPROVE,0
0.01422074938337318,LOW,APPROVE,0
0.004763717605779043,LOW,APPROVE,0
0.009978919746588218,LOW,APPROVE,0
0.005355211012314897,LOW,APPROVE,0
0.005566422298964099,LOW,APPROVE,0
0.0058536997591553865,LOW,APPROVE,0
0.02046759772238346,LOW,APPROVE,0
0.017568406428794862,LOW,APPROVE,0
0.00806977478985338,LOW,APPROVE,0
0.017015328622563358,LOW,APPROVE,0
0.007329783007899438,LOW,APPROVE,0
0.007828090526104836,LOW,APPROVE,0
0.0029201610447749686,LOW,APPROVE,0
0.017247191035504005,LOW,APPROVE,0
0.004655914886763239,LOW,APPROVE,0
0.008526286731628302,LOW,APPROVE,0
0.010071594596631228,LOW,APPROVE,0
0.005802963615025583,LOW,APPROVE,0
0.0034429136879345766,LOW,APPROVE,0
0.012419961986110676,LOW,APPROVE,0
0.012667717015084975,LOW,APPROVE,0
0.002205683855043285,LOW,APPROVE,0
0.005324062334284484,LOW,APPROVE,0
0.004751040024980644,LOW,APPROVE,0
0.011763749395353247,LOW,APPROVE,0
0.0019622478290085214,LOW,APPROVE,0
0.007649124002286422,LOW,APPROVE,0
0.07788196465680255,LOW,APPROVE,0
0.0004673241415962043,LOW,APPROVE,0
0.0877702884284676,LOW,APPROVE,0
0.023691085395837207,LOW,APPROVE,0
0.0011421482401721317,LOW,APPROVE,0
0.002476636643683955,LOW,APPROVE,0
0.0020203152900352484,LOW,APPROVE,0
0.001125057709102772,LOW,APPROVE,0
0.014118467872514829,LOW,APPROVE,0
0.017858115334170335,LOW,APPROVE,0
0.0682253462161845,LOW,APPROVE,0
0.013992696619171133,LOW,APPROVE,0
0.009591543034846335,LOW,APPROVE,0
0.0044746987752808855,LOW,APPROVE,0
0.013405295242443695,LOW,APPROVE,0
0.002566526879019465,LOW,APPROVE,0
0.015399841998631474,LOW,APPROVE,0
0.008653692214636672,LOW,APPROVE,0
0.007818598679867646,LOW,APPROVE,0
0.0020547132185882427,LOW,APPROVE,0
0.017858115334170335,LOW,APPROVE,0
0.00252388847213564,LOW,APPROVE,0
0.03588683706912448,LOW,APPROVE,0
0.016543031673697837,LOW,APPROVE,0
0.003943778436966438,LOW,APPROVE,0
0.011800800350551994,LOW,APPROVE,0
0.000912869676586224,LOW,APPROVE,0
0.002837141266571999,LOW,APPROVE,0
0.0033997793953811214,LOW,APPROVE,0
0.022569395488721628,LOW,APPROVE,0
0.003943778436966438,LOW,APPROVE,0
0.026868246475891595,LOW,APPROVE,0
0.010478889773049917,LOW,APPROVE,0
0.0011461376474194524,LOW,APPROVE,0
0.028879217477253465,LOW,APPROVE,0
0.0003970146610617843,LOW,APPROVE,0
0.004085791991789782,LOW,APPROVE,0
0.02424473071051975,LOW,APPROVE,0
0.015805242233334293,LOW,APPROVE,0
0.011736742632609752,LOW,APPROVE,0
0.04661069015033726,LOW,APPROVE,0
0.00814875600545404,LOW,APPROVE,0
0.01650517421744372,LOW,APPROVE,0
0.0026243559508270643,LOW,APPROVE,0
0.008241641645028122,LOW,APPROVE,0
0.009017853860530594,LOW,APPROVE,0
0.0016256185713903895,LOW,APPROVE,0
0.004893915131086491,LOW,APPROVE,0
0.002953166287891442,LOW,APPROVE,0
0.000336120987295059,LOW,APPROVE,0
0.03366676750924211,LOW,APPROVE,0
0.0072518574532651195,LOW,APPROVE,0
0.008007540333476093,LOW,APPROVE,0
0.0012882752195727493,LOW,APPROVE,0
0.019587970132892214,LOW,APPROVE,0
0.0389262919088577,LOW,APPROVE,0
0.0010494405623343254,LOW,APPROVE,0
0.0028459739785131662,LOW,APPROVE,0
0.0016465320759222175,LOW,APPROVE,0
0.023334466856798037,LOW,APPROVE,0
0.0031152826792938174,LOW,APPROVE,0
0.006701787166503607,LOW,APPROVE,0
0.004930954451833085,LOW,APPROVE,0
0.009315172765810942,LOW,APPROVE,0
0.011903713078056967,LOW,APPROVE,0
0.003864645476707651,LOW,APPROVE,0
0.0184350929231572,LOW,APPROVE,0
0.015813122927692862,LOW,APPROVE,0
0.023334466856798037,LOW,APPROVE,0
0.01015076393339331,LOW,APPROVE,0
0.052367705235282065,LOW,APPROVE,0
0.013818769376852733,LOW,APPROVE,0
0.0512789438181997,LOW,APPROVE,0
0.016623645773824032,LOW,APPROVE,0
0.007547836641410258,LOW,APPROVE,0
0.00997712849773369,LOW,APPROVE,0
0.0007709374252546259,LOW,APPROVE,0
0.023153973990683075,LOW,APPROVE,0
0.0008868249207164797,LOW,APPROVE,0
0.0675712445252997,LOW,APPROVE,1
0.026904275530237328,LOW,APPROVE,0
0.041134617880652674,LOW,APPROVE,0
0.013202711171364337,LOW,APPROVE,0
0.02578760489699466,LOW,APPROVE,0
0.0030007567078913465,LOW,APPROVE,0
0.0008868249207164797,LOW,APPROVE,0
0.006978862561184501,LOW,APPROVE,0
0.0029715341337223943,LOW,APPROVE,0
0.03736431872612843,LOW,APPROVE,0
0.000336120987295059,LOW,APPROVE,0
0.04172404734895375,LOW,APPROVE,1
0.010889715051014028,LOW,APPROVE,0
0.05021119020355053,LOW,APPROVE,0
0.004089077775162062,LOW,APPROVE,0
0.022885841523884537,LOW,APPROVE,0
0.0526895324740308,LOW,APPROVE,0
0.005058118724109026,LOW,APPROVE,0
0.0036207475842713133,LOW,APPROVE,0
0.003093110561678473,LOW,APPROVE,0
0.02354048543754718,LOW,APPROVE,0
0.0028352291019802813,LOW,APPROVE,0
0.011152285958817364,LOW,APPROVE,0
0.003087790187904929,LOW,APPROVE,0
0.09662248369851069,LOW,APPROVE,0
0.0027882155303053965,LOW,APPROVE,0
0.009655584168667262,LOW,APPROVE,0
0.005133534649198301,LOW,APPROVE,0
0.004446284690095843,LOW,APPROVE,0
0.0015758998897544767,LOW,APPROVE,0
0.030537446715884285,LOW,APPROVE,0
0.05106857464830583,LOW,APPROVE,0
0.011687884287286931,LOW,APPROVE,0
0.00544470813898508,LOW,APPROVE,0
0.004437209515976335,LOW,APPROVE,0
0.005898255691763175,LOW,APPROVE,0
0.008542424288760857,LOW,APPROVE,0
0.005502056865487646,LOW,APPROVE,0
0.009431690999597946,LOW,APPROVE,0
0.023334466856798037,LOW,APPROVE,0
0.005598910267005898,LOW,APPROVE,0
0.004960636301174859,LOW,APPROVE,0
0.016844786810800833,LOW,APPROVE,0
0.006631075340614175,LOW,APPROVE,0
0.010308730924367173,LOW,APPROVE,0
0.007056266700124265,LOW,APPROVE,0
0.021455572834168102,LOW,APPROVE,0
0.023694481875276167,LOW,APPROVE,0
0.002324408152010231,LOW,APPROVE,0
0.0023465939853479817,LOW,APPROVE,0
0.012033571280210334,LOW,APPROVE,0
0.0032271022412118508,LOW,APPROVE,0
0.023552925987999945,LOW,APPROVE,0
0.041274769008058404,LOW,APPROVE,0
0.005559975966744112,LOW,APPROVE,0
0.012886396150157905,LOW,APPROVE,0
0.0016904125543080034,LOW,APPROVE,0
0.019777635688402705,LOW,APPROVE,0
0.0035684263139187287,LOW,APPROVE,0
0.05570093766287046,LOW,APPROVE,0
0.01478655331598162,LOW,APPROVE,0
0.010485355455863338,LOW,APPROVE,1
0.031819635150002364,LOW,APPROVE,0
0.04117670030536801,LOW,APPROVE,0
0.023552925987999945,LOW,APPROVE,0
0.011645499673099281,LOW,APPROVE,0
0.0121137708322498,LOW,APPROVE,1
0.006438765953522659,LOW,APPROVE,0
0.0016382573172860784,LOW,APPROVE,0
0.006893525861287786,LOW,APPROVE,0
0.023552925987999945,LOW,APPROVE,0
0.011199223979943933,LOW,APPROVE,1
0.0010184729634262998,LOW,APPROVE,0
0.0009712238535512355,LOW,APPROVE,0
0.005153459691562295,LOW,APPROVE,0
0.001596857609327687,LOW,APPROVE,0
0.0009495930307894579,LOW,APPROVE,0
0.0027926327334764334,LOW,APPROVE,0
0.10985802969007344,MEDIUM,REVIEW,0
0.001983422505851524,LOW,APPROVE,0
0.0017129495689230528,LOW,APPROVE,0
0.03139480654210426,LOW,APPROVE,0
0.0049753456293683065,LOW,APPROVE,0
0.015252644245854048,LOW,APPROVE,0
0.023817328902876415,LOW,APPROVE,0
0.010864463837911552,LOW,APPROVE,0
0.004428767927361664,LOW,APPROVE,0
0.0017356434956298016,LOW,APPROVE,0
0.04786242656164384,LOW,APPROVE,0
0.001720907149070213,LOW,APPROVE,0
0.01538169853939487,LOW,APPROVE,0
0.009765476315003184,LOW,APPROVE,0
0.014942485279712541,LOW,APPROVE,0
0.015797096331916827,LOW,APPROVE,0
0.0057943991985022055,LOW,APPROVE,0
0.008669050877667572,LOW,APPROVE,0
0.009436186369989568,LOW,APPROVE,0
0.11369160214885529,MEDIUM,REVIEW,0
0.003911040424020176,LOW,APPROVE,0
0.006581977982357921,LOW,APPROVE,0
0.0038573554339740935,LOW,APPROVE,0
0.020702355345428986,LOW,APPROVE,0
0.004130656183584308,LOW,APPROVE,0
0.007151986046725269,LOW,APPROVE,0
0.0018670263920700248,LOW,APPROVE,0
0.01942556192465158,LOW,APPROVE,0
0.004236579803024828,LOW,APPROVE,0
0.036485288860053935,LOW,APPROVE,0
0.010303175149836225,LOW,APPROVE,0
0.015769479891969175,LOW,APPROVE,0
0.006863186099871232,LOW,APPROVE,0
0.0842975500547255,LOW,APPROVE,0
0.001704850737372593,LOW,APPROVE,0
0.06031235197301775,LOW,APPROVE,0
0.005318639325657431,LOW,APPROVE,0
0.0014976909364487969,LOW,APPROVE,0
0.017718796986538034,LOW,APPROVE,0
0.10962711121817428,MEDIUM,REVIEW,0
0.05787320946562223,LOW,APPROVE,0
0.017845286933599883,LOW,APPROVE,0
0.05736403859217015,LOW,APPROVE,0
0.003963612093665332,LOW,APPROVE,0
0.008797622735865613,LOW,APPROVE,0
0.015500409337369481,LOW,APPROVE,0
0.007301129624134908,LOW,APPROVE,0
0.05144324275528391,LOW,APPROVE,0
0.003229977037502589,LOW,APPROVE,0
0.0187750857028384,LOW,APPROVE,0
0.0017164866710573385,LOW,APPROVE,0
0.007987483891599883,LOW,APPROVE,0
0.0066147146991999035,LOW,APPROVE,0
0.0062750732576009076,LOW,APPROVE,0
0.003965766127506151,LOW,APPROVE,0
0.0011705483371544907,LOW,APPROVE,0
0.0091356852739579,LOW,APPROVE,0
0.04478434415807998,LOW,APPROVE,0
0.005929997989242459,LOW,APPROVE,0
0.0012063687433301702,LOW,APPROVE,0
0.006996845327267573,LOW,APPROVE,0
0.007387161030188791,LOW,APPROVE,0
0.0022442136031362724,LOW,APPROVE,0
0.0030046805746389116,LOW,APPROVE,0
0.0027016610209815686,LOW,APPROVE,0
0.002788178969655534,LOW,APPROVE,0
0.01959264416973743,LOW,APPROVE,0
0.009023044799637375,LOW,APPROVE,0
0.034191811292490104,LOW,APPROVE,0
0.012998370655156955,LOW,APPROVE,0
0.015672751731562563,LOW,APPROVE,0
0.01993972798192307,LOW,APPROVE,0
0.003856466740434413,LOW,APPROVE,0
0.0027754479100324226,LOW,APPROVE,0
0.034480951546124516,LOW,APPROVE,0
0.001177229584698071,LOW,APPROVE,0
0.010203535638472074,LOW,APPROVE,0
0.13386430596000398,MEDIUM,REVIEW,0
0.0034365029520629065,LOW,APPROVE,0
0.004492169203322978,LOW,APPROVE,0
0.007788366385505199,LOW,APPROVE,0
0.18661578870532058,MEDIUM,REVIEW,0
0.00111739183340471,LOW,APPROVE,0
0.009218060892917369,LOW,APPROVE,0
0.0020638820242180533,LOW,APPROVE,0
0.0023848821579307384,LOW,APPROVE,0
0.010675588619585907,LOW,APPROVE,0
0.00111739183340471,LOW,APPROVE,0
0.008977196346605376,LOW,APPROVE,0
0.02509056139288936,LOW,APPROVE,0
0.041442910751238106,LOW,APPROVE,0
0.13386430596000398,MEDIUM,REVIEW,0
0.0037087998571495853,LOW,APPROVE,0
0.04332190456398885,LOW,APPROVE,0
0.0026497216802695493,LOW,APPROVE,0
0.01845726358143741,LOW,APPROVE,0
0.0017283076824061907,LOW,APPROVE,0
0.004577070639530514,LOW,APPROVE,0
0.0018712191574228225,LOW,APPROVE,0
0.0028063358533037207,LOW,APPROVE,0
0.11671073130219252,MEDIUM,REVIEW,0
0.005203331524966195,LOW,APPROVE,0
0.012048471503020563,LOW,APPROVE,0
0.005671626297352015,LOW,APPROVE,0
0.01922650009615324,LOW,APPROVE,0
0.009567703960055601,LOW,APPROVE,0
0.005166180447826986,LOW,APPROVE,0
0.012048471503020563,LOW,APPROVE,0
0.021323703956601204,LOW,APPROVE,0
0.012714550238851971,LOW,APPROVE,0
0.023027344362658124,LOW,APPROVE,1
0.0021552274626343644,LOW,APPROVE,0
0.008651754784596134,LOW,APPROVE,0
0.02657638703341372,LOW,APPROVE,0
0.0011322262581174919,LOW,APPROVE,0
0.129997132952842,MEDIUM,REVIEW,0
0.011100030939195723,LOW,APPROVE,0
0.007015059986192034,LOW,APPROVE,0
0.01069181232745739,LOW,APPROVE,0
0.020024536062254798,LOW,APPROVE,0
0.003780617013518034,LOW,APPROVE,0
0.038277877924987845,LOW,APPROVE,0
0.01823835327156407,LOW,APPROVE,0
0.006220263961235079,LOW,APPROVE,0
0.002433004539715277,LOW,APPROVE,0
0.005641592058872788,LOW,APPROVE,0
0.0075146255947676635,LOW,APPROVE,1
0.04503576764986866,LOW,APPROVE,0
0.0041192783623327355,LOW,APPROVE,0
0.030010463651591133,LOW,APPROVE,0
0.015125011728395027,LOW,APPROVE,0
0.0062966103800455335,LOW,APPROVE,0
0.002431883392259266,LOW,APPROVE,0
0.008952414499398022,LOW,APPROVE,0
0.004218719167760328,LOW,APPROVE,0
0.0006879245914185958,LOW,APPROVE,0
0.009695208707806241,LOW,APPROVE,0
0.08374532439363883,LOW,APPROVE,0
0.02428255644822603,LOW,APPROVE,0
0.0018653446241823357,LOW,APPROVE,0
0.008312796175639263,LOW,APPROVE,0
0.00252758862591947,LOW,APPROVE,0
0.003251376817420322,LOW,APPROVE,0
0.0030351023484512137,LOW,APPROVE,0
0.002447182324467425,LOW,APPROVE,0
0.11049968127412362,MEDIUM,REVIEW,0
0.0028179372387526977,LOW,APPROVE,0
0.04812366770297506,LOW,APPROVE,0
0.00698429001912634,LOW,APPROVE,0
0.004709234503191564,LOW,APPROVE,0
0.033355183698964244,LOW,APPROVE,0
0.026186485072967405,LOW,APPROVE,0
0.008952700010955607,LOW,APPROVE,0
0.004709234503191564,LOW,APPROVE,0
0.0031052969869854344,LOW,APPROVE,0
0.007877770035124822,LOW,APPROVE,0
0.005466937586842954,LOW,APPROVE,0
0.01413146759145882,LOW,APPROVE,0
0.004594627565115422,LOW,APPROVE,0
0.0027542622634684623,LOW,APPROVE,0
0.0006840479953021809,LOW,APPROVE,0
0.006458653077593227,LOW,APPROVE,0
0.0007035699818675014,LOW,APPROVE,0
0.017086818754758103,LOW,APPROVE,0
0.020024536062254798,LOW,APPROVE,0
0.001419306015223186,LOW,APPROVE,0
0.004073074913143121,LOW,APPROVE,0
0.011009422148897528,LOW,APPROVE,0
0.0035374066528075982,LOW,APPROVE,0
0.004279327043925168,LOW,APPROVE,0
0.008271099435442254,LOW,APPROVE,0
0.0032189787333971025,LOW,APPROVE,0
0.08374656449855586,LOW,APPROVE,0
0.007406707836046187,LOW,APPROVE,0
0.004264469194030368,LOW,APPROVE,0
0.005093290039873211,LOW,APPROVE,0
0.008800635373189224,LOW,APPROVE,0
0.0036982540307107735,LOW,APPROVE,0
0.02316177442497551,LOW,APPROVE,0
0.023015225169045066,LOW,APPROVE,0
0.004375799762072137,LOW,APPROVE,0
0.011874354055871287,LOW,APPROVE,0
0.008408416054928106,LOW,APPROVE,0
0.019624538943501385,LOW,APPROVE,0
0.022737611614685273,LOW,APPROVE,0
0.022717500853727784,LOW,APPROVE,0
0.002526024070392276,LOW,APPROVE,0
0.02592164773521553,LOW,APPROVE,0
0.0015049371863821073,LOW,APPROVE,0
0.004226024428396638,LOW,APPROVE,0
0.09090987502302887,LOW,APPROVE,0
0.023002993887992103,LOW,APPROVE,0
0.0060667960818728195,LOW,APPROVE,0
0.009815519772662784,LOW,APPROVE,0
0.00215537163843173,LOW,APPROVE,0
0.00512275806426964,LOW,APPROVE,0
0.019141129493453053,LOW,APPROVE,0
0.011825565688975831,LOW,APPROVE,0
0.05896761448338082,LOW,APPROVE,0
0.0037283157786953914,LOW,APPROVE,0
0.008840705428606571,LOW,APPROVE,0
0.018589455617462478,LOW,APPROVE,0
0.006986410487018824,LOW,APPROVE,0
0.002042403759068314,LOW,APPROVE,0
0.004247087691411749,LOW,APPROVE,0
0.00997379077317442,LOW,APPROVE,0
0.009042594208242733,LOW,APPROVE,0
0.0033407207938700783,LOW,APPROVE,0
0.0023378086908954552,LOW,APPROVE,0
0.008999160419374668,LOW,APPROVE,0
0.0034238953788016118,LOW,APPROVE,0
0.005455517987618073,LOW,APPROVE,0
0.019214034881193092,LOW,APPROVE,0
0.004032943173424783,LOW,APPROVE,0
0.0537327633872228,LOW,APPROVE,0
0.00331385708341982,LOW,APPROVE,0
0.010289742003417774,LOW,APPROVE,0
0.00320873629525505,LOW,APPROVE,0
0.013805071955712058,LOW,APPROVE,0
0.0044521031584720035,LOW,APPROVE,0
0.003429142882454862,LOW,APPROVE,0
0.0026390400925362933,LOW,APPROVE,0
0.12702603171910576,MEDIUM,REVIEW,0
0.01541295374958603,LOW,APPROVE,0
0.002233597538833421,LOW,APPROVE,0
0.006767455372111652,LOW,APPROVE,0
0.010225551284035279,LOW,APPROVE,0
0.013062022052030919,LOW,APPROVE,0
0.03829481528590162,LOW,APPROVE,0
0.004359008124271862,LOW,APPROVE,0
0.016968321955335958,LOW,APPROVE,0
0.001875513230799498,LOW,APPROVE,0
0.014072111074476448,LOW,APPROVE,0
0.026800704864267742,LOW,APPROVE,0
0.003835858564621849,LOW,APPROVE,0
0.0038550167786889035,LOW,APPROVE,0
0.003959088046732617,LOW,APPROVE,0
0.01241724607413478,LOW,APPROVE,0
0.0031561127214213614,LOW,APPROVE,0
0.015318534897022172,LOW,APPROVE,0
0.001948860151372576,LOW,APPROVE,0
0.007638635778294499,LOW,APPROVE,0
0.014607477128649052,LOW,APPROVE,0
0.026800704864267742,LOW,APPROVE,0
0.006016610962840534,LOW,APPROVE,0
0.08569299217007167,LOW,APPROVE,0
0.0017652505946779006,LOW,APPROVE,0
0.0033750246078969367,LOW,APPROVE,0
0.0017176801418123892,LOW,APPROVE,0
0.006457347514182287,LOW,APPROVE,0
0.0029235146012084705,LOW,APPROVE,0
0.030239480606042732,LOW,APPROVE,0
0.002060421362910571,LOW,APPROVE,0
0.007020302173894352,LOW,APPROVE,0
0.007752266492461603,LOW,APPROVE,0
0.008549865800563309,LOW,APPROVE,0
0.022334323797440544,LOW,APPROVE,0
0.003791845146719679,LOW,APPROVE,0
0.00640083262571354,LOW,APPROVE,0
0.013838146865356822,LOW,APPROVE,0
0.019968740340199752,LOW,APPROVE,0
0.002278349154152932,LOW,APPROVE,0
0.005005616503398671,LOW,APPROVE,0
0.0027073485061650604,LOW,APPROVE,0
0.004364182503689794,LOW,APPROVE,0
0.004216638021125445,LOW,APPROVE,0
0.004136704283241172,LOW,APPROVE,0
0.01215022620322375,LOW,APPROVE,0
0.010438346001096699,LOW,APPROVE,0
0.013294872273647621,LOW,APPROVE,0
0.024009573903973673,LOW,APPROVE,0
0.012673486742332808,LOW,APPROVE,0
0.014238602939854243,LOW,APPROVE,0
0.0016755013236225403,LOW,APPROVE,0
0.02571297923886884,LOW,APPROVE,0
0.0015482240155282785,LOW,APPROVE,0
0.007542177107677981,LOW,APPROVE,0
0.01448681774604664,LOW,APPROVE,0
0.005081917587680612,LOW,APPROVE,0
0.05356656994861665,LOW,APPROVE,0
0.0030629281996797935,LOW,APPROVE,0
0.04142873777510012,LOW,APPROVE,0
0.0025529438500922486,LOW,APPROVE,0
0.0021664565931495197,LOW,APPROVE,0
0.0022922412381202813,LOW,APPROVE,0
0.008395049578604223,LOW,APPROVE,0
0.00233111003237794,LOW,APPROVE,0
0.0009610489469200636,LOW,APPROVE,0
0.007491447006778499,LOW,APPROVE,0
0.0039040990566269096,LOW,APPROVE,0
0.005485270070535419,LOW,APPROVE,0
0.02889853196348744,LOW,APPROVE,0
0.017105735434486926,LOW,APPROVE,0
0.04269927233576603,LOW,APPROVE,0
0.037616359333026574,LOW,APPROVE,0
0.002267924799366575,LOW,APPROVE,0
0.005932950254821118,LOW,APPROVE,0
0.005048203718602709,LOW,APPROVE,0
0.004399355864707895,LOW,APPROVE,0
0.010149060900491414,LOW,APPROVE,0
0.002917122886980274,LOW,APPROVE,0
0.022963223195713967,LOW,APPROVE,0
0.006814118469313762,LOW,APPROVE,0
0.006551975087843652,LOW,APPROVE,0
0.030341319413767012,LOW,APPROVE,0
0.0488009060550222,LOW,APPROVE,0
0.004229035028656902,LOW,APPROVE,0
0.0052025940930936175,LOW,APPROVE,0
0.017946713975053024,LOW,APPROVE,0
0.021910327389159028,LOW,APPROVE,0
0.00988164018306271,LOW,APPROVE,0
0.0271139238310817,LOW,APPROVE,0
0.01600075429438883,LOW,APPROVE,0
0.005459800933339538,LOW,APPROVE,0
0.01133592722608909,LOW,APPROVE,0
0.007679860734869582,LOW,APPROVE,0
0.0033232517325174917,LOW,APPROVE,0
0.0029376849472488474,LOW,APPROVE,0
0.003800720115549738,LOW,APPROVE,0
0.007570126972730474,LOW,APPROVE,0
0.0007044121161457472,LOW,APPROVE,0
0.028895869356594866,LOW,APPROVE,0
0.012469119984009104,LOW,APPROVE,1
0.003749476351300677,LOW,APPROVE,0
0.002219866308003025,LOW,APPROVE,0
0.014951813115771618,LOW,APPROVE,0
0.00988164018306271,LOW,APPROVE,0
0.007901185486395113,LOW,APPROVE,0
0.006349503218132925,LOW,APPROVE,0
0.005140265058425039,LOW,APPROVE,0
0.010576575636966859,LOW,APPROVE,0
0.00593547165219192,LOW,APPROVE,0
0.010727530883782619,LOW,APPROVE,0
0.03296968852240669,LOW,APPROVE,0
0.034747769343019964,LOW,APPROVE,0
0.026155076825505306,LOW,APPROVE,0
0.006399698835067572,LOW,APPROVE,0
0.03694620477844162,LOW,APPROVE,0
0.01045306221485393,LOW,APPROVE,0
0.004311286898151692,LOW,APPROVE,0
0.0157374541563888,LOW,APPROVE,0
0.0019876505152278336,LOW,APPROVE,0
0.0034882881811100037,LOW,APPROVE,0
0.10065911333288616,MEDIUM,REVIEW,0
0.004551508220995498,LOW,APPROVE,0
0.053237379323918615,LOW,APPROVE,0
0.020184218594469925,LOW,APPROVE,0
0.005115911551261002,LOW,APPROVE,0
0.007058528272464472,LOW,APPROVE,0
0.0041802382971823145,LOW,APPROVE,0
0.0047817598620987075,LOW,APPROVE,0
0.01812258541197702,LOW,APPROVE,0
0.0014913428487158208,LOW,APPROVE,0
0.005581913730096013,LOW,APPROVE,0
0.0038209813193484567,LOW,APPROVE,0
0.05895049593139364,LOW,APPROVE,0
0.007010368897909075,LOW,APPROVE,0
0.005334720347638817,LOW,APPROVE,0
0.0028271390219919207,LOW,APPROVE,0
0.015992739178832344,LOW,APPROVE,0
0.0012771840615782108,LOW,APPROVE,0
0.023738100387171505,LOW,APPROVE,0
0.002365841171772195,LOW,APPROVE,0
0.042271147456455736,LOW,APPROVE,0
0.004511579805234388,LOW,APPROVE,0
0.00785345581451114,LOW,APPROVE,0
0.002266125269425689,LOW,APPROVE,0
0.0016968742214757005,LOW,APPROVE,0
0.020037624226991263,LOW,APPROVE,0
0.011915001005009277,LOW,APPROVE,0
0.00533573635565939,LOW,APPROVE,0
0.037984308273727285,LOW,APPROVE,1
0.03127276134027809,LOW,APPROVE,0
0.03235549685725668,LOW,APPROVE,0
0.004904505480477838,LOW,APPROVE,0
0.009508207418440823,LOW,APPROVE,0
0.025945112928995675,LOW,APPROVE,0
0.011953856497483302,LOW,APPROVE,0
0.012241001439555258,LOW,APPROVE,0
0.004609182792462657,LOW,APPROVE,0
0.003992307252556024,LOW,APPROVE,0
0.003328912466257206,LOW,APPROVE,0
0.012598125826230296,LOW,APPROVE,0
0.01170380183155506,LOW,APPROVE,0
0.014629998176422392,LOW,APPROVE,0
0.019439202405788926,LOW,APPROVE,0
0.011556842774367979,LOW,APPROVE,0
0.005458473581997494,LOW,APPROVE,0
0.03946173373153665,LOW,APPROVE,1
0.0021052696085310297,LOW,APPROVE,0
0.00179617550931835,LOW,APPROVE,0
0.046377567434835815,LOW,APPROVE,0
0.004531585741596404,LOW,APPROVE,0
0.018768063024166105,LOW,APPROVE,0
0.0009809897485767978,LOW,APPROVE,0
0.013654264910732074,LOW,APPROVE,0
0.010114538601926522,LOW,APPROVE,0
0.007763603227797262,LOW,APPROVE,0
0.05013097156506274,LOW,APPROVE,0
0.014340851626106281,LOW,APPROVE,0
0.013151958503117137,LOW,APPROVE,0
0.0021124028053831957,LOW,APPROVE,0
0.0037555365430863483,LOW,APPROVE,0
0.0027758058485583895,LOW,APPROVE,0
0.011199613496266284,LOW,APPROVE,0
0.025721200278925667,LOW,APPROVE,0
0.12575748668767237,MEDIUM,REVIEW,0
0.0022944396561051256,LOW,APPROVE,0
0.018258265454476105,LOW,APPROVE,0
0.007485937974818515,LOW,APPROVE,0
0.005490301363651686,LOW,APPROVE,0
0.011406292393125187,LOW,APPROVE,0
0.003985021257181476,LOW,APPROVE,0
0.014679573695964466,LOW,APPROVE,0
0.0045415962749487965,LOW,APPROVE,0
0.0012169607016347356,LOW,APPROVE,0
0.015122263862686742,LOW,APPROVE,0
0.05711146207456777,LOW,APPROVE,0
0.027742949921930382,LOW,APPROVE,0
0.006062378649115454,LOW,APPROVE,0
0.004394119956580402,LOW,APPROVE,0
0.005786968013857499,LOW,APPROVE,0
0.09216487190460185,LOW,APPROVE,0
0.0015917195866191156,LOW,APPROVE,0
0.0032844461862653416,LOW,APPROVE,0
0.0007030950640527047,LOW,APPROVE,0
0.005321691634678439,LOW,APPROVE,0
0.006857945560438145,LOW,APPROVE,0
0.006107240661128582,LOW,APPROVE,0
0.014972837326938045,LOW,APPROVE,0
0.09216487190460185,LOW,APPROVE,0
0.009135879471539151,LOW,APPROVE,0
0.038544961546767204,LOW,APPROVE,0
0.0019028721740556264,LOW,APPROVE,0
0.00894342257678396,LOW,APPROVE,0
0.10271964906085997,MEDIUM,REVIEW,0
0.0014029268178130758,LOW,APPROVE,0
0.019922652984583792,LOW,APPROVE,0
0.02018214668403271,LOW,APPROVE,0
0.00178693539914456,LOW,APPROVE,0
0.011532291089157593,LOW,APPROVE,0
0.010935160435169497,LOW,APPROVE,0
0.004144936092830189,LOW,APPROVE,0
0.019943154217172535,LOW,APPROVE,0
0.002696856495944804,LOW,APPROVE,0
0.020740909029652123,LOW,APPROVE,0
0.0022405389431577752,LOW,APPROVE,0
0.002696856495944804,LOW,APPROVE,0
0.009054329114396496,LOW,APPROVE,0
0.010581642342569988,LOW,APPROVE,0
0.008780974815292884,LOW,APPROVE,0
0.04006365990925417,LOW,APPROVE,0
0.0152499194114237,LOW,APPROVE,0
0.037447427630595075,LOW,APPROVE,0
0.05250739740815033,LOW,APPROVE,0
0.002696856495944804,LOW,APPROVE,0
0.007776717803284666,LOW,APPROVE,0
0.012988335795977033,LOW,APPROVE,0
0.020828459168351892,LOW,APPROVE,0
0.009016277186286767,LOW,APPROVE,0
0.004787693648578423,LOW,APPROVE,0
0.05530040164681944,LOW,APPROVE,0
0.008048923071180302,LOW,APPROVE,0
0.5834548959032388,HIGH,BLOCK,1
0.0037037519204876517,LOW,APPROVE,0
0.030797952594993894,LOW,APPROVE,0
0.040792459231693744,LOW,APPROVE,0
0.007414005949545904,LOW,APPROVE,0
0.012300850129043079,LOW,APPROVE,0
0.0021063038542731153,LOW,APPROVE,0
0.01328817212505273,LOW,APPROVE,0
0.014370527297967967,LOW,APPROVE,0
0.028749200613727648,LOW,APPROVE,0
0.009176529553094424,LOW,APPROVE,0
0.0021908541291078137,LOW,APPROVE,0
0.0031390939309793005,LOW,APPROVE,0
0.008926258936620001,LOW,APPROVE,0
0.0036280058458563838,LOW,APPROVE,0
0.03141711935469388,LOW,APPROVE,0
0.002220772668992478,LOW,APPROVE,0
0.005607256827898788,LOW,APPROVE,0
0.008406170217748098,LOW,APPROVE,0
0.01961711505662885,LOW,APPROVE,0
0.009985763656398578,LOW,APPROVE,0
0.01613456864825122,LOW,APPROVE,0
0.06777894128261862,LOW,APPROVE,0
0.006629837614017594,LOW,APPROVE,0
0.013468723818163495,LOW,APPROVE,0
0.001739125749624864,LOW,APPROVE,0
0.012379325333310846,LOW,APPROVE,0
0.005244397617656076,LOW,APPROVE,0
0.00269610811484817,LOW,APPROVE,0
0.010833602714314543,LOW,APPROVE,0
0.029937542016140385,LOW,APPROVE,0
0.03780970962100996,LOW,APPROVE,0
0.0011349652841481288,LOW,APPROVE,0
0.03780970962100996,LOW,APPROVE,0
0.00639909206023999,LOW,APPROVE,0
0.002027958298364326,LOW,APPROVE,0
0.011584659867502092,LOW,APPROVE,0
0.07093889358302394,LOW,APPROVE,0
0.004157706098654651,LOW,APPROVE,0
0.02751544289335482,LOW,APPROVE,0
0.0066619910003472265,LOW,APPROVE,0
0.003972198256485258,LOW,APPROVE,0
0.004126632338518181,LOW,APPROVE,0
0.0027758058485583895,LOW,APPROVE,0
0.0074021846964767695,LOW,APPROVE,0
0.00402576508120347,LOW,APPROVE,0
0.0015987287546444268,LOW,APPROVE,0
0.004832542973956626,LOW,APPROVE,0
0.01591623985445865,LOW,APPROVE,0
0.002796532083798813,LOW,APPROVE,0
0.006181487258529324,LOW,APPROVE,0
0.001240450640522214,LOW,APPROVE,0
0.0065547055628752985,LOW,APPROVE,0
0.0025148660762022417,LOW,APPROVE,0
0.006253577703973191,LOW,APPROVE,0
0.002399391537351959,LOW,APPROVE,0
0.0030653239260662276,LOW,APPROVE,0
0.07327589277743012,LOW,APPROVE,0
0.007370559126579677,LOW,APPROVE,0
0.008186603152203844,LOW,APPROVE,0
0.005916912749881048,LOW,APPROVE,0
0.002020161389399667,LOW,APPROVE,0
0.00818731114161333,LOW,APPROVE,0
0.001942829927706445,LOW,APPROVE,0
0.009902091193485823,LOW,APPROVE,0
0.28651501570518906,MEDIUM,REVIEW,1
0.0014728094524210898,LOW,APPROVE,0
0.017943296246195648,LOW,APPROVE,0
0.004721161132243155,LOW,APPROVE,0
0.0008927278101455017,LOW,APPROVE,0
0.007756148014897429,LOW,APPROVE,0
0.005252151320071907,LOW,APPROVE,0
0.0013315521306631864,LOW,APPROVE,0
0.01272465279125992,LOW,APPROVE,0
0.007025561096219226,LOW,APPROVE,0
0.014697566173107388,LOW,APPROVE,0
0.002033824173122445,LOW,APPROVE,0
0.005857447705793642,LOW,APPROVE,0
0.10309853902609206,MEDIUM,REVIEW,0
0.002033824173122445,LOW,APPROVE,0
0.002254007094310502,LOW,APPROVE,0
0.00793557546683719,LOW,APPROVE,0
0.0026525959736761577,LOW,APPROVE,0
0.7921177180628828,HIGH,BLOCK,1
0.0041926578779468366,LOW,APPROVE,0
0.19210017638971294,MEDIUM,REVIEW,0
0.0031125814508247687,LOW,APPROVE,0
0.0226356334492821,LOW,APPROVE,0
0.007375689162934132,LOW,APPROVE,0
0.02804259754576473,LOW,APPROVE,0
0.005060000918367145,LOW,APPROVE,0
0.011780514805138427,LOW,APPROVE,0
0.004503065065872488,LOW,APPROVE,0
0.19210017638971294,MEDIUM,REVIEW,0
0.001724260968955608,LOW,APPROVE,0
0.0038825285333050578,LOW,APPROVE,0
0.002898014063766115,LOW,APPROVE,0
0.008623074530990718,LOW,APPROVE,0
0.013808101991858761,LOW,APPROVE,0
0.014114522343264465,LOW,APPROVE,0
0.0022424342532617785,LOW,APPROVE,0
0.02739856979666749,LOW,APPROVE,0
0.0013075983957021634,LOW,APPROVE,0
0.010025330664023306,LOW,APPROVE,0
0.009245875894789852,LOW,APPROVE,0
0.6477126444346916,HIGH,BLOCK,1
0.008441079302113873,LOW,APPROVE,0
0.003218839450855511,LOW,APPROVE,0
0.028137570140702287,LOW,APPROVE,0
0.008046407396409624,LOW,APPROVE,0
0.006263876527970798,LOW,APPROVE,0
0.0022830277219211357,LOW,APPROVE,0
0.003512953999307114,LOW,APPROVE,0
0.004456763846629328,LOW,APPROVE,0
0.015555296444674743,LOW,APPROVE,0
0.0014406133022869063,LOW,APPROVE,0
0.015151504387841838,LOW,APPROVE,0
0.0912759179539281,LOW,APPROVE,0
0.002657104872366446,LOW,APPROVE,0
0.00444648620806975,LOW,APPROVE,0
0.002927696971026414,LOW,APPROVE,0
0.010271192062027666,LOW,APPROVE,0
0.00962425609639283,LOW,APPROVE,0
0.006388748366921673,LOW,APPROVE,0
0.011410968280516891,LOW,APPROVE,0
0.0031480150695424726,LOW,APPROVE,0
0.005268655556180192,LOW,APPROVE,0
0.0027785817336985178,LOW,APPROVE,0
0.007198643434205877,LOW,APPROVE,0
0.0038983215182384176,LOW,APPROVE,0
0.0016177805184838614,LOW,APPROVE,0
0.011358800374098761,LOW,APPROVE,0
0.7921177180628828,HIGH,BLOCK,1
0.005124104731114072,LOW,APPROVE,0
0.002537305183424966,LOW,APPROVE,0
0.03465440941882642,LOW,APPROVE,0
0.00570631701403746,LOW,APPROVE,0
0.0026814411742328926,LOW,APPROVE,0
0.019033601610900123,LOW,APPROVE,0
0.00570631701403746,LOW,APPROVE,0
0.0077637454780980835,LOW,APPROVE,0
0.001580282717210851,LOW,APPROVE,0
0.003378490790339016,LOW,APPROVE,0
0.025262705001101223,LOW,APPROVE,0
0.012545451829458975,LOW,APPROVE,0
0.005382558886063738,LOW,APPROVE,0
0.003528942760219548,LOW,APPROVE,0
0.0016252331288019689,LOW,APPROVE,0
0.006124555967558869,LOW,APPROVE,0
0.00467297370073795,LOW,APPROVE,0
0.050408886056695065,LOW,APPROVE,0
0.00570631701403746,LOW,APPROVE,0
0.020450334363368426,LOW,APPROVE,0
0.005524497507007478,LOW,APPROVE,0
0.002133286502560648,LOW,APPROVE,0
0.007964810198029635,LOW,APPROVE,0
0.0059350736577838716,LOW,APPROVE,0
0.032525624535439196,LOW,APPROVE,0
0.0025077235488739735,LOW,APPROVE,0
0.04375682595454087,LOW,APPROVE,0
0.0017572047303690951,LOW,APPROVE,0
0.009843032741386324,LOW,APPROVE,0
0.002212824987070865,LOW,APPROVE,0
0.0037756810263169798,LOW,APPROVE,0
0.02861575942437563,LOW,APPROVE,0
0.04758099412901062,LOW,APPROVE,0
0.009598041959366524,LOW,APPROVE,0
0.0038385406252916298,LOW,APPROVE,0
0.0026871421982761186,LOW,APPROVE,0
0.011110518584330525,LOW,APPROVE,0
0.024979473215348564,LOW,APPROVE,0
0.0045832823362279874,LOW,APPROVE,0
0.011612515018107247,LOW,APPROVE,0
0.0016181457774364855,LOW,APPROVE,0
0.0040921364499742945,LOW,APPROVE,0
0.007108140258529062,LOW,APPROVE,0
0.002063125615708968,LOW,APPROVE,0
0.0026992121303190315,LOW,APPROVE,0
0.014308579935332535,LOW,APPROVE,0
0.009269142922621727,LOW,APPROVE,0
0.01353335109685454,LOW,APPROVE,0
0.0018090603306754,LOW,APPROVE,0
0.055705478542056056,LOW,APPROVE,0
0.0040921364499742945,LOW,APPROVE,0
0.011780514805138427,LOW,APPROVE,0
0.008944197677831512,LOW,APPROVE,0
0.011612515018107247,LOW,APPROVE,0
0.014442358651438239,LOW,APPROVE,0
0.0015552355667587184,LOW,APPROVE,0
0.07100509360087562,LOW,APPROVE,0
0.03821479760071961,LOW,APPROVE,0
0.01727223989146932,LOW,APPROVE,0
0.004173722805642342,LOW,APPROVE,0
0.004075120154234098,LOW,APPROVE,0
0.036453745189427456,LOW,APPROVE,0
0.004227745622666648,LOW,APPROVE,0
0.023754456918575587,LOW,APPROVE,0
0.01297995321675704,LOW,APPROVE,0
0.0637215200273729,LOW,APPROVE,1
0.003317720850611453,LOW,APPROVE,0
0.0182353630107926,LOW,APPROVE,0
0.0144971798209366,LOW,APPROVE,0
0.07100509360087562,LOW,APPROVE,0
0.0637215200273729,LOW,APPROVE,1
0.015908180636843437,LOW,APPROVE,0
0.004224966958310351,LOW,APPROVE,0
0.010405711029650658,LOW,APPROVE,0
0.0011861968642672242,LOW,APPROVE,0
0.005939461672275971,LOW,APPROVE,0
0.011497630263790744,LOW,APPROVE,0
0.006466045709989277,LOW,APPROVE,0
0.013592787466881464,LOW,APPROVE,0
0.003432137279598567,LOW,APPROVE,0
0.0013876839049225993,LOW,APPROVE,0
0.0018160850710417058,LOW,APPROVE,0
0.027583933456278346,LOW,APPROVE,0
0.019834282424010943,LOW,APPROVE,0
0.02304170341746946,LOW,APPROVE,0
0.01986390755566686,LOW,APPROVE,0
0.12853393982054442,MEDIUM,REVIEW,0
0.005376612995762308,LOW,APPROVE,0
0.008116857533247975,LOW,APPROVE,0
0.0063295240613426415,LOW,APPROVE,0
0.0087751199608259,LOW,APPROVE,0
0.012601072910913204,LOW,APPROVE,0
0.016525300696996415,LOW,APPROVE,0
0.05007946391565461,LOW,APPROVE,1
0.00938418809074057,LOW,APPROVE,0
0.0013557761155219613,LOW,APPROVE,0
0.0074637327322977925,LOW,APPROVE,0
0.0488820587971281,LOW,APPROVE,0
0.00711790513561836,LOW,APPROVE,0
0.019020173303152234,LOW,APPROVE,0
0.007414498988714208,LOW,APPROVE,0
0.008571768400497599,LOW,APPROVE,0
0.00637152491555555,LOW,APPROVE,0
0.008610857856049245,LOW,APPROVE,0
0.007521577020913898,LOW,APPROVE,0
0.002528398340252979,LOW,APPROVE,0
0.01187086449728725,LOW,APPROVE,0
0.006319802819434094,LOW,APPROVE,0
0.007379404692930353,LOW,APPROVE,0
0.008582402782441583,LOW,APPROVE,0
0.7921177180628828,HIGH,BLOCK,1
0.002123941969828419,LOW,APPROVE,0
0.043566248128188705,LOW,APPROVE,0
0.012297265181267872,LOW,APPROVE,0
0.007714199647951121,LOW,APPROVE,0
0.00951131201225139,LOW,APPROVE,0
0.01623440255785019,LOW,APPROVE,0
0.0412857641002302,LOW,APPROVE,0
0.006861341668101213,LOW,APPROVE,0
0.005749005723026709,LOW,APPROVE,0
0.010169730869738167,LOW,APPROVE,0
0.006118415620549801,LOW,APPROVE,0
0.002888118044685489,LOW,APPROVE,0
0.057567312633071965,LOW,APPROVE,0
0.003426631542266117,LOW,APPROVE,0
0.01894312764166726,LOW,APPROVE,0
0.005872423248270687,LOW,APPROVE,0
0.00319252678884031,LOW,APPROVE,0
0.009388984760944354,LOW,APPROVE,0
0.002403989817909965,LOW,APPROVE,0
0.0006341654256898532,LOW,APPROVE,0
0.0013506958484209557,LOW,APPROVE,0
0.019842968312235972,LOW,APPROVE,0
0.007420244396478601,LOW,APPROVE,0
0.005441478002320589,LOW,APPROVE,0
0.0006967814030253638,LOW,APPROVE,0
0.02137805803266915,LOW,APPROVE,0
0.011248123944684078,LOW,APPROVE,0
0.005673585947370628,LOW,APPROVE,0
0.008972328811125713,LOW,APPROVE,0
0.0027326028201376034,LOW,APPROVE,0
0.0015032604394125092,LOW,APPROVE,0
0.004325798254153148,LOW,APPROVE,0
0.002888207362709695,LOW,APPROVE,0
0.0005435963193879742,LOW,APPROVE,0
0.0027326028201376034,LOW,APPROVE,0
0.019857504925586283,LOW,APPROVE,0
0.023360450602594878,LOW,APPROVE,0
0.009710806660182713,LOW,APPROVE,0
0.006905500351491538,LOW,APPROVE,0
0.007995436162675212,LOW,APPROVE,0
0.0009464960841562975,LOW,APPROVE,0
0.0033969375352712093,LOW,APPROVE,0
0.012689234552201986,LOW,APPROVE,0
0.005044683025208689,LOW,APPROVE,0
0.031238648747656944,LOW,APPROVE,0
0.005984321035585505,LOW,APPROVE,0
0.0043681111191099095,LOW,APPROVE,0
0.005271558749842997,LOW,APPROVE,0
0.007150050491155239,LOW,APPROVE,0
0.010039143202527995,LOW,APPROVE,0
0.0023469115050920057,LOW,APPROVE,0
0.005271558749842997,LOW,APPROVE,0
0.007026975806160486,LOW,APPROVE,0
0.0028981857982031105,LOW,APPROVE,0
0.0220599430721666,LOW,APPROVE,0
0.012588120461048293,LOW,APPROVE,0
0.012502206548802549,LOW,APPROVE,0
0.010511725971253197,LOW,APPROVE,0
0.004952957084823051,LOW,APPROVE,0
0.0016302724318100904,LOW,APPROVE,0
0.06279652323277429,LOW,APPROVE,0
0.008885025199152002,LOW,APPROVE,0
0.005271558749842997,LOW,APPROVE,0
0.005351169901043863,LOW,APPROVE,0
0.008622140631228015,LOW,APPROVE,0
0.0026647020057776623,LOW,APPROVE,0
0.020527577504810428,LOW,APPROVE,0
0.014590185682362254,LOW,APPROVE,0
0.0034466735759934673,LOW,APPROVE,0
0.001285099382951197,LOW,APPROVE,0
0.0022723077456681426,LOW,APPROVE,0
0.010223850734823917,LOW,APPROVE,0
0.01924526775026954,LOW,APPROVE,0
0.01325868023648774,LOW,APPROVE,0
0.007191299186279643,LOW,APPROVE,0
0.005568050006130392,LOW,APPROVE,0
0.013414566510879532,LOW,APPROVE,0
0.0027728390133368,LOW,APPROVE,0
0.006551457433758578,LOW,APPROVE,0
0.004689186974501767,LOW,APPROVE,0
0.018234233674654363,LOW,APPROVE,0
0.0032483975914177295,LOW,APPROVE,0
0.015965763284496386,LOW,APPROVE,0
0.004434627429890535,LOW,APPROVE,0
0.008322920346948336,LOW,APPROVE,0
0.003288404339225818,LOW,APPROVE,0
0.0503233307645162,LOW,APPROVE,1
0.002871503490522802,LOW,APPROVE,0
0.004458267219650504,LOW,APPROVE,0
0.0022409843437661173,LOW,APPROVE,0
0.012590831081831998,LOW,APPROVE,0
0.0014518311785713385,LOW,APPROVE,0
0.012238812844665853,LOW,APPROVE,0
0.007092328562070552,LOW,APPROVE,0
0.005845996942175438,LOW,APPROVE,0
0.008930729984940777,LOW,APPROVE,0
0.011616680167448526,LOW,APPROVE,0
0.030522468637744667,LOW,APPROVE,0
0.01884077081208346,LOW,APPROVE,0
0.05519402820404985,LOW,APPROVE,0
0.0009580807929417315,LOW,APPROVE,0
0.0033725830315298024,LOW,APPROVE,0
0.01048775931306598,LOW,APPROVE,0
0.008473239940697637,LOW,APPROVE,0
0.015276560124783053,LOW,APPROVE,0
0.01087855737273439,LOW,APPROVE,0
0.007087664000838224,LOW,APPROVE,0
0.004040981362606479,LOW,APPROVE,0
0.0022378916464573396,LOW,APPROVE,0
0.004171346023667393,LOW,APPROVE,0
0.001923969345731269,LOW,APPROVE,0
0.0018176679016585352,LOW,APPROVE,0
0.01945190427114201,LOW,APPROVE,0
0.0218542112150352,LOW,APPROVE,0
0.004051398039548139,LOW,APPROVE,0
0.0018176679016585352,LOW,APPROVE,0
0.0031129088986393025,LOW,APPROVE,0
0.0018878755893155892,LOW,APPROVE,0
0.010153094145970822,LOW,APPROVE,0
0.0026922278608700894,LOW,APPROVE,0
0.020222537609568544,LOW,APPROVE,0
0.02218154215125677,LOW,APPROVE,0
0.001581371532583276,LOW,APPROVE,0
0.008023019797063644,LOW,APPROVE,0
0.002492527933487977,LOW,APPROVE,0
0.004802408982108556,LOW,APPROVE,0
0.039784934350979184,LOW,APPROVE,0
0.015474665169917058,LOW,APPROVE,0
0.006016238881960461,LOW,APPROVE,0
0.00835603279476152,LOW,APPROVE,0
0.0018176679016585352,LOW,APPROVE,0
0.008277191162873133,LOW,APPROVE,0
0.04332179201547282,LOW,APPROVE,0
0.0036487561638137538,LOW,APPROVE,0
0.004112162747200525,LOW,APPROVE,0
0.0020810472853495555,LOW,APPROVE,0
0.0042545544306631005,LOW,APPROVE,0
0.0005956964498056917,LOW,APPROVE,0
0.005732487614244799,LOW,APPROVE,0
0.004917029078533903,LOW,APPROVE,0
0.0072631994404191245,LOW,APPROVE,0
0.00394679943955123,LOW,APPROVE,0
0.026690215960943068,LOW,APPROVE,1
0.0028435605074744255,LOW,APPROVE,0
0.7922527692224748,HIGH,BLOCK,1
0.004628567357493519,LOW,APPROVE,0
0.0017062980783732332,LOW,APPROVE,0
0.0021028652373393047,LOW,APPROVE,0
0.009456925888714445,LOW,APPROVE,0
0.006488018172078316,LOW,APPROVE,0
0.0809659694845068,LOW,APPROVE,1
0.043200328433982464,LOW,APPROVE,0
0.005475086465756642,LOW,APPROVE,0
0.03467923570761145,LOW,APPROVE,0
0.010077357129505048,LOW,APPROVE,0
0.0024792308775668757,LOW,APPROVE,0
0.005815323984730293,LOW,APPROVE,0
0.008270837747308765,LOW,APPROVE,0
0.0056743145073761955,LOW,APPROVE,0
0.04649920347204148,LOW,APPROVE,0
0.004067970322209906,LOW,APPROVE,0
0.0025983682647829445,LOW,APPROVE,0
0.0018176679016585352,LOW,APPROVE,0
0.005495995549086225,LOW,APPROVE,0
0.027274163816601908,LOW,APPROVE,0
0.0019595725817651197,LOW,APPROVE,0
0.02507155397709024,LOW,APPROVE,0
0.013578564659280945,LOW,APPROVE,0
0.011197226688435504,LOW,APPROVE,0
0.012496536912368532,LOW,APPROVE,0
0.0023065932312088836,LOW,APPROVE,0
0.01656769989684332,LOW,APPROVE,0
0.014337540431075024,LOW,APPROVE,0
0.0018133063551648667,LOW,APPROVE,0
0.0057070551472811325,LOW,APPROVE,0
0.007824988942128524,LOW,APPROVE,0
0.0037862861521130633,LOW,APPROVE,0
0.0028977623310524844,LOW,APPROVE,0
0.003565679010330978,LOW,APPROVE,0
0.006790985774825195,LOW,APPROVE,0
0.0040639168811566016,LOW,APPROVE,0
0.006449951697033753,LOW,APPROVE,0
0.00454621871289748,LOW,APPROVE,0
0.017352434757043133,LOW,APPROVE,0
0.007627274034644406,LOW,APPROVE,0
0.0037438017614607848,LOW,APPROVE,0
0.00424153524278639,LOW,APPROVE,0
0.001687957538398708,LOW,APPROVE,0
0.0036059585791781397,LOW,APPROVE,0
0.00770085998764485,LOW,APPROVE,0
0.01221945092113676,LOW,APPROVE,0
0.0023001146358155077,LOW,APPROVE,0
0.001957841023299785,LOW,APPROVE,0
0.0015244544254972908,LOW,APPROVE,0
0.0027698785305337362,LOW,APPROVE,0
0.009575339115385191,LOW,APPROVE,0
0.0023176882630620743,LOW,APPROVE,0
0.004498863844562754,LOW,APPROVE,0
0.002148223437614039,LOW,APPROVE,0
0.0011137794015505921,LOW,APPROVE,0
0.013089420464807761,LOW,APPROVE,0
0.0013585443221176706,LOW,APPROVE,0
0.012048111115843094,LOW,APPROVE,0
0.009019358539996523,LOW,APPROVE,0
0.025571325035952434,LOW,APPROVE,0
0.0016792896228742305,LOW,APPROVE,0
0.0076954686682683005,LOW,APPROVE,0
0.004282055448307917,LOW,APPROVE,0
0.005933655374094179,LOW,APPROVE,0
0.004405861037431564,LOW,APPROVE,0
0.0075390274898751025,LOW,APPROVE,0
0.029251463087044845,LOW,APPROVE,0
0.024916794824498194,LOW,APPROVE,0
0.00216308632250141,LOW,APPROVE,0
0.0025466465748583238,LOW,APPROVE,0
0.004498863844562754,LOW,APPROVE,0
0.00923553113513356,LOW,APPROVE,0
0.0005794991804973954,LOW,APPROVE,0
0.005165421784963866,LOW,APPROVE,0
0.016551655420450853,LOW,APPROVE,0
0.003564479743151552,LOW,APPROVE,0
0.04479464988271639,LOW,APPROVE,0
0.055709347793747734,LOW,APPROVE,0
0.00204209756931695,LOW,APPROVE,0
0.0044804549544499245,LOW,APPROVE,0
0.0018202363244663408,LOW,APPROVE,0
0.003507961946643736,LOW,APPROVE,0
0.005458061686302756,LOW,APPROVE,0
0.0034331859095466065,LOW,APPROVE,0
0.008357600181665491,LOW,APPROVE,0
0.019458714454941142,LOW,APPROVE,0
0.0018546906670380253,LOW,APPROVE,0
0.0026149083586454723,LOW,APPROVE,0
0.004737955123146791,LOW,APPROVE,0
0.001967131421214392,LOW,APPROVE,0
0.010210720068325227,LOW,APPROVE,0
0.00653803635860116,LOW,APPROVE,0
0.00335354901380257,LOW,APPROVE,0
0.0049128112578180096,LOW,APPROVE,0
0.002019320600413143,LOW,APPROVE,0
0.005500507075769906,LOW,APPROVE,0
0.0012853372840998583,LOW,APPROVE,0
0.0028001634093266334,LOW,APPROVE,0
0.018738954184366753,LOW,APPROVE,0
0.005727615661177894,LOW,APPROVE,0
0.009878305871519066,LOW,APPROVE,0
0.012401403325252917,LOW,APPROVE,0
0.00502172632120128,LOW,APPROVE,0
0.003920167287235488,LOW,APPROVE,0
0.001761441833215192,LOW,APPROVE,0
0.006048128232746636,LOW,APPROVE,0
0.007296787636304369,LOW,APPROVE,0
0.001693719057782878,LOW,APPROVE,0
0.003164417805475892,LOW,APPROVE,0
0.03165627661618721,LOW,APPROVE,0
0.0013670919075524774,LOW,APPROVE,0
0.002408560157892489,LOW,APPROVE,0
0.009204053773758639,LOW,APPROVE,0
0.0006715736539474526,LOW,APPROVE,0
0.0005909902853734754,LOW,APPROVE,0
0.012824123762845828,LOW,APPROVE,0
0.10425065729597087,MEDIUM,REVIEW,0
0.097618418161007,LOW,APPROVE,0
0.06887477949392855,LOW,APPROVE,0
0.00190422601442827,LOW,APPROVE,0
0.01819675315086453,LOW,APPROVE,0
0.011053786814680198,LOW,APPROVE,0
0.02466259547387896,LOW,APPROVE,0
0.017642102516406633,LOW,APPROVE,0
0.006122040759801448,LOW,APPROVE,0
0.011204497843701436,LOW,APPROVE,0
0.0005839848768944617,LOW,APPROVE,0
0.0072567694725270745,LOW,APPROVE,0
0.014457944787898453,LOW,APPROVE,0
0.007254656992987779,LOW,APPROVE,0
0.006477338919796107,LOW,APPROVE,0
0.0033945512423496243,LOW,APPROVE,0
0.005812324335285307,LOW,APPROVE,0
0.004787497426077275,LOW,APPROVE,0
0.005422166668743385,LOW,APPROVE,0
0.021564701698615043,LOW,APPROVE,0
0.015501421140090278,LOW,APPROVE,0
0.0031314514819071595,LOW,APPROVE,0
0.02340827356764225,LOW,APPROVE,0
0.010255883925381546,LOW,APPROVE,0
0.0260519931859003,LOW,APPROVE,0
0.0449353854846927,LOW,APPROVE,0
0.0010709478535251861,LOW,APPROVE,0
0.016477433857085454,LOW,APPROVE,0
0.001871370589181832,LOW,APPROVE,0
0.004620879931555091,LOW,APPROVE,0
0.03912715825262885,LOW,APPROVE,0
0.005826384295155646,LOW,APPROVE,0
0.011427537333888332,LOW,APPROVE,0
0.0037800545067559143,LOW,APPROVE,0
0.012347051796749752,LOW,APPROVE,0
0.00769853405907205,LOW,APPROVE,0
0.003688301805536442,LOW,APPROVE,0
0.013711267144312788,LOW,APPROVE,0
0.0018051906251190016,LOW,APPROVE,0
0.005812324335285307,LOW,APPROVE,0
0.006971382371522263,LOW,APPROVE,0
0.0077451460357879495,LOW,APPROVE,0
0.006422436468200187,LOW,APPROVE,0
0.0226096901995162,LOW,APPROVE,0
0.007600680194506426,LOW,APPROVE,0
0.0024619249052222833,LOW,APPROVE,0
0.005209879213301339,LOW,APPROVE,0
0.00236378547722799,LOW,APPROVE,0
0.014301625549295299,LOW,APPROVE,0
0.0024866096826099307,LOW,APPROVE,0
0.0005182599721141627,LOW,APPROVE,0
0.005676102518768622,LOW,APPROVE,0
0.0032302454911702864,LOW,APPROVE,0
0.005812324335285307,LOW,APPROVE,0
0.02238102622698251,LOW,APPROVE,0
0.06968932922329037,LOW,APPROVE,0
0.010048772696622452,LOW,APPROVE,0
0.03344248799632656,LOW,APPROVE,1
0.00656115018401745,LOW,APPROVE,0
0.045434876818327447,LOW,APPROVE,0
0.004866619040817075,LOW,APPROVE,0
0.01666611439992232,LOW,APPROVE,0
0.004469570526126694,LOW,APPROVE,0
0.01476473709166902,LOW,APPROVE,0
0.003163850522855474,LOW,APPROVE,0
0.01068627055219734,LOW,APPROVE,0
0.029406423359100462,LOW,APPROVE,0
0.0037190142518160442,LOW,APPROVE,0
0.09167127953207103,LOW,APPROVE,0
0.008107689534245318,LOW,APPROVE,0
0.02238102622698251,LOW,APPROVE,0
0.0024731945872929267,LOW,APPROVE,0
0.0016147716255615948,LOW,APPROVE,0
0.02297354903812784,LOW,APPROVE,0
0.013287661574748517,LOW,APPROVE,0
0.06852423189830215,LOW,APPROVE,0
0.01312671401247819,LOW,APPROVE,0
0.022610211150630593,LOW,APPROVE,0
0.02238102622698251,LOW,APPROVE,0
0.040248881212078834,LOW,APPROVE,0
0.09167127953207103,LOW,APPROVE,0
0.003830617670995382,LOW,APPROVE,0
0.021484383205556557,LOW,APPROVE,0
0.028938849428140387,LOW,APPROVE,0
0.0018880326907540225,LOW,APPROVE,0
0.01050231985997091,LOW,APPROVE,0
0.005064205051590615,LOW,APPROVE,0
0.01312671401247819,LOW,APPROVE,0
0.006381695312335075,LOW,APPROVE,0
0.02786532058725467,LOW,APPROVE,0
0.032369541718181995,LOW,APPROVE,0
0.011853761374556291,LOW,APPROVE,0
0.003370199473927681,LOW,APPROVE,0
0.00141533341664098,LOW,APPROVE,0
0.015710789683257134,LOW,APPROVE,0
0.077532785299325,LOW,APPROVE,0
0.01304924899456452,LOW,APPROVE,0
0.0059003753296916215,LOW,APPROVE,0
0.08008652434990549,LOW,APPROVE,0
0.012477792113129748,LOW,APPROVE,0
0.0039033930024818643,LOW,APPROVE,0
0.00413050527815713,LOW,APPROVE,0
0.005979638141941086,LOW,APPROVE,0
0.056521276564737016,LOW,APPROVE,0
0.007725963336547174,LOW,APPROVE,0
0.004414425771260876,LOW,APPROVE,0
0.0056030766906717145,LOW,APPROVE,0
0.003480037453078299,LOW,APPROVE,0
0.007125082157506856,LOW,APPROVE,0
0.004339335183867674,LOW,APPROVE,0
0.06968932922329037,LOW,APPROVE,0
0.001339106086660011,LOW,APPROVE,0
0.010141542404468507,LOW,APPROVE,0
0.003301570837121954,LOW,APPROVE,0
0.10429279582973451,MEDIUM,REVIEW,1
0.022528710153215763,LOW,APPROVE,0
0.004548105100456458,LOW,APPROVE,0
0.02238102622698251,LOW,APPROVE,0
0.01635042553531248,LOW,APPROVE,0
0.0031923203098905197,LOW,APPROVE,0
0.01255238730693015,LOW,APPROVE,0
0.0194294059806082,LOW,APPROVE,0
0.0035416640184200497,LOW,APPROVE,0
0.002410452024867424,LOW,APPROVE,0
0.0030262745214939494,LOW,APPROVE,0
0.037446269812860894,LOW,APPROVE,1
0.018486835880633493,LOW,APPROVE,0
0.011673921879809925,LOW,APPROVE,0
0.0024530440165309616,LOW,APPROVE,0
0.015112058711857997,LOW,APPROVE,1
0.017666739489041447,LOW,APPROVE,0
0.0039063419067901705,LOW,APPROVE,0
0.0018155111478278495,LOW,APPROVE,0
0.08418270894724769,LOW,APPROVE,0
0.012306802555719115,LOW,APPROVE,0
0.03360087103768079,LOW,APPROVE,0
0.0031617888439166896,LOW,APPROVE,0
0.0006363189694491583,LOW,APPROVE,0
0.002565951173917405,LOW,APPROVE,0
0.0022826168102018833,LOW,APPROVE,0
0.0037744897420142363,LOW,APPROVE,0
0.033206605934789316,LOW,APPROVE,0
0.0036403669361681715,LOW,APPROVE,0
0.006065516152489075,LOW,APPROVE,0
0.0056230948774951914,LOW,APPROVE,0
0.027000021427414155,LOW,APPROVE,0
0.034747631773318285,LOW,APPROVE,0
0.008014981560702947,LOW,APPROVE,0
0.010113324093465598,LOW,APPROVE,0
0.019130875256724664,LOW,APPROVE,0
0.006986873959955795,LOW,APPROVE,0
0.011044051888158785,LOW,APPROVE,0
0.041600586414934755,LOW,APPROVE,0
0.005713199719811706,LOW,APPROVE,0
0.0077789262710821865,LOW,APPROVE,0
0.009325221466587173,LOW,APPROVE,0
0.02393246017890974,LOW,APPROVE,0
0.06856216241956277,LOW,APPROVE,0
0.04278248811290894,LOW,APPROVE,0
0.011494374393411532,LOW,APPROVE,0
0.0018029698455740504,LOW,APPROVE,0
0.035416136590307075,LOW,APPROVE,0
0.0019485361015043644,LOW,APPROVE,0
0.0070688163681747965,LOW,APPROVE,0
0.09630829069559033,LOW,APPROVE,0
0.004647705730938977,LOW,APPROVE,0
0.006558217735833848,LOW,APPROVE,0
0.013581643518553567,LOW,APPROVE,0
0.0013989312124566716,LOW,APPROVE,0
0.007988267986474474,LOW,APPROVE,0
0.010099315667077984,LOW,APPROVE,0
0.030436960108271897,LOW,APPROVE,0
0.0741173612114386,LOW,APPROVE,0
0.0027510254361553703,LOW,APPROVE,0
0.002011715512901973,LOW,APPROVE,0
0.21696280615264768,MEDIUM,REVIEW,0
0.001473536929242453,LOW,APPROVE,0
0.010759703209749923,LOW,APPROVE,0
0.09894342795973167,LOW,APPROVE,0
0.004534672703726244,LOW,APPROVE,0
0.07714810747409108,LOW,APPROVE,0
0.0020034017139868654,LOW,APPROVE,0
0.043110642194339126,LOW,APPROVE,0
0.121949686883329,MEDIUM,REVIEW,0
0.036801522116554845,LOW,APPROVE,0
0.0022779186568661312,LOW,APPROVE,0
0.002889704351148247,LOW,APPROVE,0
0.0021943951640304308,LOW,APPROVE,0
0.006004802642039425,LOW,APPROVE,0
0.0085205411098897,LOW,APPROVE,0
0.006193971715994483,LOW,APPROVE,0
0.050698204379410604,LOW,APPROVE,0
0.009352833414247011,LOW,APPROVE,0
0.01796361408506703,LOW,APPROVE,0
0.0054177423608306125,LOW,APPROVE,0
0.0012382472325038398,LOW,APPROVE,0
0.00042883616810970653,LOW,APPROVE,0
0.0016511114035687,LOW,APPROVE,0
0.011096609247504802,LOW,APPROVE,0
0.7964106111214805,HIGH,BLOCK,1
0.024057162034076224,LOW,APPROVE,0
0.0015471394295206416,LOW,APPROVE,0
0.006549418309312526,LOW,APPROVE,0
0.011322712887277472,LOW,APPROVE,0
0.008563297352962497,LOW,APPROVE,0
0.015747457896386412,LOW,APPROVE,0
0.006902790530603589,LOW,APPROVE,0
0.0028477823849554253,LOW,APPROVE,0
0.01909111047215354,LOW,APPROVE,0
0.0031123865184218037,LOW,APPROVE,0
0.0044985687342993875,LOW,APPROVE,0
0.0029653504843324004,LOW,APPROVE,0
0.03783077526946335,LOW,APPROVE,0
0.0018132529401526935,LOW,APPROVE,0
0.0022350173374806903,LOW,APPROVE,0
0.0024111829344492497,LOW,APPROVE,0
0.006807751892921451,LOW,APPROVE,0
0.02666598096004983,LOW,APPROVE,0
0.121949686883329,MEDIUM,REVIEW,0
0.005433745049854371,LOW,APPROVE,0
0.008386489325696972,LOW,APPROVE,0
0.006443126434178767,LOW,APPROVE,0
0.008818101745142984,LOW,APPROVE,0
0.010622713635931412,LOW,APPROVE,0
0.00922257587291268,LOW,APPROVE,0
0.05524493593313485,LOW,APPROVE,0
0.017434024396495315,LOW,APPROVE,0
0.017092933521523763,LOW,APPROVE,0
0.004652025236580194,LOW,APPROVE,0
0.014791148626151242,LOW,APPROVE,0
0.07852395914641634,LOW,APPROVE,0
0.0056958728058997534,LOW,APPROVE,0
0.004660454610413455,LOW,APPROVE,0
0.027470358581092483,LOW,APPROVE,0
0.005162662990212111,LOW,APPROVE,0
0.004532910322491976,LOW,APPROVE,0
0.07432407410921503,LOW,APPROVE,0
0.0034175623465616347,LOW,APPROVE,0
0.021850448990581712,LOW,APPROVE,1
0.00414043247810819,LOW,APPROVE,0
0.0022440978845667237,LOW,APPROVE,0
0.016619026470866126,LOW,APPROVE,0
0.004408780867386796,LOW,APPROVE,0
0.0027229131918793184,LOW,APPROVE,0
0.0069257269879073975,LOW,APPROVE,0
0.005432966340777332,LOW,APPROVE,0
0.004178872221144372,LOW,APPROVE,0
0.011542836857326435,LOW,APPROVE,0
0.0019462218313570894,LOW,APPROVE,0
0.11768378668997641,MEDIUM,REVIEW,0
0.0173656857538595,LOW,APPROVE,0
0.007567741146239425,LOW,APPROVE,0
0.010953111989938142,LOW,APPROVE,0
0.0017534516566473214,LOW,APPROVE,0
0.006077397682410975,LOW,APPROVE,0
0.01664225521781223,LOW,APPROVE,0
0.0035532609269737373,LOW,APPROVE,0
0.003531619123850208,LOW,APPROVE,0
0.00993599239006148,LOW,APPROVE,0
0.011590082070876107,LOW,APPROVE,0
0.017560942218258754,LOW,APPROVE,0
0.10794854698816779,MEDIUM,REVIEW,0
0.8025683149999904,HIGH,BLOCK,1
0.016799543936813967,LOW,APPROVE,0
0.0028515809387584293,LOW,APPROVE,0
0.025586069198697832,LOW,APPROVE,0
0.15261537688931956,MEDIUM,REVIEW,0
0.0036470427845622265,LOW,APPROVE,0
0.028092234321513376,LOW,APPROVE,0
0.03553863561474916,LOW,APPROVE,0
0.017150471149412417,LOW,APPROVE,0
0.0041118525975899585,LOW,APPROVE,0
0.0003001562441687363,LOW,APPROVE,0
0.053096254504766474,LOW,APPROVE,0
0.002420428761308542,LOW,APPROVE,0
0.013579589274193763,LOW,APPROVE,0
0.006961449885015567,LOW,APPROVE,0
0.03418031450255912,LOW,APPROVE,0
0.0514993070209927,LOW,APPROVE,0
0.00801422627132941,LOW,APPROVE,0
0.04247137488855924,LOW,APPROVE,0
0.00801422627132941,LOW,APPROVE,0
0.020929922405990974,LOW,APPROVE,0
0.017285944819133835,LOW,APPROVE,0
0.058039988434259275,LOW,APPROVE,0
0.026512297768074636,LOW,APPROVE,0
0.007229615825070963,LOW,APPROVE,0
0.011121250495515848,LOW,APPROVE,0
0.003877621426509976,LOW,APPROVE,0
0.017789066900941324,LOW,APPROVE,0
0.017150471149412417,LOW,APPROVE,0
0.003343207746921547,LOW,APPROVE,0
0.005301138781733222,LOW,APPROVE,0
0.0007284740749936413,LOW,APPROVE,0
0.008519913938011157,LOW,APPROVE,0
0.041055706996879625,LOW,APPROVE,0
0.008685537595680335,LOW,APPROVE,0
0.004370968599168315,LOW,APPROVE,0
0.009986570886725736,LOW,APPROVE,0
0.011961696798158995,LOW,APPROVE,0
0.02009991049646366,LOW,APPROVE,0
0.01264718265000556,LOW,APPROVE,0
0.0668459582624101,LOW,APPROVE,0
0.009078596924081802,LOW,APPROVE,0
0.003927414784334723,LOW,APPROVE,0
0.0040856678972585395,LOW,APPROVE,0
0.02553940936494924,LOW,APPROVE,0
0.00907468257082583,LOW,APPROVE,0
0.004770287975044731,LOW,APPROVE,0
0.004304950939870015,LOW,APPROVE,0
0.020920926119560666,LOW,APPROVE,0
0.01692919717681406,LOW,APPROVE,0
0.01692919717681406,LOW,APPROVE,0
0.16280903174015204,MEDIUM,REVIEW,0
0.002752905857205109,LOW,APPROVE,0
0.01730156487175694,LOW,APPROVE,0
0.018963529376813795,LOW,APPROVE,0
0.0020729837169645416,LOW,APPROVE,0
0.0004677901288321172,LOW,APPROVE,0
0.005178885185685826,LOW,APPROVE,0
0.006919788857812214,LOW,APPROVE,0
0.007182446223910931,LOW,APPROVE,0
0.0028728682528891595,LOW,APPROVE,0
0.009030917867003939,LOW,APPROVE,0
0.005435635303415674,LOW,APPROVE,0
0.001987150617160136,LOW,APPROVE,0
0.01045124217024824,LOW,APPROVE,0
0.007559688710163398,LOW,APPROVE,0
0.046457218425224246,LOW,APPROVE,0
0.001905690448679429,LOW,APPROVE,0
0.006271603714577227,LOW,APPROVE,0
0.06599089637809293,LOW,APPROVE,0
0.06452792422588176,LOW,APPROVE,0
0.030143183383005794,LOW,APPROVE,0
0.019864126210072205,LOW,APPROVE,0
0.01756306281005238,LOW,APPROVE,0
0.008135465306222396,LOW,APPROVE,0
0.008293290052159374,LOW,APPROVE,0
0.005967339437876649,LOW,APPROVE,0
0.0033415998244483045,LOW,APPROVE,0
0.005071453278637504,LOW,APPROVE,0
0.008507075703750448,LOW,APPROVE,0
0.023591948937056424,LOW,APPROVE,0
0.061626163343344025,LOW,APPROVE,0
0.12804822052545412,MEDIUM,REVIEW,0
0.0038284208682907122,LOW,APPROVE,0
0.0030318506953232135,LOW,APPROVE,0
0.006632578492162322,LOW,APPROVE,0
0.08732420460216828,LOW,APPROVE,0
0.0029120670332630424,LOW,APPROVE,0
0.003295831546210326,LOW,APPROVE,0
0.005249413146525897,LOW,APPROVE,0
0.0057169040822026155,LOW,APPROVE,0
0.0028988485551354032,LOW,APPROVE,0
0.027333912472979154,LOW,APPROVE,0
0.010588934821677689,LOW,APPROVE,0
0.0068878266135425645,LOW,APPROVE,0
0.010119263338819604,LOW,APPROVE,0
0.004028061585186193,LOW,APPROVE,0
0.01628282014634217,LOW,APPROVE,0
0.14012065066917073,MEDIUM,REVIEW,0
0.003904198465924878,LOW,APPROVE,0
0.010153849564779785,LOW,APPROVE,0
0.0027968361243529845,LOW,APPROVE,0
0.005666550206188298,LOW,APPROVE,0
0.015362823843733268,LOW,APPROVE,0
0.03614873700395907,LOW,APPROVE,0
0.002785985817302605,LOW,APPROVE,0
0.012244046015543299,LOW,APPROVE,0
0.014532284871530979,LOW,APPROVE,0
0.0048715286462478,LOW,APPROVE,0
0.049263562936844384,LOW,APPROVE,0
0.02179119678104387,LOW,APPROVE,0
0.007255057013303738,LOW,APPROVE,0
0.00047861142916254344,LOW,APPROVE,0
0.004494937376539914,LOW,APPROVE,0
0.1005733837266898,MEDIUM,REVIEW,0
0.017106702514967775,LOW,APPROVE,0
0.01722157516534832,LOW,APPROVE,0
0.005859362729078586,LOW,APPROVE,0
0.00422811954009414,LOW,APPROVE,0
0.010058781058292065,LOW,APPROVE,0
0.0069197710967392224,LOW,APPROVE,0
0.003014251069911784,LOW,APPROVE,0
0.00866039517136619,LOW,APPROVE,0
0.00569489032378771,LOW,APPROVE,0
0.0228851203222648,LOW,APPROVE,0
0.0174214961028383,LOW,APPROVE,0
0.06114685973915866,LOW,APPROVE,0
0.021691546640230545,LOW,APPROVE,0
0.013788362731074718,LOW,APPROVE,0
0.11954053784997844,MEDIUM,REVIEW,0
0.007077735626841747,LOW,APPROVE,0
0.002619539374448767,LOW,APPROVE,0
0.010679629316311242,LOW,APPROVE,0
0.03927115296066668,LOW,APPROVE,0
0.0032021038662438353,LOW,APPROVE,0
0.002619539374448767,LOW,APPROVE,0
0.011238462225011124,LOW,APPROVE,0
0.018235901008713334,LOW,APPROVE,0
0.018495785011115665,LOW,APPROVE,0
0.02624177470215384,LOW,APPROVE,0
0.017112984422018005,LOW,APPROVE,0
0.013979141781603014,LOW,APPROVE,0
0.0027918216086708935,LOW,APPROVE,0
0.06152174948009512,LOW,APPROVE,0
0.01758877424290441,LOW,APPROVE,0
0.018235901008713334,LOW,APPROVE,0
0.019222490312176013,LOW,APPROVE,0
0.023824733995775192,LOW,APPROVE,0
0.010368887914587134,LOW,APPROVE,0
0.01576519142405847,LOW,APPROVE,0
0.008787155637182431,LOW,APPROVE,0
0.00045436801372741165,LOW,APPROVE,0
0.012082449308763267,LOW,APPROVE,0
0.003730487471625053,LOW,APPROVE,0
0.009834465581846183,LOW,APPROVE,0
0.017112984422018005,LOW,APPROVE,0
0.0068704442327052395,LOW,APPROVE,0
0.042140978191819424,LOW,APPROVE,0
0.009272226674574995,LOW,APPROVE,1
0.020076299033022986,LOW,APPROVE,0
0.008282673579231375,LOW,APPROVE,0
0.037348006955249986,LOW,APPROVE,0
0.0018653497436914902,LOW,APPROVE,0
0.0020637108816023374,LOW,APPROVE,0
0.005506122605828978,LOW,APPROVE,0
0.005580203463910973,LOW,APPROVE,0
0.187774922508496,MEDIUM,REVIEW,0
0.0017959954444295302,LOW,APPROVE,0
0.00414282832611087,LOW,APPROVE,0
0.019102652970497177,LOW,APPROVE,0
0.017112984422018005,LOW,APPROVE,0
0.05803887982004245,LOW,APPROVE,0
0.005403643933029397,LOW,APPROVE,0
0.021389164235181078,LOW,APPROVE,0
0.187774922508496,MEDIUM,REVIEW,0
0.01999750467477319,LOW,APPROVE,0
0.016055881971182222,LOW,APPROVE,0
0.018216881633212764,LOW,APPROVE,0
0.00111737124041571,LOW,APPROVE,0
0.009070770491746675,LOW,APPROVE,0
0.00905233353833302,LOW,APPROVE,0
0.01712729199030922,LOW,APPROVE,0
0.03236082773477704,LOW,APPROVE,0
0.06329978538723438,LOW,APPROVE,0
0.015870427525205937,LOW,APPROVE,0
0.005764881235345512,LOW,APPROVE,0
0.017112984422018005,LOW,APPROVE,0
0.004420444555703542,LOW,APPROVE,0
0.009321004956571753,LOW,APPROVE,0
0.12782007842944126,MEDIUM,REVIEW,0
0.004048249331891145,LOW,APPROVE,0
0.1396415577910876,MEDIUM,REVIEW,0
0.018216881633212764,LOW,APPROVE,0
0.006826468758724191,LOW,APPROVE,0
0.01381905663959507,LOW,APPROVE,0
0.020551173348024237,LOW,APPROVE,0
0.0035498755865880477,LOW,APPROVE,0
0.02185058987485751,LOW,APPROVE,0
0.12782007842944126,MEDIUM,REVIEW,0
0.011689987640704223,LOW,APPROVE,0
0.014874341109773698,LOW,APPROVE,0
0.0014484984815334473,LOW,APPROVE,0
0.020825265217972126,LOW,APPROVE,0
0.0067546675635018465,LOW,APPROVE,0
0.017112984422018005,LOW,APPROVE,0
0.010169840423339266,LOW,APPROVE,0
0.12782007842944126,MEDIUM,REVIEW,0
0.007837977702632481,LOW,APPROVE,0
0.04175438810636482,LOW,APPROVE,0
0.013603779199999007,LOW,APPROVE,0
0.00489587182615647,LOW,APPROVE,0
0.001428406769114077,LOW,APPROVE,0
0.023116393702225266,LOW,APPROVE,0
0.003605547828230886,LOW,APPROVE,0
0.0028091457524691632,LOW,APPROVE,0
0.12782007842944126,MEDIUM,REVIEW,0
0.010262840965890562,LOW,APPROVE,0
0.004977159900242705,LOW,APPROVE,0
0.38739948961942083,MEDIUM,REVIEW,0
0.0011825754244981477,LOW,APPROVE,0
0.003009799644382257,LOW,APPROVE,0
0.05704370274228257,LOW,APPROVE,0
0.0018378462932770896,LOW,APPROVE,0
0.0015228223815718736,LOW,APPROVE,0
0.019815861404467474,LOW,APPROVE,0
0.00580405918800489,LOW,APPROVE,0
0.006627002283282374,LOW,APPROVE,0
0.0026012043673585904,LOW,APPROVE,0
0.0062319241957100886,LOW,APPROVE,0
0.12782007842944126,MEDIUM,REVIEW,0
0.008174456098218633,LOW,APPROVE,0
0.0026763651512486633,LOW,APPROVE,0
0.006094445594574597,LOW,APPROVE,0
0.009252944430927168,LOW,APPROVE,0
0.008174456098218633,LOW,APPROVE,0
0.030547186273486376,LOW,APPROVE,0
0.010778621780786138,LOW,APPROVE,0
0.11850698256012124,MEDIUM,REVIEW,0
0.014083940402126119,LOW,APPROVE,0
0.008174456098218633,LOW,APPROVE,0
0.013382611941271152,LOW,APPROVE,0
0.008174456098218633,LOW,APPROVE,0
0.06947064028362986,LOW,APPROVE,0
0.009562451032918397,LOW,APPROVE,0
0.001814027890256767,LOW,APPROVE,0
0.010948292302200036,LOW,APPROVE,0
0.015525565340553268,LOW,APPROVE,0
0.057922934449081906,LOW,APPROVE,1
0.009641309386635107,LOW,APPROVE,0
0.012198181230142874,LOW,APPROVE,0
0.01708155242485428,LOW,APPROVE,0
0.25182389199376976,MEDIUM,REVIEW,1
0.003082449803867599,LOW,APPROVE,0
0.005037623411945746,LOW,APPROVE,0
0.07206849552627385,LOW,APPROVE,1
0.010162986227286466,LOW,APPROVE,0
0.07206849552627385,LOW,APPROVE,1
0.019371895149043743,LOW,APPROVE,0
0.02347846163354319,LOW,APPROVE,0
0.0033440224327688853,LOW,APPROVE,0
0.0038492518327960775,LOW,APPROVE,0
0.029674684136074412,LOW,APPROVE,0
0.0011916654935771676,LOW,APPROVE,0
0.02270244032914791,LOW,APPROVE,0
0.00586417204482989,LOW,APPROVE,0
0.02901692774800243,LOW,APPROVE,0
0.011049862210836864,LOW,APPROVE,0
0.003161616848852295,LOW,APPROVE,0
0.015511985288333488,LOW,APPROVE,0
0.006395453234539015,LOW,APPROVE,0
0.1453548008058761,MEDIUM,REVIEW,0
0.05128520091138393,LOW,APPROVE,0
0.015738467938419792,LOW,APPROVE,0
0.0056002826504801964,LOW,APPROVE,0
0.005996020876784397,LOW,APPROVE,0
0.006569671047878616,LOW,APPROVE,0
0.00987998213331076,LOW,APPROVE,0
0.04675980651623107,LOW,APPROVE,0
0.00429922135614426,LOW,APPROVE,0
0.0213148306514179,LOW,APPROVE,0
0.24755047072337186,MEDIUM,REVIEW,0
0.004735383712502748,LOW,APPROVE,0
0.00204450504157825,LOW,APPROVE,0
0.0024398792856014,LOW,APPROVE,0
0.0005757796761711998,LOW,APPROVE,0
0.009394660254880588,LOW,APPROVE,0
0.010459114756029623,LOW,APPROVE,0
0.008524643234815634,LOW,APPROVE,0
0.002690464428746947,LOW,APPROVE,0
0.01555752500785885,LOW,APPROVE,0
0.022269122511497177,LOW,APPROVE,0
0.0021863356535466814,LOW,APPROVE,0
0.004753006948276953,LOW,APPROVE,0
0.015179278356161723,LOW,APPROVE,0
0.007047915643087345,LOW,APPROVE,0
0.15989527606967766,MEDIUM,REVIEW,1
0.002309404319624771,LOW,APPROVE,0
0.009427381456991485,LOW,APPROVE,0
0.1765746659684433,MEDIUM,REVIEW,1
0.024858212028268413,LOW,APPROVE,0
0.010363737731173444,LOW,APPROVE,0
0.10472640949874797,MEDIUM,REVIEW,0
0.0026000750117659926,LOW,APPROVE,0
0.012865211026983292,LOW,APPROVE,0
0.2344907890365057,MEDIUM,REVIEW,0
0.013298419014494306,LOW,APPROVE,0
0.032852695397075755,LOW,APPROVE,0
0.03788495793951748,LOW,APPROVE,1
0.0014544010369745394,LOW,APPROVE,0
0.008873291137841459,LOW,APPROVE,0
0.004170531093758529,LOW,APPROVE,0
0.0031014650972088892,LOW,APPROVE,0
0.022581007067278572,LOW,APPROVE,0
0.007391957116038758,LOW,APPROVE,0
0.005674604933739628,LOW,APPROVE,0
0.002989092150804587,LOW,APPROVE,0
0.022056748063426484,LOW,APPROVE,0
0.00482745477806032,LOW,APPROVE,0
0.02136737962007453,LOW,APPROVE,0
0.16206699362034735,MEDIUM,REVIEW,1
0.02136737962007453,LOW,APPROVE,0
0.0031662674859821095,LOW,APPROVE,0
0.0068142253150359185,LOW,APPROVE,0
0.02136737962007453,LOW,APPROVE,0
0.050335182414396516,LOW,APPROVE,0
0.0032143525696685864,LOW,APPROVE,0
0.005173652821992202,LOW,APPROVE,0
0.004868223142254322,LOW,APPROVE,0
0.008255981178248594,LOW,APPROVE,0
0.07915873075287007,LOW,APPROVE,0
0.009336117817628803,LOW,APPROVE,0
0.008300348567108245,LOW,APPROVE,0
0.005777876207581292,LOW,APPROVE,0
0.021372814907003032,LOW,APPROVE,0
0.03001588172986592,LOW,APPROVE,0
0.0013333871897991843,LOW,APPROVE,0
0.011894720349001634,LOW,APPROVE,0
0.0028570882265209875,LOW,APPROVE,0
0.030245959822027085,LOW,APPROVE,0
0.41746283129391504,MEDIUM,REVIEW,0
0.40564325535847146,MEDIUM,REVIEW,0
0.09050194945850519,LOW,APPROVE,0
0.020179697491160532,LOW,APPROVE,0
0.024206432882153656,LOW,APPROVE,0
0.006685237615153793,LOW,APPROVE,0
0.004332580514452201,LOW,APPROVE,0
0.018483214970388146,LOW,APPROVE,0
0.0006158035273656238,LOW,APPROVE,0
0.007203414708801078,LOW,APPROVE,0
0.14053415300923322,MEDIUM,REVIEW,0
0.0006011938616492275,LOW,APPROVE,0
0.008660483404255298,LOW,APPROVE,0
0.00477998277782913,LOW,APPROVE,0
0.06752294854079247,LOW,APPROVE,0
0.0020528825023722447,LOW,APPROVE,0
0.013603136856505242,LOW,APPROVE,0
0.03725438437902754,LOW,APPROVE,0
0.0013742382474931586,LOW,APPROVE,0
0.005104725216444031,LOW,APPROVE,0
0.04025527121998998,LOW,APPROVE,0
0.048053937725188116,LOW,APPROVE,0
0.008023062251017813,LOW,APPROVE,0
0.0012478480494905403,LOW,APPROVE,0
0.05940669693430908,LOW,APPROVE,0
0.03382056100599245,LOW,APPROVE,0
0.015236524265730555,LOW,APPROVE,0
0.0013742382474931586,LOW,APPROVE,0
0.0034760209789845915,LOW,APPROVE,0
0.002744248091962194,LOW,APPROVE,0
0.0024400328238088657,LOW,APPROVE,0
0.00917667880525542,LOW,APPROVE,0
0.0021239107619150065,LOW,APPROVE,0
0.06456245190390009,LOW,APPROVE,1
0.0013155877339693439,LOW,APPROVE,0
0.00651901837425202,LOW,APPROVE,0
0.01079583320484335,LOW,APPROVE,0
0.010067568621966685,LOW,APPROVE,0
0.04916842622627543,LOW,APPROVE,0
0.011926510845756556,LOW,APPROVE,0
0.0571108975841751,LOW,APPROVE,0
0.007433128625787417,LOW,APPROVE,0
0.0682051829354151,LOW,APPROVE,0
0.008647216214477775,LOW,APPROVE,0
0.016664316619346486,LOW,APPROVE,0
0.009218100394922954,LOW,APPROVE,0
0.006816084860873502,LOW,APPROVE,0
0.021045671049966037,LOW,APPROVE,0
0.006185264486000051,LOW,APPROVE,0
0.010368614868484142,LOW,APPROVE,0
0.0455929893367376,LOW,APPROVE,0
0.008414407747513859,LOW,APPROVE,0
0.01879438992311015,LOW,APPROVE,0
0.002691445779787467,LOW,APPROVE,0
0.03696247143318027,LOW,APPROVE,0
0.002218421172955131,LOW,APPROVE,0
0.013952175568343004,LOW,APPROVE,0
0.008423669059147886,LOW,APPROVE,0
0.0044868372401895805,LOW,APPROVE,0
0.07891066101709757,LOW,APPROVE,0
0.009905822300870998,LOW,APPROVE,1
0.018512802514325473,LOW,APPROVE,0
0.00686752663065974,LOW,APPROVE,0
0.10881461376136449,MEDIUM,REVIEW,1
0.005338579572784231,LOW,APPROVE,0
0.011723118532898329,LOW,APPROVE,0
0.018219381747606643,LOW,APPROVE,0
0.025375819452139615,LOW,APPROVE,0
0.09876669596111938,LOW,APPROVE,1
0.027124865979075565,LOW,APPROVE,0
0.009527449666985021,LOW,APPROVE,0
0.01687741237081063,LOW,APPROVE,0
0.007951128989003018,LOW,APPROVE,0
0.042596862097984356,LOW,APPROVE,0
0.09776677688635724,LOW,APPROVE,1
0.015034284528880639,LOW,APPROVE,0
0.006742513309737953,LOW,APPROVE,0
0.04006144405414936,LOW,APPROVE,0
0.007602105189602364,LOW,APPROVE,0
0.018363263071544605,LOW,APPROVE,0
0.007560050695561901,LOW,APPROVE,0
0.05933093486250568,LOW,APPROVE,0
0.02871315258100041,LOW,APPROVE,0
0.0030755595783039185,LOW,APPROVE,0
0.03243833782186055,LOW,APPROVE,0
0.004920501309649244,LOW,APPROVE,0
0.004258515557753856,LOW,APPROVE,0
0.38638157616124,MEDIUM,REVIEW,0
0.00869235406492448,LOW,APPROVE,0
0.007354630683507178,LOW,APPROVE,0
0.007031219924496076,LOW,APPROVE,0
0.0563028896160474,LOW,APPROVE,0
0.2680079989533204,MEDIUM,REVIEW,1
0.2680079989533204,MEDIUM,REVIEW,1
0.2680079989533204,MEDIUM,REVIEW,1
0.1367467665323306,MEDIUM,REVIEW,1
0.2614494980076985,MEDIUM,REVIEW,1
0.01516138888849286,LOW,APPROVE,0
0.01317207682004632,LOW,APPROVE,0
0.03576320702539121,LOW,APPROVE,0
0.05232175808705243,LOW,APPROVE,0
0.0023088200698803685,LOW,APPROVE,0
0.11904160224827538,MEDIUM,REVIEW,1
0.07741289689938977,LOW,APPROVE,1
0.015319516749504575,LOW,APPROVE,0
0.05498865030212051,LOW,APPROVE,0
0.007640888491124853,LOW,APPROVE,0
0.007350169612379288,LOW,APPROVE,0
0.027151124699794634,LOW,APPROVE,0
0.0049077285137795685,LOW,APPROVE,0
0.047249142492840374,LOW,APPROVE,0
0.02468184107191362,LOW,APPROVE,0
0.005679980106206771,LOW,APPROVE,0
0.003155333830189231,LOW,APPROVE,0
0.0462460101056136,LOW,APPROVE,0
0.012665687410369556,LOW,APPROVE,0
0.012449953563868714,LOW,APPROVE,0
0.010647250207090713,LOW,APPROVE,0
0.005132992443565927,LOW,APPROVE,0
0.059039135722508594,LOW,APPROVE,0
0.009924393416772606,LOW,APPROVE,0
0.09791671984018628,LOW,APPROVE,0
0.012220195877503776,LOW,APPROVE,0
0.014709312429596302,LOW,APPROVE,0
0.012887038000072265,LOW,APPROVE,0
0.039707521559363634,LOW,APPROVE,0
0.040521769455081964,LOW,APPROVE,0
0.040521769455081964,LOW,APPROVE,0
0.007076521900174199,LOW,APPROVE,0
0.15032995308564867,MEDIUM,REVIEW,0
0.003879871386080016,LOW,APPROVE,0
0.013957578999501253,LOW,APPROVE,0
0.002734988406604301,LOW,APPROVE,0
0.0004948766251170681,LOW,APPROVE,0
0.008326351171170317,LOW,APPROVE,0
0.016909889705178975,LOW,APPROVE,0
0.00438910735714015,LOW,APPROVE,0
0.010806393088892035,LOW,APPROVE,0
0.44413931504664245,MEDIUM,REVIEW,0
0.2502765549972394,MEDIUM,REVIEW,0
0.005280443691312237,LOW,APPROVE,0
0.006778238432106953,LOW,APPROVE,0
0.004202408744629063,LOW,APPROVE,0
0.011751933698173204,LOW,APPROVE,0
0.005721185601296533,LOW,APPROVE,0
0.009295383529871018,LOW,APPROVE,0
0.035460228102518566,LOW,APPROVE,0
0.009700277685927924,LOW,APPROVE,0
0.010436025114595255,LOW,APPROVE,0
0.005855499118267691,LOW,APPROVE,0
0.004043613683165389,LOW,APPROVE,0
0.0016941596136483901,LOW,APPROVE,0
0.013852371426860606,LOW,APPROVE,0
0.004387930250729644,LOW,APPROVE,0
0.0021953125443245915,LOW,APPROVE,0
0.02045769178623348,LOW,APPROVE,0
0.011357806199192346,LOW,APPROVE,0
0.011357806199192346,LOW,APPROVE,0
0.0031752970357918696,LOW,APPROVE,0
0.011357806199192346,LOW,APPROVE,0
0.022115146314820772,LOW,APPROVE,0
0.006118793056531567,LOW,APPROVE,0
0.020058239831768528,LOW,APPROVE,1
0.0036669502214583477,LOW,APPROVE,0
0.011319551968414939,LOW,APPROVE,1
0.010157320998396885,LOW,APPROVE,1
0.015922720382361404,LOW,APPROVE,1
0.027647031724333623,LOW,APPROVE,0
0.03415229390612631,LOW,APPROVE,1
0.0038158910754815807,LOW,APPROVE,0
0.011149458807802404,LOW,APPROVE,0
0.03021089858657776,LOW,APPROVE,0
0.0014885213417860591,LOW,APPROVE,0
0.008642726684212138,LOW,APPROVE,0
0.01656900749843484,LOW,APPROVE,0
0.0020721423960824146,LOW,APPROVE,0
0.005512823642920488,LOW,APPROVE,0
0.0019044568428818235,LOW,APPROVE,0
0.011681186608438464,LOW,APPROVE,0
0.03158250466889633,LOW,APPROVE,0
0.01286839817991782,LOW,APPROVE,0
0.008882255212437202,LOW,APPROVE,0
0.008882255212437202,LOW,APPROVE,0
0.008882255212437202,LOW,APPROVE,0
0.0004600870870571392,LOW,APPROVE,0
0.010452189220628075,LOW,APPROVE,0
0.006327107710662293,LOW,APPROVE,0
0.028034067339001528,LOW,APPROVE,0
0.014563958739173722,LOW,APPROVE,0
0.004095329503774188,LOW,APPROVE,0
0.009964160233867446,LOW,APPROVE,0
0.006184784052700519,LOW,APPROVE,0
0.005959976111503618,LOW,APPROVE,0
0.005091670133123028,LOW,APPROVE,0
0.004869951547323859,LOW,APPROVE,1
0.003389269857157888,LOW,APPROVE,0
0.028907352142146788,LOW,APPROVE,0
0.03171182654068069,LOW,APPROVE,0
0.020600721952208457,LOW,APPROVE,0
0.005291247535732758,LOW,APPROVE,0
0.01564752603566042,LOW,APPROVE,0
0.003161747559827646,LOW,APPROVE,0
0.012906290332650793,LOW,APPROVE,1
0.007232816008752513,LOW,APPROVE,0
0.0011247666883015893,LOW,APPROVE,0
0.0016475814032434965,LOW,APPROVE,0
0.00279474638954308,LOW,APPROVE,0
0.004874973949132231,LOW,APPROVE,0
0.006879107058639654,LOW,APPROVE,0
0.0019926218764432977,LOW,APPROVE,0
0.006879107058639654,LOW,APPROVE,0
0.023066976937218032,LOW,APPROVE,0
0.006341709554048837,LOW,APPROVE,0
0.0139398747915387,LOW,APPROVE,0
0.022787918705005517,LOW,APPROVE,0
0.013656772896077904,LOW,APPROVE,0
0.0008695057090675283,LOW,APPROVE,0
0.005523920482072953,LOW,APPROVE,0
0.0027024374101417264,LOW,APPROVE,0
0.026157221679050244,LOW,APPROVE,0
0.002142339627620771,LOW,APPROVE,0
0.010229937088034314,LOW,APPROVE,0
0.0015686580042364889,LOW,APPROVE,0
0.0017654285119486869,LOW,APPROVE,0
0.0021181076896341364,LOW,APPROVE,0
0.030932162665478557,LOW,APPROVE,0
0.005451689073900711,LOW,APPROVE,0
0.059658592866400996,LOW,APPROVE,0
0.0021181076896341364,LOW,APPROVE,0
0.005222480544152221,LOW,APPROVE,0
0.02181994385671731,LOW,APPROVE,0
0.0021500144933088074,LOW,APPROVE,0
0.006421054115291458,LOW,APPROVE,0
0.0056061098247479416,LOW,APPROVE,0
0.011499939344305222,LOW,APPROVE,0
0.010301239768555846,LOW,APPROVE,0
0.017128683224202114,LOW,APPROVE,0
0.006545024389222526,LOW,APPROVE,0
0.014324804388028552,LOW,APPROVE,0
0.007770097366325379,LOW,APPROVE,0
0.022010993892431163,LOW,APPROVE,0
0.019308384136793724,LOW,APPROVE,0
0.004115025523812819,LOW,APPROVE,0
0.019419216183710637,LOW,APPROVE,0
0.02239049181237917,LOW,APPROVE,0
0.015311962807869624,LOW,APPROVE,0
0.016191306916607893,LOW,APPROVE,0
0.013945735488731008,LOW,APPROVE,0
0.007182290953958986,LOW,APPROVE,0
0.016166889657627033,LOW,APPROVE,0
0.09147172903419017,LOW,APPROVE,0
0.013115993604483322,LOW,APPROVE,1
0.008849481298320347,LOW,APPROVE,0
0.005317534587421606,LOW,APPROVE,0
0.038918615404743694,LOW,APPROVE,0
0.011170727272125145,LOW,APPROVE,0
0.0008974167405684203,LOW,APPROVE,0
0.0068557365327425995,LOW,APPROVE,0
0.004318192607717799,LOW,APPROVE,0
0.017599290292163592,LOW,APPROVE,0
0.17302445824506113,MEDIUM,REVIEW,0
0.026663679448078802,LOW,APPROVE,0
0.0027598871589143733,LOW,APPROVE,0
0.0056367892159326265,LOW,APPROVE,0
0.0033086426715606175,LOW,APPROVE,0
0.023638063899659698,LOW,APPROVE,0
0.026127413980577347,LOW,APPROVE,0
0.01470393341498201,LOW,APPROVE,0
0.03723149285206905,LOW,APPROVE,0
0.01627732756877862,LOW,APPROVE,0
0.001444987184730232,LOW,APPROVE,0
0.009713464099230561,LOW,APPROVE,0
0.0010722801623513896,LOW,APPROVE,0
0.005339176400443844,LOW,APPROVE,0
0.024682658514978396,LOW,APPROVE,0
0.17764576003158494,MEDIUM,REVIEW,0
0.03620527158727394,LOW,APPROVE,0
0.011035985420281053,LOW,APPROVE,0
0.0072054966570512516,LOW,APPROVE,0
0.004183564881424487,LOW,APPROVE,0
0.006505692983011062,LOW,APPROVE,0
0.011797373855048908,LOW,APPROVE,0
0.015049346647659822,LOW,APPROVE,0
0.0038025680296859222,LOW,APPROVE,0
0.00760048337635995,LOW,APPROVE,0
0.013222123107907168,LOW,APPROVE,0
0.015049346647659822,LOW,APPROVE,0
0.007895338874407314,LOW,APPROVE,0
0.018130122130461543,LOW,APPROVE,0
0.0027227688149282806,LOW,APPROVE,0
0.008615246962559976,LOW,APPROVE,0
0.1758658663130093,MEDIUM,REVIEW,0
0.00692449226511976,LOW,APPROVE,0
0.051829507256212104,LOW,APPROVE,0
0.002143742319443173,LOW,APPROVE,0
0.007766863648505334,LOW,APPROVE,0
0.0033735272601889484,LOW,APPROVE,0
0.2011115137796018,MEDIUM,REVIEW,0
0.031048485080386372,LOW,APPROVE,0
0.0029061064527776573,LOW,APPROVE,0
0.002086874069887014,LOW,APPROVE,0
0.006485884113898613,LOW,APPROVE,0
0.15056065680376426,MEDIUM,REVIEW,0
0.029075780338983205,LOW,APPROVE,0
0.003996882257827649,LOW,APPROVE,0
0.08202784292793486,LOW,APPROVE,0
0.26225125992948217,MEDIUM,REVIEW,0
0.017092113532636507,LOW,APPROVE,0
0.010274524059598526,LOW,APPROVE,0
0.023463096312237062,LOW,APPROVE,0
0.0022847028903520273,LOW,APPROVE,0
0.01947657984484791,LOW,APPROVE,0
0.004032473850063571,LOW,APPROVE,0
0.016124833584417766,LOW,APPROVE,0
0.0033183631011367417,LOW,APPROVE,0
0.002122699374566248,LOW,APPROVE,0
0.003845748783245694,LOW,APPROVE,0
0.010836792061784967,LOW,APPROVE,0
0.0024572604658488393,LOW,APPROVE,0
0.0042990911326195235,LOW,APPROVE,0
0.03185629638974347,LOW,APPROVE,0
0.02959760100285349,LOW,APPROVE,0
0.010565454365400824,LOW,APPROVE,0
0.004081256705484204,LOW,APPROVE,0
0.009858070571909272,LOW,APPROVE,0
0.007313384052941685,LOW,APPROVE,0
0.017422384902267038,LOW,APPROVE,0
0.0037631007586041423,LOW,APPROVE,0
0.008117455707829123,LOW,APPROVE,0
0.0051395749238915146,LOW,APPROVE,0
0.011435121015169133,LOW,APPROVE,0
0.012821209969137964,LOW,APPROVE,0
0.006343095369371521,LOW,APPROVE,0
0.015195993284526747,LOW,APPROVE,0
0.008196737751929247,LOW,APPROVE,0
0.0075040525069454455,LOW,APPROVE,0
0.003713784117360156,LOW,APPROVE,0
0.00831978013802088,LOW,APPROVE,0
0.0010850059084538638,LOW,APPROVE,0
0.12143674992290687,MEDIUM,REVIEW,0
0.00671372787752172,LOW,APPROVE,0
0.025150644737745764,LOW,APPROVE,0
0.01536244200125667,LOW,APPROVE,0
0.0011631145923183127,LOW,APPROVE,0
0.007775000694666392,LOW,APPROVE,0
0.006788437293503398,LOW,APPROVE,0
0.003946980492183076,LOW,APPROVE,0
0.0045407064893668286,LOW,APPROVE,0
0.006189594341569002,LOW,APPROVE,0
0.008596963142225673,LOW,APPROVE,0
0.0053006244108475585,LOW,APPROVE,0
0.008796275528083776,LOW,APPROVE,0
0.01594435503661713,LOW,APPROVE,0
0.0007364267842580402,LOW,APPROVE,0
0.001988016571495582,LOW,APPROVE,0
0.060640384914059084,LOW,APPROVE,0
0.00845336568572777,LOW,APPROVE,0
0.00451035478270712,LOW,APPROVE,0
0.00277725248567566,LOW,APPROVE,0
0.004102638245657506,LOW,APPROVE,0
0.03794676134191822,LOW,APPROVE,0
0.008008681237313704,LOW,APPROVE,0
0.008255233735779495,LOW,APPROVE,0
0.0015565629593104584,LOW,APPROVE,0
0.002029516134264882,LOW,APPROVE,0
0.003090684200180224,LOW,APPROVE,0
0.05570253323498993,LOW,APPROVE,0
0.0026466751805465814,LOW,APPROVE,0
0.005041121107803504,LOW,APPROVE,0
0.003310831749553825,LOW,APPROVE,0
0.01752043171118594,LOW,APPROVE,0
0.017328237948169782,LOW,APPROVE,0
0.004240413864543722,LOW,APPROVE,0
0.0027869483297035245,LOW,APPROVE,0
0.0018430436312845966,LOW,APPROVE,0
0.0030318265751128736,LOW,APPROVE,0
0.0013885262106277543,LOW,APPROVE,0
0.013055542246950429,LOW,APPROVE,0
0.001773215173624851,LOW,APPROVE,0
0.01465210694016251,LOW,APPROVE,0
0.0010074913487090908,LOW,APPROVE,0
0.00524305886714024,LOW,APPROVE,0
0.003702339616661197,LOW,APPROVE,0
0.005774084525884819,LOW,APPROVE,0
0.014777337438862356,LOW,APPROVE,0
0.00943411887426321,LOW,APPROVE,0
0.0025098268978419602,LOW,APPROVE,0
0.0135742627101314,LOW,APPROVE,0
0.006490064205663734,LOW,APPROVE,0
0.0029097243136014324,LOW,APPROVE,0
0.019644113934594906,LOW,APPROVE,0
0.005449489670153681,LOW,APPROVE,0
0.029918004570999412,LOW,APPROVE,0
0.00046236975590318886,LOW,APPROVE,0
0.005100434447449043,LOW,APPROVE,0
0.0037070110609489014,LOW,APPROVE,0
0.002884256001723537,LOW,APPROVE,0
0.0031621671533452822,LOW,APPROVE,0
0.014144148977914403,LOW,APPROVE,0
0.08652434759125831,LOW,APPROVE,0
0.0018238687913444487,LOW,APPROVE,0
0.0016776804667978462,LOW,APPROVE,0
0.004860443272961744,LOW,APPROVE,0
0.0016776804667978462,LOW,APPROVE,0
0.0012576597967823744,LOW,APPROVE,0
0.003438865981301805,LOW,APPROVE,0
0.008695935336952822,LOW,APPROVE,0
0.004116253492497584,LOW,APPROVE,0
0.0005128529278714366,LOW,APPROVE,0
0.012074043923017279,LOW,APPROVE,0
0.0013743559270370752,LOW,APPROVE,0
0.003209403987831395,LOW,APPROVE,0
0.002918368189264019,LOW,APPROVE,0
0.0007405818422985459,LOW,APPROVE,0
0.0010564399424908564,LOW,APPROVE,0
0.002471421103260922,LOW,APPROVE,0
0.018759223057135736,LOW,APPROVE,0
0.010414261439275938,LOW,APPROVE,0
0.019722585031135616,LOW,APPROVE,0
0.002748377278477342,LOW,APPROVE,0
0.00435604134682351,LOW,APPROVE,0
0.01269331825060947,LOW,APPROVE,0
0.0018839235728291218,LOW,APPROVE,0
0.02640177076699813,LOW,APPROVE,0
0.0009200694037223648,LOW,APPROVE,0
0.0057977985807356296,LOW,APPROVE,0
0.007429983580633598,LOW,APPROVE,0
0.0005128529278714366,LOW,APPROVE,0
0.0032220386220036088,LOW,APPROVE,0
0.023071870643713938,LOW,APPROVE,0
0.0032731712060529235,LOW,APPROVE,0
0.017473971702745197,LOW,APPROVE,0
0.009074332774133562,LOW,APPROVE,0
0.0019479812689041697,LOW,APPROVE,0
0.01807636644022931,LOW,APPROVE,0
0.013212723869652793,LOW,APPROVE,0
0.011133326901100539,LOW,APPROVE,0
0.030871417753848576,LOW,APPROVE,0
0.0017183363262427967,LOW,APPROVE,0
0.017372843713735157,LOW,APPROVE,0
0.0034764877148635077,LOW,APPROVE,0
0.003598784584574634,LOW,APPROVE,0
0.03347397143012277,LOW,APPROVE,0
0.0020198206936379724,LOW,APPROVE,0
0.010246912765529729,LOW,APPROVE,0
0.004229683181993607,LOW,APPROVE,0
0.005805365366103308,LOW,APPROVE,0
0.00840019816049358,LOW,APPROVE,0
0.006613693510082694,LOW,APPROVE,0
0.05641373121957934,LOW,APPROVE,0
0.0023461805981425375,LOW,APPROVE,0
0.002297208770194302,LOW,APPROVE,0
0.0018073938183554403,LOW,APPROVE,0
0.0020198206936379724,LOW,APPROVE,0
0.014721901767358441,LOW,APPROVE,0
0.003069933185809633,LOW,APPROVE,0
0.0024889753392518463,LOW,APPROVE,0
0.004470016943318762,LOW,APPROVE,0
0.0016776804667978462,LOW,APPROVE,0
0.007621613312201138,LOW,APPROVE,0
0.0019636411824142204,LOW,APPROVE,0
0.005253699641248526,LOW,APPROVE,0
0.01692015320947955,LOW,APPROVE,0
0.004477045904398452,LOW,APPROVE,0
0.0053980295281902645,LOW,APPROVE,0
0.0037305396362030683,LOW,APPROVE,0
0.004593053344154951,LOW,APPROVE,0
0.0019914086918213602,LOW,APPROVE,0
0.0041268377937364415,LOW,APPROVE,0
0.0018073938183554403,LOW,APPROVE,0
0.013149175541951344,LOW,APPROVE,0
0.033410993271461735,LOW,APPROVE,0
0.006095147714790236,LOW,APPROVE,0
0.01044956476387623,LOW,APPROVE,0
0.001696797764683554,LOW,APPROVE,0
0.0005128529278714366,LOW,APPROVE,0
0.004470016943318762,LOW,APPROVE,0
0.0016165958094844627,LOW,APPROVE,0
0.0027354487778323533,LOW,APPROVE,0
0.0033923612720689524,LOW,APPROVE,0
0.007629087716346118,LOW,APPROVE,0
0.19216070703970217,MEDIUM,REVIEW,0
0.005444609917621346,LOW,APPROVE,0
0.003592365745814687,LOW,APPROVE,0
0.0021103821135487464,LOW,APPROVE,0
0.011288692958402397,LOW,APPROVE,0
0.031089672655989862,LOW,APPROVE,0
0.011691679422533784,LOW,APPROVE,0
0.007419777397773802,LOW,APPROVE,0
0.002726351716895064,LOW,APPROVE,0
0.005995659629557197,LOW,APPROVE,0
0.010367996280502428,LOW,APPROVE,0
0.00850429631208931,LOW,APPROVE,0
0.0010209092812682274,LOW,APPROVE,0
0.00292928119186708,LOW,APPROVE,0
0.0022931530849743488,LOW,APPROVE,0
0.0036316812045641034,LOW,APPROVE,0
0.0021870392191680205,LOW,APPROVE,0
0.002311858611991307,LOW,APPROVE,0
0.00027676620636913154,LOW,APPROVE,0
0.010496124072079708,LOW,APPROVE,0
0.0031100151755438336,LOW,APPROVE,0
0.0010209092812682274,LOW,APPROVE,0
0.019820627630328904,LOW,APPROVE,0
0.00424289678114082,LOW,APPROVE,0
0.005851901845078449,LOW,APPROVE,0
0.0020846845215992905,LOW,APPROVE,0
0.0023189405372963617,LOW,APPROVE,0
0.012989595369182023,LOW,APPROVE,0
0.01906065118990475,LOW,APPROVE,0
0.004804623594540135,LOW,APPROVE,0
0.010107001491669968,LOW,APPROVE,0
0.02845182414283945,LOW,APPROVE,0
0.002159017511569356,LOW,APPROVE,0
0.004186960565183216,LOW,APPROVE,0
0.0075255363708732785,LOW,APPROVE,0
0.007709444074938164,LOW,APPROVE,0
0.016387642820117707,LOW,APPROVE,0
0.0015852153950275038,LOW,APPROVE,0
0.00730717698927851,LOW,APPROVE,0
0.001695831043081457,LOW,APPROVE,0
0.017953569397924744,LOW,APPROVE,0
0.004433387591935113,LOW,APPROVE,0
0.000352905025659125,LOW,APPROVE,0
0.00163602990083436,LOW,APPROVE,0
0.0013948603923735576,LOW,APPROVE,0
0.004522109316539017,LOW,APPROVE,0
0.001707673415541977,LOW,APPROVE,0
0.009535866931930767,LOW,APPROVE,0
0.0009830348320333025,LOW,APPROVE,0
0.013479969415692301,LOW,APPROVE,0
0.004542503111643474,LOW,APPROVE,0
0.01114247991529666,LOW,APPROVE,0
0.01728769186511018,LOW,APPROVE,0
0.002651569411201332,LOW,APPROVE,0
0.001260351109336028,LOW,APPROVE,0
0.004743947418700248,LOW,APPROVE,0
0.009411905755028722,LOW,APPROVE,0
0.00268115345933114,LOW,APPROVE,0
0.01709551317717946,LOW,APPROVE,0
0.0051100143613679,LOW,APPROVE,0
0.0038887884906392976,LOW,APPROVE,0
0.006430469453909896,LOW,APPROVE,0
0.0017607001781189838,LOW,APPROVE,0
0.020002942444139932,LOW,APPROVE,0
0.0009830348320333025,LOW,APPROVE,0
0.011581476185504636,LOW,APPROVE,0
0.004358851733169156,LOW,APPROVE,0
0.02346706443813842,LOW,APPROVE,0
0.025193100105615415,LOW,APPROVE,0
0.01312204909765649,LOW,APPROVE,0
0.0025708341689320924,LOW,APPROVE,0
0.015517295477155515,LOW,APPROVE,0
0.004310456118627275,LOW,APPROVE,0
0.0017981380455277655,LOW,APPROVE,0
0.004121464018830539,LOW,APPROVE,0
0.00258797893127791,LOW,APPROVE,0
0.20304920831395215,MEDIUM,REVIEW,0
0.0012921286424229122,LOW,APPROVE,0
0.0017096413933120353,LOW,APPROVE,0
0.001546636681430965,LOW,APPROVE,0
0.00795049285887713,LOW,APPROVE,0
0.010327265915123828,LOW,APPROVE,0
0.018736675750339504,LOW,APPROVE,0
0.006244487671589113,LOW,APPROVE,0
0.0030557958850189267,LOW,APPROVE,0
0.014737578842224151,LOW,APPROVE,0
0.046835513047224414,LOW,APPROVE,0
0.0057873047343317,LOW,APPROVE,0
0.003047807628322214,LOW,APPROVE,0
0.014823319769359652,LOW,APPROVE,0
0.0012954107538223523,LOW,APPROVE,0
0.0034673073681288726,LOW,APPROVE,0
0.005410732924788292,LOW,APPROVE,0
0.0015020851408814439,LOW,APPROVE,0
0.0007189478386388182,LOW,APPROVE,0
0.0017109872825852497,LOW,APPROVE,0
0.06255221633300062,LOW,APPROVE,0
0.0022038932801331044,LOW,APPROVE,0
0.008367167528514128,LOW,APPROVE,0
0.015311382892470776,LOW,APPROVE,0
0.0023720984379758552,LOW,APPROVE,0
0.0017546415212038775,LOW,APPROVE,0
0.048085714484631226,LOW,APPROVE,0
0.0014647046308213108,LOW,APPROVE,0
0.008314862982233023,LOW,APPROVE,0
0.01073982946469115,LOW,APPROVE,0
0.003354098657786428,LOW,APPROVE,0
0.002598898657608946,LOW,APPROVE,0
0.005477444355602909,LOW,APPROVE,0
0.0030730876388873132,LOW,APPROVE,0
0.006961944706170873,LOW,APPROVE,0
0.0008989138702869442,LOW,APPROVE,0
0.029932331825623406,LOW,APPROVE,0
0.01524356318978112,LOW,APPROVE,0
0.0005128529278714366,LOW,APPROVE,0
0.024658965047379487,LOW,APPROVE,0
0.01781937651358999,LOW,APPROVE,0
0.017818087126754967,LOW,APPROVE,1
0.017091628520507208,LOW,APPROVE,0
0.00372564076350812,LOW,APPROVE,0
0.0014168939059249189,LOW,APPROVE,0
0.0036847205150655937,LOW,APPROVE,0
0.0031839649003983592,LOW,APPROVE,0
0.008218212094488237,LOW,APPROVE,0
0.017092632859377427,LOW,APPROVE,0
0.0018749656939297955,LOW,APPROVE,0
0.004407158028685537,LOW,APPROVE,0
0.024988924681417123,LOW,APPROVE,0
0.0013711074810562982,LOW,APPROVE,0
0.008919712886157232,LOW,APPROVE,0
0.009470744621553267,LOW,APPROVE,0
0.007202642000540367,LOW,APPROVE,0
0.008999899782757751,LOW,APPROVE,0
0.010308053861972727,LOW,APPROVE,0
0.005652273321413935,LOW,APPROVE,0
0.004276163109089652,LOW,APPROVE,0
0.0016061012874763502,LOW,APPROVE,0
0.002947892086784835,LOW,APPROVE,0
0.002766056904567148,LOW,APPROVE,0
0.002337507396177266,LOW,APPROVE,0
0.08744912415843915,LOW,APPROVE,0
0.0010328566983880344,LOW,APPROVE,0
0.0335729377465571,LOW,APPROVE,0
0.02020033201130385,LOW,APPROVE,0
0.0018355944909771518,LOW,APPROVE,0
0.009221174660339995,LOW,APPROVE,0
0.010684673188045226,LOW,APPROVE,0
0.007609043930013617,LOW,APPROVE,0
0.006870987694358223,LOW,APPROVE,0
0.002060781805186853,LOW,APPROVE,0
0.007522985370665158,LOW,APPROVE,0
0.0022108224364500583,LOW,APPROVE,0
0.009402533038614668,LOW,APPROVE,0
0.004782793850577453,LOW,APPROVE,0
0.0022948214629185107,LOW,APPROVE,0
0.004308155415230544,LOW,APPROVE,0
0.0014511242540197337,LOW,APPROVE,0
0.0031690445418476668,LOW,APPROVE,0
0.0008008530482310697,LOW,APPROVE,0
0.0033123822800105395,LOW,APPROVE,0
0.002358833375857728,LOW,APPROVE,0
0.001545561967411789,LOW,APPROVE,0
0.022736222909306256,LOW,APPROVE,0
0.0008008530482310697,LOW,APPROVE,0
0.0015964573311938353,LOW,APPROVE,0
0.004450500011314937,LOW,APPROVE,0
0.00033066297311729433,LOW,APPROVE,0
0.037605801478220964,LOW,APPROVE,0
0.02736420194383318,LOW,APPROVE,0
0.0014206848157151126,LOW,APPROVE,0
0.003632325979179449,LOW,APPROVE,0
0.005885388044156303,LOW,APPROVE,0
0.051366541951200634,LOW,APPROVE,0
0.00961797356290404,LOW,APPROVE,0
0.00809043294827631,LOW,APPROVE,0
0.0011507980145407566,LOW,APPROVE,0
0.0027165194039942492,LOW,APPROVE,0
0.010595181164014493,LOW,APPROVE,0
0.0014220267448677986,LOW,APPROVE,0
0.002253931580508326,LOW,APPROVE,0
0.004343793220726735,LOW,APPROVE,0
0.0030405321709508623,LOW,APPROVE,0
0.0033440129393431284,LOW,APPROVE,0
0.005592121721039694,LOW,APPROVE,0
0.004588751994541283,LOW,APPROVE,0
0.0002924411560484521,LOW,APPROVE,0
0.0079548696663354,LOW,APPROVE,0
0.003331717193773918,LOW,APPROVE,0
0.0024490858791488494,LOW,APPROVE,0
0.0017324110405534095,LOW,APPROVE,0
0.0016346096497084817,LOW,APPROVE,0
0.00640853733089852,LOW,APPROVE,0
0.010014588832050053,LOW,APPROVE,0
0.007719517485297224,LOW,APPROVE,0
0.007943979952490394,LOW,APPROVE,0
0.04013186448849382,LOW,APPROVE,0
0.0286317007767302,LOW,APPROVE,0
0.01722873422876838,LOW,APPROVE,0
0.0024567165609536597,LOW,APPROVE,0
0.016522041133549287,LOW,APPROVE,0
0.018587555132383637,LOW,APPROVE,0
0.008727191963834981,LOW,APPROVE,0
0.00047003835003213906,LOW,APPROVE,0
0.01624974147057285,LOW,APPROVE,0
0.0015704527403122169,LOW,APPROVE,0
0.004684052709599599,LOW,APPROVE,0
0.008763793423600542,LOW,APPROVE,0
0.006488657456760906,LOW,APPROVE,0
0.04698209575346969,LOW,APPROVE,0
0.0022776789455875917,LOW,APPROVE,0
0.055559841634110575,LOW,APPROVE,0
0.01986063810244147,LOW,APPROVE,0
0.0068449284332465,LOW,APPROVE,0
0.02478282022604274,LOW,APPROVE,0
0.012659815258611897,LOW,APPROVE,0
0.006299047865704478,LOW,APPROVE,0
0.007549871375736055,LOW,APPROVE,0
0.009312787088966316,LOW,APPROVE,0
0.0018526228186471943,LOW,APPROVE,0
0.0009158394282088857,LOW,APPROVE,0
0.0023935855418613927,LOW,APPROVE,0
0.003922738233172139,LOW,APPROVE,0
0.004152879840405173,LOW,APPROVE,0
0.008446567387229965,LOW,APPROVE,0
0.0010692955758028657,LOW,APPROVE,0
0.012659815258611897,LOW,APPROVE,0
0.027039894841135854,LOW,APPROVE,0
0.012659815258611897,LOW,APPROVE,0
0.007571937564269263,LOW,APPROVE,0
0.030708730186219182,LOW,APPROVE,0
0.014430064898892673,LOW,APPROVE,0
0.004655126252058033,LOW,APPROVE,0
0.0050022812486614,LOW,APPROVE,0
0.002422518987206196,LOW,APPROVE,0
0.004845768698914422,LOW,APPROVE,0
0.009937989262220162,LOW,APPROVE,0
0.004373008599130007,LOW,APPROVE,0
0.011301700429417813,LOW,APPROVE,0
0.00510013769454337,LOW,APPROVE,0
0.002835363025976661,LOW,APPROVE,0
0.008573362481847941,LOW,APPROVE,0
0.011296177380222415,LOW,APPROVE,0
0.014192537730592076,LOW,APPROVE,1
0.0009158394282088857,LOW,APPROVE,0
0.0028553805737824064,LOW,APPROVE,0
0.004608503200306186,LOW,APPROVE,0
0.006193788826184729,LOW,APPROVE,0
0.0014442635717160492,LOW,APPROVE,0
0.38827194340354715,MEDIUM,REVIEW,1
0.004203854878744391,LOW,APPROVE,0
0.3697196335515911,MEDIUM,REVIEW,1
0.03550947150968847,LOW,APPROVE,0
0.0038439023948016646,LOW,APPROVE,0
0.007215636736471194,LOW,APPROVE,0
0.005267651363668726,LOW,APPROVE,0
0.008080782819823676,LOW,APPROVE,0
0.0016547230076310404,LOW,APPROVE,0
0.0075113143936782435,LOW,APPROVE,0
0.027186762049133027,LOW,APPROVE,0
0.006772729870437015,LOW,APPROVE,0
0.0010653622323587878,LOW,APPROVE,0
0.008150021200631177,LOW,APPROVE,0
0.007355363875134933,LOW,APPROVE,0
0.0008215658312233006,LOW,APPROVE,0
0.001249284477533054,LOW,APPROVE,0
0.0017762942483845105,LOW,APPROVE,0
0.008373674445734634,LOW,APPROVE,0
0.04463923395975692,LOW,APPROVE,0
0.032276034876110395,LOW,APPROVE,0
0.024106463330899427,LOW,APPROVE,0
0.0018056059537704555,LOW,APPROVE,0
0.004729189778856061,LOW,APPROVE,0
0.006255955690545095,LOW,APPROVE,0
0.011504917038774244,LOW,APPROVE,0
0.010581679625639025,LOW,APPROVE,0
0.0025207872116852865,LOW,APPROVE,0
0.012927934072933142,LOW,APPROVE,0
0.002501089803483212,LOW,APPROVE,0
0.0022574031170646434,LOW,APPROVE,0
0.0038894080113440455,LOW,APPROVE,0
0.008126618446342902,LOW,APPROVE,0
0.016900371570225965,LOW,APPROVE,0
0.005175740716988712,LOW,APPROVE,0
0.02342164233522047,LOW,APPROVE,0
0.012562898651720989,LOW,APPROVE,0
0.0026170982072068276,LOW,APPROVE,0
0.0006843907695052634,LOW,APPROVE,0
0.006322591262754345,LOW,APPROVE,0
0.005358052155254892,LOW,APPROVE,0
0.003974425866039732,LOW,APPROVE,0
0.0046037382390356684,LOW,APPROVE,0
0.0005095634037849235,LOW,APPROVE,0
0.004448370564211454,LOW,APPROVE,0
0.00283094366169981,LOW,APPROVE,0
0.004046616358619016,LOW,APPROVE,0
0.011849499835115618,LOW,APPROVE,0
0.0379462050187923,LOW,APPROVE,0
0.006322591262754345,LOW,APPROVE,0
0.0016701593932359194,LOW,APPROVE,0
0.0006403439441045969,LOW,APPROVE,0
0.02578909311651756,LOW,APPROVE,0
0.0019807542339877458,LOW,APPROVE,0
0.0028987426710126185,LOW,APPROVE,0
0.0958463828330313,LOW,APPROVE,0
0.003252601845731429,LOW,APPROVE,0
0.0033258586740451267,LOW,APPROVE,0
0.007357195622388452,LOW,APPROVE,0
0.0022860620772787873,LOW,APPROVE,0
0.014118184031056467,LOW,APPROVE,0
0.008032232693860082,LOW,APPROVE,0
0.0033251123306404944,LOW,APPROVE,0
0.03887011114662514,LOW,APPROVE,0
0.0117732469058608,LOW,APPROVE,0
0.01080293309620451,LOW,APPROVE,0
0.00780724741149678,LOW,APPROVE,0
0.0038365601772113148,LOW,APPROVE,0
0.006865280605710903,LOW,APPROVE,0
0.015198211574216492,LOW,APPROVE,0
0.014203789446475193,LOW,APPROVE,0
0.008229090796062842,LOW,APPROVE,0
0.07205736012237125,LOW,APPROVE,0
0.038467309903904,LOW,APPROVE,0
0.01306509832693479,LOW,APPROVE,0
0.012122905787008087,LOW,APPROVE,0
0.03414129564759528,LOW,APPROVE,0
0.0005739886840867379,LOW,APPROVE,0
0.0018019023871675458,LOW,APPROVE,0
0.0037823795118518406,LOW,APPROVE,0
0.0020686367178644966,LOW,APPROVE,0
0.0016193916510697428,LOW,APPROVE,0
0.01036642682725373,LOW,APPROVE,0
0.007023294331486625,LOW,APPROVE,0
0.001483860449632107,LOW,APPROVE,0
0.11807056920991697,MEDIUM,REVIEW,0
0.004403933920151576,LOW,APPROVE,0
0.0024109030697173225,LOW,APPROVE,0
0.011875768963336435,LOW,APPROVE,0
0.0036350773971672227,LOW,APPROVE,0
0.09616706477799995,LOW,APPROVE,0
0.0022133219360341108,LOW,APPROVE,0
0.0019702655872306323,LOW,APPROVE,0
0.005408062330286153,LOW,APPROVE,0
0.0030464392260573735,LOW,APPROVE,0
0.0035451429729512433,LOW,APPROVE,0
0.005532635709390315,LOW,APPROVE,0
0.0009151879357954754,LOW,APPROVE,0
0.14917391359210447,MEDIUM,REVIEW,0
0.0029406504194154975,LOW,APPROVE,0
0.003656825002716222,LOW,APPROVE,0
0.0045194036781262435,LOW,APPROVE,0
0.008703104609605295,LOW,APPROVE,0
0.007950698561074592,LOW,APPROVE,0
0.00885807954613587,LOW,APPROVE,0
0.015198211574216492,LOW,APPROVE,0
0.0052425349086885386,LOW,APPROVE,0
0.021411241208922648,LOW,APPROVE,0
0.007123255266905308,LOW,APPROVE,0
0.021411241208922648,LOW,APPROVE,0
0.021864740643855896,LOW,APPROVE,0
0.032401149742330236,LOW,APPROVE,0
0.0007588309318705367,LOW,APPROVE,0
0.003745618987877036,LOW,APPROVE,0
0.025604642378293144,LOW,APPROVE,0
0.0007588309318705367,LOW,APPROVE,0
0.0013711144249966233,LOW,APPROVE,0
0.021411241208922648,LOW,APPROVE,0
0.006047891191262115,LOW,APPROVE,0
0.0004098105782727214,LOW,APPROVE,0
0.012374640258256369,LOW,APPROVE,0
0.002491781158506282,LOW,APPROVE,0
0.04708156027668095,LOW,APPROVE,0
0.01371646230307944,LOW,APPROVE,0
0.006840338532176908,LOW,APPROVE,0
0.005584133436982045,LOW,APPROVE,0
0.0010733156832381373,LOW,APPROVE,0
0.002965902927490976,LOW,APPROVE,0
0.001869357795364741,LOW,APPROVE,0
0.007240277330373159,LOW,APPROVE,0
0.003204758301053799,LOW,APPROVE,0
0.002682210851495656,LOW,APPROVE,0
0.026964812726425782,LOW,APPROVE,0
0.0037922625206913796,LOW,APPROVE,0
0.002867600750550054,LOW,APPROVE,0
0.006669243337986878,LOW,APPROVE,0
0.049151467474217767,LOW,APPROVE,0
0.00550888957214676,LOW,APPROVE,0
0.0050373112469064224,LOW,APPROVE,0
0.0024959937416926216,LOW,APPROVE,0
0.005725728420655575,LOW,APPROVE,0
0.006477217393820941,LOW,APPROVE,0
0.0038995639240125527,LOW,APPROVE,0
0.002023846655575734,LOW,APPROVE,0
0.026005574984940535,LOW,APPROVE,0
0.010114981019780075,LOW,APPROVE,0
0.05433014843680128,LOW,APPROVE,0
0.008403944473844469,LOW,APPROVE,0
0.015137546172513115,LOW,APPROVE,0
0.039721670615677,LOW,APPROVE,0
0.012985400513638347,LOW,APPROVE,0
0.0013193638360807735,LOW,APPROVE,0
0.0017251153186721925,LOW,APPROVE,0
0.006470174908267354,LOW,APPROVE,0
0.003136348084649729,LOW,APPROVE,0
0.004987826689349789,LOW,APPROVE,0
0.005183245454119383,LOW,APPROVE,0
0.0017936470147719352,LOW,APPROVE,0
0.0012208694841079942,LOW,APPROVE,0
0.006378781675568664,LOW,APPROVE,0
0.029439423668933252,LOW,APPROVE,0
0.00798147965699732,LOW,APPROVE,0
0.001939854031788175,LOW,APPROVE,0
0.0014436919371392195,LOW,APPROVE,0
0.02102012198365386,LOW,APPROVE,0
0.017597573281264697,LOW,APPROVE,0
0.002221438957286242,LOW,APPROVE,0
0.01200575940118437,LOW,APPROVE,0
0.002602435002153207,LOW,APPROVE,0
0.001398938477097939,LOW,APPROVE,0
0.015224701443746031,LOW,APPROVE,0
0.0035018616152002763,LOW,APPROVE,0
0.027859054468195477,LOW,APPROVE,0
0.00805628187169566,LOW,APPROVE,0
0.005462433719491322,LOW,APPROVE,0
0.0020570699286180587,LOW,APPROVE,0
0.011635763038159174,LOW,APPROVE,0
0.0012763353423308446,LOW,APPROVE,0
0.012197873048567048,LOW,APPROVE,0
0.005597619532896376,LOW,APPROVE,0
0.003234835921566188,LOW,APPROVE,0
0.0019096612792160678,LOW,APPROVE,0
0.020686798946607125,LOW,APPROVE,0
0.05191946091387364,LOW,APPROVE,0
0.23199660437314062,MEDIUM,REVIEW,0
0.020831343307884772,LOW,APPROVE,0
0.002068998244419127,LOW,APPROVE,0
0.005507724022066823,LOW,APPROVE,0
0.014141378852420733,LOW,APPROVE,0
0.027039894841135854,LOW,APPROVE,0
0.011900507060384001,LOW,APPROVE,0
0.02150421324923208,LOW,APPROVE,0
0.0018317603081554285,LOW,APPROVE,0
0.008006093879626667,LOW,APPROVE,0
0.0028390771690955095,LOW,APPROVE,0
0.07437258978802204,LOW,APPROVE,0
0.004913278326337634,LOW,APPROVE,0
0.00564558252209615,LOW,APPROVE,0
0.010983645446134312,LOW,APPROVE,0
0.0048748928717443525,LOW,APPROVE,0
0.010853042011251953,LOW,APPROVE,0
0.011301943244933912,LOW,APPROVE,0
0.005895541864294302,LOW,APPROVE,0
0.00538852061877827,LOW,APPROVE,0
0.01583621733749495,LOW,APPROVE,0
0.001559577872417114,LOW,APPROVE,0
0.013170329014494489,LOW,APPROVE,0
0.003195398697082244,LOW,APPROVE,0
0.0044298909265544275,LOW,APPROVE,0
0.0034445214992968745,LOW,APPROVE,0
0.004781496779372115,LOW,APPROVE,0
0.015006425849965395,LOW,APPROVE,0
0.008153060833807301,LOW,APPROVE,0
0.011355969674405638,LOW,APPROVE,0
0.008458277339583173,LOW,APPROVE,0
0.008153060833807301,LOW,APPROVE,0
0.01658786802281136,LOW,APPROVE,0
0.0033345396971572075,LOW,APPROVE,0
0.02680347998063232,LOW,APPROVE,0
0.021557697415016907,LOW,APPROVE,0
0.0005029282520243139,LOW,APPROVE,0
0.01718718440888539,LOW,APPROVE,0
0.0711825542047161,LOW,APPROVE,0
0.008153060833807301,LOW,APPROVE,0
0.0025351030403468126,LOW,APPROVE,0
0.01349311742469347,LOW,APPROVE,0
0.10351136407760309,MEDIUM,REVIEW,0
0.009101839479548228,LOW,APPROVE,0
0.0021978080067933305,LOW,APPROVE,0
0.014659723816086764,LOW,APPROVE,0
0.007789090912486164,LOW,APPROVE,0
0.00258899521659655,LOW,APPROVE,0
0.004422566566147598,LOW,APPROVE,0
0.010987840653168914,LOW,APPROVE,0
0.004794244539891832,LOW,APPROVE,0
0.007248064036672462,LOW,APPROVE,0
0.00258899521659655,LOW,APPROVE,0
0.004977921819879088,LOW,APPROVE,0
0.002932908299829882,LOW,APPROVE,0
0.0018696501042738199,LOW,APPROVE,0
0.0022214259029052176,LOW,APPROVE,0
0.0017221859441130497,LOW,APPROVE,0
0.02821329260866037,LOW,APPROVE,0
0.13817753796203575,MEDIUM,REVIEW,0
0.0017046720927963008,LOW,APPROVE,0
0.022112377296530688,LOW,APPROVE,0
0.004074580664289622,LOW,APPROVE,0
0.002289190624812275,LOW,APPROVE,0
0.013016198687785297,LOW,APPROVE,0
0.004931311214220932,LOW,APPROVE,0
0.022039676822316938,LOW,APPROVE,0
0.009211574966036081,LOW,APPROVE,0
0.0030301499399895317,LOW,APPROVE,0
0.0026197731912543766,LOW,APPROVE,0
0.052929673009116676,LOW,APPROVE,0
0.005119004608786771,LOW,APPROVE,0
0.0031313681223285343,LOW,APPROVE,0
0.005189352876036871,LOW,APPROVE,0
0.013655540667076799,LOW,APPROVE,0
0.0020793177037398388,LOW,APPROVE,0
0.014584677142419823,LOW,APPROVE,0
0.016848693482444745,LOW,APPROVE,0
0.003465649039707847,LOW,APPROVE,0
0.020433060577308492,LOW,APPROVE,0
0.0169853490068912,LOW,APPROVE,0
0.006783287231861508,LOW,APPROVE,0
0.017495228825075107,LOW,APPROVE,0
0.006939339179093012,LOW,APPROVE,0
0.0011618865131483617,LOW,APPROVE,0
0.005490606982283878,LOW,APPROVE,0
0.009352884633031305,LOW,APPROVE,0
0.011813450855872362,LOW,APPROVE,0
0.003236377644529689,LOW,APPROVE,0
0.09428092970047974,LOW,APPROVE,0
0.0026197731912543766,LOW,APPROVE,0
0.006552375763544369,LOW,APPROVE,0
0.0027572743062540144,LOW,APPROVE,0
0.0016584624733429131,LOW,APPROVE,0
0.006099204304454315,LOW,APPROVE,0
0.004510089689365467,LOW,APPROVE,0
0.03771436236358583,LOW,APPROVE,0
0.006926934484908802,LOW,APPROVE,0
0.009661762844883291,LOW,APPROVE,0
0.001409385133289035,LOW,APPROVE,0
0.015473545799446646,LOW,APPROVE,0
0.013745277293292411,LOW,APPROVE,0
0.003756910004328031,LOW,APPROVE,0
0.001573452145142587,LOW,APPROVE,0
0.0018600584594263916,LOW,APPROVE,0
0.002120349552412178,LOW,APPROVE,0
0.006356942288725743,LOW,APPROVE,0
0.008572186998998465,LOW,APPROVE,0
0.09269224448581845,LOW,APPROVE,0
0.0064519874469075355,LOW,APPROVE,0
0.014068047344354781,LOW,APPROVE,0
0.033546675182343874,LOW,APPROVE,0
0.00508811821741842,LOW,APPROVE,0
0.03843938872774545,LOW,APPROVE,0
0.004550996291602959,LOW,APPROVE,0
0.005083353337489675,LOW,APPROVE,0
0.00861342733871783,LOW,APPROVE,0
0.005442326214726886,LOW,APPROVE,0
0.010773459555566519,LOW,APPROVE,0
0.020124151513165628,LOW,APPROVE,0
0.009611803028842842,LOW,APPROVE,0
0.0205538870283348,LOW,APPROVE,0
0.013873756186280114,LOW,APPROVE,0
0.006145047768713798,LOW,APPROVE,0
0.0022126411183890898,LOW,APPROVE,0
0.020124151513165628,LOW,APPROVE,0
0.005070864002854088,LOW,APPROVE,0
0.003934227506683802,LOW,APPROVE,0
0.020124151513165628,LOW,APPROVE,0
0.00459350277863256,LOW,APPROVE,0
0.007616569191896115,LOW,APPROVE,0
0.015408400701481927,LOW,APPROVE,0
0.006215803709080463,LOW,APPROVE,0
0.00258899521659655,LOW,APPROVE,0
0.007308784000444788,LOW,APPROVE,0
0.005983941772028563,LOW,APPROVE,0
0.021146358203506528,LOW,APPROVE,0
0.006285366623217531,LOW,APPROVE,0
0.002095521927770438,LOW,APPROVE,0
0.026005574984940535,LOW,APPROVE,0
0.003004555596210516,LOW,APPROVE,0
0.010282726904543932,LOW,APPROVE,0
0.002931098914073697,LOW,APPROVE,0
0.025380347657869944,LOW,APPROVE,0
0.010182638389869846,LOW,APPROVE,0
0.031165948712450646,LOW,APPROVE,0
0.08206498704084556,LOW,APPROVE,0
0.01266979880360282,LOW,APPROVE,0
0.011756529716791196,LOW,APPROVE,0
0.0024652930673268723,LOW,APPROVE,0
0.0015601302540662154,LOW,APPROVE,0
0.01714407322386864,LOW,APPROVE,0
0.029253668353599067,LOW,APPROVE,0
0.04820349675491127,LOW,APPROVE,0
0.002408563928887072,LOW,APPROVE,0
0.007587058300137279,LOW,APPROVE,0
0.01005185601096959,LOW,APPROVE,0
0.006457317579919054,LOW,APPROVE,0
0.007931944395455168,LOW,APPROVE,0
0.003738110176456228,LOW,APPROVE,0
0.0005559934447563746,LOW,APPROVE,0
0.002986951439924681,LOW,APPROVE,0
0.03011668945116339,LOW,APPROVE,0
0.060944053924484105,LOW,APPROVE,0
0.005750549783981107,LOW,APPROVE,0
0.01467322319657418,LOW,APPROVE,0
0.008042886129041686,LOW,APPROVE,0
0.00605549185091883,LOW,APPROVE,0
0.0008666432170543032,LOW,APPROVE,0
0.0038442714797697597,LOW,APPROVE,0
0.0040469805306786455,LOW,APPROVE,0
0.01765872809929127,LOW,APPROVE,0
0.015463365441918701,LOW,APPROVE,0
0.015277125856871401,LOW,APPROVE,0
0.007469714208591954,LOW,APPROVE,0
0.007664744352344347,LOW,APPROVE,0
0.01481178594684148,LOW,APPROVE,0
0.009765283098880155,LOW,APPROVE,0
0.16268753874607036,MEDIUM,REVIEW,0
0.003924998756261057,LOW,APPROVE,0
0.0018780511483846706,LOW,APPROVE,0
0.0045373736366590145,LOW,APPROVE,0
0.005355937227684047,LOW,APPROVE,0
0.005750549783981107,LOW,APPROVE,0
0.005750549783981107,LOW,APPROVE,0
0.00505219604448754,LOW,APPROVE,0
0.001735464217153277,LOW,APPROVE,0
0.002533680884571225,LOW,APPROVE,0
0.002266810477887184,LOW,APPROVE,0
0.02296114969983079,LOW,APPROVE,0
0.007702519254988492,LOW,APPROVE,0
0.01112483427785465,LOW,APPROVE,0
0.0020245910629767675,LOW,APPROVE,0
0.0033814488565197466,LOW,APPROVE,0
0.0113083796052608,LOW,APPROVE,0
0.023866151969258877,LOW,APPROVE,0
0.0004557666578955323,LOW,APPROVE,0
0.0044831854672939845,LOW,APPROVE,0
0.0013619665323640461,LOW,APPROVE,0
0.0016772119309764464,LOW,APPROVE,0
0.005225959566081977,LOW,APPROVE,0
0.042147775820105815,LOW,APPROVE,0
0.015951082059197316,LOW,APPROVE,0
0.014042568650843835,LOW,APPROVE,0
0.030799899277200383,LOW,APPROVE,0
0.014879574967238015,LOW,APPROVE,0
0.029253668353599067,LOW,APPROVE,0
0.006614891214169932,LOW,APPROVE,0
0.009237107711017437,LOW,APPROVE,0
0.00622649622624846,LOW,APPROVE,0
0.013678751702403099,LOW,APPROVE,0
0.0019298456470288555,LOW,APPROVE,0
0.021110812422377428,LOW,APPROVE,0
0.009416655161689443,LOW,APPROVE,0
0.002215703117391176,LOW,APPROVE,0
0.0033490208302816116,LOW,APPROVE,0
0.0037202247687481375,LOW,APPROVE,0
0.0009045205325772765,LOW,APPROVE,0
0.16779841828768347,MEDIUM,REVIEW,0
0.002361113676434955,LOW,APPROVE,0
0.01667328847856659,LOW,APPROVE,0
0.008141329040286326,LOW,APPROVE,0
0.008855590525032746,LOW,APPROVE,0
0.0025407580881106153,LOW,APPROVE,0
0.0035066318927432024,LOW,APPROVE,0
0.004656414174104415,LOW,APPROVE,0
0.011880704488025562,LOW,APPROVE,0
0.0032790826953038544,LOW,APPROVE,0
0.006437785531764619,LOW,APPROVE,0
0.0019263789927452194,LOW,APPROVE,0
0.0019431154568427475,LOW,APPROVE,0
0.0036312827964824134,LOW,APPROVE,0
0.001440399939177606,LOW,APPROVE,0
0.005831575614019832,LOW,APPROVE,0
0.0027264832397724714,LOW,APPROVE,0
0.11314031486105029,MEDIUM,REVIEW,0
0.005584924692228918,LOW,APPROVE,0
0.020055205824192953,LOW,APPROVE,0
0.009798489901587446,LOW,APPROVE,0
0.00733793125474247,LOW,APPROVE,0
0.07277635382003218,LOW,APPROVE,0
0.014038106235964192,LOW,APPROVE,0
0.0017957904739060763,LOW,APPROVE,0
0.0012580837771438654,LOW,APPROVE,0
0.018722559875596824,LOW,APPROVE,0
0.0027723633182354665,LOW,APPROVE,0
0.00380940509151389,LOW,APPROVE,0
0.007480896171992413,LOW,APPROVE,0
0.010971131627263197,LOW,APPROVE,0
0.014819303977688648,LOW,APPROVE,0
0.0029396857807249366,LOW,APPROVE,0
0.005638033895552749,LOW,APPROVE,0
0.005041095805827292,LOW,APPROVE,0
0.004446252673849639,LOW,APPROVE,0
0.01751331326340754,LOW,APPROVE,0
0.016131884675012042,LOW,APPROVE,0
0.006403248829900285,LOW,APPROVE,0
0.0042668936087508665,LOW,APPROVE,0
0.006442959070511421,LOW,APPROVE,0
0.007295827527611605,LOW,APPROVE,0
0.0024548855967717652,LOW,APPROVE,0
0.017211239883499558,LOW,APPROVE,0
0.08460994884353876,LOW,APPROVE,0
0.014594369834589779,LOW,APPROVE,0
0.01710000978535766,LOW,APPROVE,0
0.0013866152310819154,LOW,APPROVE,0
0.016626882683388217,LOW,APPROVE,0
0.016054688751339696,LOW,APPROVE,0
0.0033167020872342363,LOW,APPROVE,0
0.008891236712283096,LOW,APPROVE,0
0.01895325820592971,LOW,APPROVE,0
0.005227616122819572,LOW,APPROVE,0
0.003690478169076495,LOW,APPROVE,0
0.0044914386877856856,LOW,APPROVE,0
0.0023403520805587094,LOW,APPROVE,0
0.001636032090490639,LOW,APPROVE,0
0.0035339837248232766,LOW,APPROVE,0
0.008725168360194087,LOW,APPROVE,0
0.007076366459161921,LOW,APPROVE,0
0.0012004108024464856,LOW,APPROVE,0
0.002711599812786286,LOW,APPROVE,0
0.061582835514664334,LOW,APPROVE,0
0.004178329352581955,LOW,APPROVE,0
0.012811242365071782,LOW,APPROVE,0
0.00038002403429517626,LOW,APPROVE,0
0.0038535189392992367,LOW,APPROVE,0
0.00222152512428256,LOW,APPROVE,0
0.0052962523199897825,LOW,APPROVE,0
0.006686152605170463,LOW,APPROVE,0
0.005398496104930292,LOW,APPROVE,0
0.0065998370906136215,LOW,APPROVE,0
0.04898192388914725,LOW,APPROVE,0
0.009715526283061734,LOW,APPROVE,0
0.01140936706018314,LOW,APPROVE,0
0.024594263564824064,LOW,APPROVE,0
0.020991807805946894,LOW,APPROVE,0
0.017295218809069392,LOW,APPROVE,0
0.007388444231577764,LOW,APPROVE,0
0.004042248162564464,LOW,APPROVE,0
0.005418933195593504,LOW,APPROVE,0
0.010755691765343654,LOW,APPROVE,0
0.009693305650736346,LOW,APPROVE,0
0.0035373246531162955,LOW,APPROVE,0
0.0019897205917524022,LOW,APPROVE,0
0.00374088998387529,LOW,APPROVE,0
0.0035373246531162955,LOW,APPROVE,0
0.011785467010860782,LOW,APPROVE,0
0.026774101001387753,LOW,APPROVE,0
0.02710163934306957,LOW,APPROVE,0
0.023544930363139174,LOW,APPROVE,1
0.0066447662519971635,LOW,APPROVE,0
0.0054823657565808296,LOW,APPROVE,0
0.0021606541819748338,LOW,APPROVE,0
0.0021225686668647106,LOW,APPROVE,0
0.0017562880318624425,LOW,APPROVE,0
0.0023560294335688227,LOW,APPROVE,0
0.005431230771534121,LOW,APPROVE,0
0.03131338172560537,LOW,APPROVE,0
0.007574915857542049,LOW,APPROVE,0
0.0050735066101535225,LOW,APPROVE,0
0.06455603139556632,LOW,APPROVE,0
0.007749232294677903,LOW,APPROVE,0
0.01945601388851899,LOW,APPROVE,1
0.009346980474814469,LOW,APPROVE,0
0.0017080225132945716,LOW,APPROVE,0
0.0020217120390258717,LOW,APPROVE,0
0.0016485576193272595,LOW,APPROVE,0
0.10514668757264166,MEDIUM,REVIEW,0
0.013760513262947447,LOW,APPROVE,0
0.04015635198124002,LOW,APPROVE,0
0.002345688012423656,LOW,APPROVE,0
0.014144183350957226,LOW,APPROVE,0
0.005192255463474391,LOW,APPROVE,0
0.02382253611222088,LOW,APPROVE,1
0.0013106380598878929,LOW,APPROVE,0
0.004869134904120802,LOW,APPROVE,0
0.0012469521498146845,LOW,APPROVE,0
0.0021978080067933305,LOW,APPROVE,0
0.005344168307544016,LOW,APPROVE,0
0.03937258725386908,LOW,APPROVE,0
0.0034010320371476127,LOW,APPROVE,0
0.0034286352950340148,LOW,APPROVE,0
0.0011777283626536598,LOW,APPROVE,0
0.007185005572406532,LOW,APPROVE,0
0.004550896343347265,LOW,APPROVE,0
0.010728235864314482,LOW,APPROVE,0
0.01598934795256412,LOW,APPROVE,0
0.009076521168832506,LOW,APPROVE,0
0.00555392785535985,LOW,APPROVE,0
0.007915833503012738,LOW,APPROVE,0
0.00489102939734311,LOW,APPROVE,0
0.0008706720748210276,LOW,APPROVE,0
0.004865703978128276,LOW,APPROVE,0
0.003776394965634157,LOW,APPROVE,0
0.007324274073702173,LOW,APPROVE,0
0.07254644678830209,LOW,APPROVE,0
0.0018629971043753334,LOW,APPROVE,0
0.024474423411131437,LOW,APPROVE,0
0.018152143514563245,LOW,APPROVE,1
0.010425020921601677,LOW,APPROVE,0
0.0667162902967212,LOW,APPROVE,0
0.011670615536054748,LOW,APPROVE,0
0.0023541764604975905,LOW,APPROVE,0
0.032292437858239736,LOW,APPROVE,0
0.003970276729725129,LOW,APPROVE,0
0.004609624835001964,LOW,APPROVE,0
0.0008312645447873503,LOW,APPROVE,0
0.013388020957172462,LOW,APPROVE,0
0.005215869380765933,LOW,APPROVE,0
0.01997083139727596,LOW,APPROVE,0
0.013231183652272731,LOW,APPROVE,0
0.0045067478723822395,LOW,APPROVE,0
0.019894219574450363,LOW,APPROVE,0
0.007034858411100665,LOW,APPROVE,0
0.015357127269719415,LOW,APPROVE,0
0.005643226135379661,LOW,APPROVE,0
0.009716262211151972,LOW,APPROVE,0
0.0033882479415552878,LOW,APPROVE,0
0.028021735928381208,LOW,APPROVE,0
0.015989978881155324,LOW,APPROVE,0
0.002109065024842711,LOW,APPROVE,0
0.009058662659201659,LOW,APPROVE,0
0.04111911302677411,LOW,APPROVE,0
0.0019146758631213272,LOW,APPROVE,0
0.0037976218349502645,LOW,APPROVE,0
0.008821492977798452,LOW,APPROVE,0
0.0036646667439193307,LOW,APPROVE,0
0.0002856205698279684,LOW,APPROVE,0
0.18323090299142694,MEDIUM,REVIEW,0
0.0030608423522895116,LOW,APPROVE,0
0.0013810871548262625,LOW,APPROVE,0
0.01004561862476052,LOW,APPROVE,0
0.004013845604506292,LOW,APPROVE,0
0.00041701329156881416,LOW,APPROVE,0
0.006140466742119641,LOW,APPROVE,0
0.005213549652908048,LOW,APPROVE,0
0.02207469734479768,LOW,APPROVE,0
0.008966224687110039,LOW,APPROVE,0
0.00219942224291625,LOW,APPROVE,0
0.004757440919511308,LOW,APPROVE,0
0.0010570074706203482,LOW,APPROVE,0
0.0013822381380825502,LOW,APPROVE,0
0.034135893226202994,LOW,APPROVE,0
0.01048005269992308,LOW,APPROVE,0
0.06312287404271696,LOW,APPROVE,0
0.022279382525737475,LOW,APPROVE,0
0.003874728300413687,LOW,APPROVE,0
0.003578500736700909,LOW,APPROVE,0
0.0011284879288291471,LOW,APPROVE,0
0.06312287404271696,LOW,APPROVE,0
0.008085067072669427,LOW,APPROVE,0
0.11944829608479152,MEDIUM,REVIEW,0
0.008767828090651455,LOW,APPROVE,0
0.00036719934519501365,LOW,APPROVE,0
0.005550270863170428,LOW,APPROVE,0
0.009634758488700426,LOW,APPROVE,0
0.05201340985877975,LOW,APPROVE,0
0.003281169870393413,LOW,APPROVE,0
0.010854698529168098,LOW,APPROVE,0
0.026472642319208935,LOW,APPROVE,0
0.009415383723945908,LOW,APPROVE,0
0.0007150981370000028,LOW,APPROVE,0
0.0031689601677707385,LOW,APPROVE,0
0.0045601133693841936,LOW,APPROVE,0
0.034091312000659985,LOW,APPROVE,0
0.006087760292574363,LOW,APPROVE,0
0.001980418674485982,LOW,APPROVE,0
0.0033953496622794073,LOW,APPROVE,0
0.002771796079679349,LOW,APPROVE,0
0.0018100099322515275,LOW,APPROVE,0
0.0036282466523053837,LOW,APPROVE,0
0.0013359406908165683,LOW,APPROVE,0
0.04607946543886705,LOW,APPROVE,0
0.11944829608479152,MEDIUM,REVIEW,0
0.0020479781008329277,LOW,APPROVE,0
0.003281169870393413,LOW,APPROVE,0
0.03428136925880515,LOW,APPROVE,0
0.007579577637843254,LOW,APPROVE,0
0.0017149705212393333,LOW,APPROVE,0
0.0038020638980235475,LOW,APPROVE,0
0.004931178912351688,LOW,APPROVE,0
0.003906398332497517,LOW,APPROVE,0
0.0047936765318817255,LOW,APPROVE,0
0.0011820040330978144,LOW,APPROVE,0
0.006092068262796844,LOW,APPROVE,0
0.05084166495769847,LOW,APPROVE,0
0.003281169870393413,LOW,APPROVE,0
0.06312287404271696,LOW,APPROVE,0
0.0015805174867423667,LOW,APPROVE,0
0.00487925292166563,LOW,APPROVE,0
0.013719542962612036,LOW,APPROVE,0
0.03924049219769007,LOW,APPROVE,0
0.0071478005045715704,LOW,APPROVE,0
0.0005359691701447371,LOW,APPROVE,0
0.007666314789302407,LOW,APPROVE,0
0.004281876559386275,LOW,APPROVE,0
0.0020226430897021634,LOW,APPROVE,0
0.04021093990693698,LOW,APPROVE,0
0.0007678728021316765,LOW,APPROVE,0
0.01344266102977532,LOW,APPROVE,0
0.06312287404271696,LOW,APPROVE,0
0.04021917945636704,LOW,APPROVE,0
0.009361421010211994,LOW,APPROVE,0
0.02439522735805305,LOW,APPROVE,0
0.010802859967016484,LOW,APPROVE,0
0.029844373280208163,LOW,APPROVE,0
0.004570380150523735,LOW,APPROVE,0
0.0028451794774069605,LOW,APPROVE,0
0.007064260315381065,LOW,APPROVE,0
0.0038925428536355743,LOW,APPROVE,0
0.0006808505317553255,LOW,APPROVE,0
0.005252251568228004,LOW,APPROVE,0
0.009434859905641626,LOW,APPROVE,0
0.0015420564495395883,LOW,APPROVE,0
0.009175912886955892,LOW,APPROVE,0
0.022753079737775007,LOW,APPROVE,0
0.015959706947820663,LOW,APPROVE,0
0.014776257458190533,LOW,APPROVE,0
0.002911032774401251,LOW,APPROVE,0
0.01479885705669498,LOW,APPROVE,0
0.0019753358762520244,LOW,APPROVE,0
0.002026734789923419,LOW,APPROVE,0
0.023513388838922653,LOW,APPROVE,0
0.06380375946989668,LOW,APPROVE,0
0.007573533054961131,LOW,APPROVE,0
0.005012752737146545,LOW,APPROVE,0
0.005361446221130465,LOW,APPROVE,0
0.005076455498084537,LOW,APPROVE,0
0.003696982210828468,LOW,APPROVE,0
0.0038735123616649605,LOW,APPROVE,0
0.004763336207680751,LOW,APPROVE,0
0.0013415769928218557,LOW,APPROVE,0
0.004032530691047188,LOW,APPROVE,0
0.0039784509960991655,LOW,APPROVE,0
0.0011127231737182632,LOW,APPROVE,0
0.002385959593296378,LOW,APPROVE,0
0.009771049409105751,LOW,APPROVE,0
0.00528544597445022,LOW,APPROVE,0
0.00467483903653251,LOW,APPROVE,0
0.028400569134529506,LOW,APPROVE,0
0.0020359132993251275,LOW,APPROVE,0
0.003916002804627472,LOW,APPROVE,0
0.00514450346871353,LOW,APPROVE,0
0.00492650902193996,LOW,APPROVE,0
0.08273135914497252,LOW,APPROVE,0
0.0165200090645249,LOW,APPROVE,0
0.004121046915249261,LOW,APPROVE,0
0.03135767971187152,LOW,APPROVE,0
0.1245262869362306,MEDIUM,REVIEW,0
0.00285001011179822,LOW,APPROVE,0
0.10164079797483327,MEDIUM,REVIEW,0
0.010214165764657852,LOW,APPROVE,0
0.00200294419805996,LOW,APPROVE,0
0.00543250213519773,LOW,APPROVE,0
0.004336365315228542,LOW,APPROVE,0
0.008088135736114542,LOW,APPROVE,0
0.011784929553422809,LOW,APPROVE,0
0.006479199461787492,LOW,APPROVE,0
0.002026734789923419,LOW,APPROVE,0
0.005114974685310105,LOW,APPROVE,0
0.012020188690785366,LOW,APPROVE,0
0.018600684376861992,LOW,APPROVE,0
0.00320956873621854,LOW,APPROVE,0
0.008812831545193363,LOW,APPROVE,0
0.03877605197110798,LOW,APPROVE,0
0.003415004817544717,LOW,APPROVE,0
0.02833332047677019,LOW,APPROVE,1
0.004946736101520103,LOW,APPROVE,0
0.008768016184555439,LOW,APPROVE,0
0.041364486886112675,LOW,APPROVE,0
0.014578617407095287,LOW,APPROVE,0
0.004258002703640796,LOW,APPROVE,0
0.03946945025909303,LOW,APPROVE,0
0.004281867080651004,LOW,APPROVE,0
0.0024356809128269954,LOW,APPROVE,0
0.004027704679243888,LOW,APPROVE,0
0.00871616917230225,LOW,APPROVE,0
0.025029777538006,LOW,APPROVE,0
0.07055444376855388,LOW,APPROVE,0
0.001530266586360552,LOW,APPROVE,0
0.003831305024273559,LOW,APPROVE,0
0.002026734789923419,LOW,APPROVE,0
0.002438106446592147,LOW,APPROVE,0
0.006644780962064384,LOW,APPROVE,0
0.005844254806242707,LOW,APPROVE,0
0.003084527976080921,LOW,APPROVE,0
0.0025512411105899735,LOW,APPROVE,0
0.009601202794727112,LOW,APPROVE,0
0.15233821691239224,MEDIUM,REVIEW,0
0.008668179042942207,LOW,APPROVE,0
0.012724450659039521,LOW,APPROVE,0
0.00670582328423398,LOW,APPROVE,0
0.003614808111588415,LOW,APPROVE,0
0.04587266688403721,LOW,APPROVE,0
0.0030397793467452834,LOW,APPROVE,0
0.008318589287474325,LOW,APPROVE,0
0.07495178577719025,LOW,APPROVE,0
0.012562501093960968,LOW,APPROVE,0
0.0021305357658788623,LOW,APPROVE,0
0.01931619857012597,LOW,APPROVE,0
0.0020847071741181334,LOW,APPROVE,0
0.01135239724531086,LOW,APPROVE,0
0.005341824131806044,LOW,APPROVE,0
0.0024361401591096125,LOW,APPROVE,0
0.0017979215955685323,LOW,APPROVE,0
0.06182556191778804,LOW,APPROVE,0
0.0018811930202860747,LOW,APPROVE,0
0.016131884675012042,LOW,APPROVE,0
0.0014542916397992421,LOW,APPROVE,0
0.004385149349554728,LOW,APPROVE,0
0.0027152219476491426,LOW,APPROVE,0
0.10694753426040676,MEDIUM,REVIEW,0
0.0012194670198745928,LOW,APPROVE,0
0.002141007051105346,LOW,APPROVE,0
0.07976504165828056,LOW,APPROVE,0
0.01014354588433714,LOW,APPROVE,0
0.009961025988457028,LOW,APPROVE,0
0.01407303409026485,LOW,APPROVE,0
0.0017872771238451413,LOW,APPROVE,0
0.10694753426040676,MEDIUM,REVIEW,0
0.030274070927918555,LOW,APPROVE,0
0.04803623919203719,LOW,APPROVE,0
0.0035456693027096173,LOW,APPROVE,0
0.015394334861899337,LOW,APPROVE,0
0.0024097764297698766,LOW,APPROVE,0
0.003281169870393413,LOW,APPROVE,0
0.006839354813045515,LOW,APPROVE,0
0.0016287210859226764,LOW,APPROVE,0
0.001864577090563221,LOW,APPROVE,0
0.017352841925742594,LOW,APPROVE,0
0.1928175134854267,MEDIUM,REVIEW,0
0.007898568252800678,LOW,APPROVE,0
0.22114223544366812,MEDIUM,REVIEW,0
0.010158122733501054,LOW,APPROVE,0
0.0053342348092695075,LOW,APPROVE,0
0.00626376270818939,LOW,APPROVE,0
0.004237938292690585,LOW,APPROVE,0
0.0056590330806790805,LOW,APPROVE,0
0.0006196117519810877,LOW,APPROVE,0
0.004972496602781644,LOW,APPROVE,0
0.024999851785938138,LOW,APPROVE,0
0.009667272886696842,LOW,APPROVE,0
0.00808679026121829,LOW,APPROVE,0
0.0016706696096667778,LOW,APPROVE,0
0.0015885089434203152,LOW,APPROVE,0
0.008777381207961541,LOW,APPROVE,0
0.0032397564504803023,LOW,APPROVE,0
0.017101051059798165,LOW,APPROVE,0
0.009432081666539619,LOW,APPROVE,0
0.0016326520912151633,LOW,APPROVE,0
0.007421483163408769,LOW,APPROVE,0
0.003611352163838189,LOW,APPROVE,0
0.003746982736084393,LOW,APPROVE,0
0.01794524501394763,LOW,APPROVE,0
0.0006521103531144938,LOW,APPROVE,0
0.017247233267029132,LOW,APPROVE,0
0.04356807706516118,LOW,APPROVE,0
0.004737662965972661,LOW,APPROVE,0
0.08080039150947566,LOW,APPROVE,1
0.005848357074692797,LOW,APPROVE,0
0.03932423017705221,LOW,APPROVE,0
0.004298208521053372,LOW,APPROVE,0
0.009213131180636039,LOW,APPROVE,0
0.001547662203465221,LOW,APPROVE,0
0.05009165446379448,LOW,APPROVE,0
0.042864954509897746,LOW,APPROVE,0
0.01616183912827411,LOW,APPROVE,0
0.009692896900482511,LOW,APPROVE,0
0.0019171766758092014,LOW,APPROVE,0
0.014468439059768596,LOW,APPROVE,0
0.011413391210657013,LOW,APPROVE,0
0.17750510352138565,MEDIUM,REVIEW,0
0.001046886100462302,LOW,APPROVE,0
0.008871303174867581,LOW,APPROVE,0
0.004676925143584926,LOW,APPROVE,0
0.015160458161456435,LOW,APPROVE,0
0.04734374098778759,LOW,APPROVE,0
0.10694753426040676,MEDIUM,REVIEW,0
0.004528747571426797,LOW,APPROVE,0
0.014021966480164693,LOW,APPROVE,0
0.006607648587975461,LOW,APPROVE,0
0.0012279818547094963,LOW,APPROVE,0
0.008473166997024969,LOW,APPROVE,0
0.006836642776094828,LOW,APPROVE,0
0.016728181661672423,LOW,APPROVE,0
0.008502618915879724,LOW,APPROVE,0
0.006715345052953076,LOW,APPROVE,0
0.009728718120971971,LOW,APPROVE,0
0.007270251818560455,LOW,APPROVE,0
0.0048134533615416435,LOW,APPROVE,0
0.022173898480385815,LOW,APPROVE,0
0.01213340262798501,LOW,APPROVE,0
0.004884744152045448,LOW,APPROVE,0
0.001997477459664529,LOW,APPROVE,1
0.005431230771534121,LOW,APPROVE,0
0.002827151935556089,LOW,APPROVE,0
0.0006020102448990497,LOW,APPROVE,0
0.010700939116755076,LOW,APPROVE,0
0.007344973870172693,LOW,APPROVE,0
0.007805380007682914,LOW,APPROVE,0
0.00506341045254385,LOW,APPROVE,0
0.004987137412698818,LOW,APPROVE,0
0.0004897304417858263,LOW,APPROVE,0
0.008697813784033833,LOW,APPROVE,0
0.0009674225549436827,LOW,APPROVE,0
0.005368571302420048,LOW,APPROVE,0
0.04249068757909104,LOW,APPROVE,1
0.002138103622679562,LOW,APPROVE,0
0.008608675764989285,LOW,APPROVE,0
0.014814382595856065,LOW,APPROVE,0
0.0655949533400291,LOW,APPROVE,0
0.033353650128780506,LOW,APPROVE,0
0.0023069378508150354,LOW,APPROVE,0
0.001975551918599032,LOW,APPROVE,0
0.010438798654270625,LOW,APPROVE,0
0.020235718550846132,LOW,APPROVE,0
0.010185047418405941,LOW,APPROVE,0
0.0011517800659972734,LOW,APPROVE,0
0.0019171766758092014,LOW,APPROVE,0
0.005976803763007646,LOW,APPROVE,0
0.001689776310360762,LOW,APPROVE,0
0.01044212091023451,LOW,APPROVE,0
0.06031103066758602,LOW,APPROVE,0
0.03717844999713226,LOW,APPROVE,0
0.09211128821750532,LOW,APPROVE,1
0.002525715696799902,LOW,APPROVE,0
0.28258105268591643,MEDIUM,REVIEW,0
0.00247371590960552,LOW,APPROVE,0
0.007311308783612753,LOW,APPROVE,0
0.02043395209728362,LOW,APPROVE,0
0.00660597012700258,LOW,APPROVE,0
0.0005494438061447203,LOW,APPROVE,0
0.0017059624151063294,LOW,APPROVE,0
0.003164096401444187,LOW,APPROVE,0
0.01225164201405461,LOW,APPROVE,0
0.002872050971836192,LOW,APPROVE,0
0.00243835059601415,LOW,APPROVE,0
0.002398489025205931,LOW,APPROVE,0
0.007689551337095181,LOW,APPROVE,0
0.0019258613240157626,LOW,APPROVE,0
0.0055331977565651795,LOW,APPROVE,0
0.006589354662883381,LOW,APPROVE,0
0.0026866401463041026,LOW,APPROVE,0
0.004314491257197033,LOW,APPROVE,0
0.08492383512111872,LOW,APPROVE,0
0.004092367968313663,LOW,APPROVE,0
0.3295577729129392,MEDIUM,REVIEW,0
0.004966852249569839,LOW,APPROVE,0
0.006320650589136461,LOW,APPROVE,0
0.027931471031166315,LOW,APPROVE,0
0.0063569957647671965,LOW,APPROVE,0
0.06480864548670527,LOW,APPROVE,0
0.033906972857956415,LOW,APPROVE,0
0.015925494644892624,LOW,APPROVE,0
0.005353540497049225,LOW,APPROVE,0
0.005091650942140603,LOW,APPROVE,0
0.007826478046046121,LOW,APPROVE,0
0.0021496625410216234,LOW,APPROVE,0
0.00861381614367027,LOW,APPROVE,0
0.011456288674039672,LOW,APPROVE,0
0.0025479248513446584,LOW,APPROVE,0
0.0037952549625221792,LOW,APPROVE,0
0.004972810315331779,LOW,APPROVE,0
0.0015269476647792395,LOW,APPROVE,0
0.053793155747219816,LOW,APPROVE,0
0.0029953869127584596,LOW,APPROVE,0
0.0013022068030179442,LOW,APPROVE,0
0.013430139727231085,LOW,APPROVE,0
0.013280917635989133,LOW,APPROVE,0
0.0025304873890630623,LOW,APPROVE,0
0.003787409125449089,LOW,APPROVE,0
0.01846851513024678,LOW,APPROVE,0
0.009589548904158833,LOW,APPROVE,0
0.027341446207315854,LOW,APPROVE,0
0.008542111623610632,LOW,APPROVE,0
0.00789969002001951,LOW,APPROVE,0
0.009678276452621818,LOW,APPROVE,0
0.006964079153809188,LOW,APPROVE,0
0.0030819456833321513,LOW,APPROVE,0
0.1494408354220919,MEDIUM,REVIEW,0
0.026436055495066266,LOW,APPROVE,0
0.01024973907694137,LOW,APPROVE,0
0.022319801828594735,LOW,APPROVE,0
0.0011501699450165565,LOW,APPROVE,0
0.006053483894521042,LOW,APPROVE,0
0.19160356914769883,MEDIUM,REVIEW,0
0.0036127992686628674,LOW,APPROVE,0
0.04873753018148479,LOW,APPROVE,0
0.01974642574973899,LOW,APPROVE,0
0.015621691287116348,LOW,APPROVE,0
0.0024774290114342222,LOW,APPROVE,0
0.0237796981289038,LOW,APPROVE,0
0.0015108601722798596,LOW,APPROVE,0
0.05885190025397765,LOW,APPROVE,0
0.01794524501394763,LOW,APPROVE,0
0.010599980694384776,LOW,APPROVE,0
0.0014443292419997406,LOW,APPROVE,0
0.005803299108863663,LOW,APPROVE,0
0.020510725107030472,LOW,APPROVE,0
0.001215847997615547,LOW,APPROVE,0
0.0033023178897215125,LOW,APPROVE,0
0.0007264073384651923,LOW,APPROVE,0
0.022128206776922607,LOW,APPROVE,0
0.009541073396334341,LOW,APPROVE,0
0.005361666293927811,LOW,APPROVE,0
0.01573356898602722,LOW,APPROVE,0
0.0003040175984008716,LOW,APPROVE,0
0.0032173890787415803,LOW,APPROVE,0
0.003200717148436836,LOW,APPROVE,0
0.026073082251748456,LOW,APPROVE,0
0.0023722931231768855,LOW,APPROVE,0
0.05660245907609348,LOW,APPROVE,0
0.0021662771883371964,LOW,APPROVE,0
0.0016172065663800923,LOW,APPROVE,0
0.006729903866957672,LOW,APPROVE,0
0.015790839693215233,LOW,APPROVE,0
0.027612278503384758,LOW,APPROVE,0
0.005697989460395301,LOW,APPROVE,0
0.0045976810334990665,LOW,APPROVE,0
0.002349295278074118,LOW,APPROVE,0
0.03425170366869174,LOW,APPROVE,0
0.0008422519292238381,LOW,APPROVE,0
0.003836089745449342,LOW,APPROVE,0
0.016728181661672423,LOW,APPROVE,0
0.005252251568228004,LOW,APPROVE,0
0.010220931263596047,LOW,APPROVE,0
0.016577074067967483,LOW,APPROVE,0
0.26863403823591103,MEDIUM,REVIEW,0
0.02023872585863029,LOW,APPROVE,0
0.001509668649774001,LOW,APPROVE,0
0.0010417244391292383,LOW,APPROVE,0
0.007847446309452619,LOW,APPROVE,0
0.00344961639220159,LOW,APPROVE,0
0.0018063954008589666,LOW,APPROVE,0
0.003756211429808345,LOW,APPROVE,0
0.0018063954008589666,LOW,APPROVE,0
0.003855115351173624,LOW,APPROVE,0
0.0021021381420766915,LOW,APPROVE,0
0.006958787252882168,LOW,APPROVE,0
0.003534108124075153,LOW,APPROVE,0
0.11709432863054245,MEDIUM,REVIEW,0
0.00336964995347847,LOW,APPROVE,0
0.0025090374102383745,LOW,APPROVE,0
0.012085266604141007,LOW,APPROVE,0
0.002095464749244881,LOW,APPROVE,0
0.15573556162676958,MEDIUM,REVIEW,0
0.007259254161328328,LOW,APPROVE,0
0.005450125172581132,LOW,APPROVE,0
0.005030631928280422,LOW,APPROVE,0
0.00824717762514946,LOW,APPROVE,0
0.0049979719548698875,LOW,APPROVE,0
0.0014936938593636676,LOW,APPROVE,0
0.15573556162676958,MEDIUM,REVIEW,0
0.009621919787772031,LOW,APPROVE,0
0.15517665232277714,MEDIUM,REVIEW,0
0.008266608342883456,LOW,APPROVE,0
0.0011165047152204592,LOW,APPROVE,0
0.003836089745449342,LOW,APPROVE,0
0.006650892852112152,LOW,APPROVE,0
0.0037354795469827307,LOW,APPROVE,0
0.006636799481048872,LOW,APPROVE,0
0.030898001902134768,LOW,APPROVE,0
0.08385602365077131,LOW,APPROVE,0
0.15573556162676958,MEDIUM,REVIEW,0
0.003331958036774777,LOW,APPROVE,0
0.005218636359856268,LOW,APPROVE,0
0.014486700459594826,LOW,APPROVE,0
0.016117777278298162,LOW,APPROVE,0
0.002167748676484533,LOW,APPROVE,0
0.008027652468099925,LOW,APPROVE,0
0.011528438291708576,LOW,APPROVE,0
0.0013478702759832418,LOW,APPROVE,0
0.006838874489853816,LOW,APPROVE,0
0.0065911350982540825,LOW,APPROVE,0
0.0222889699574295,LOW,APPROVE,0
0.014144114785512907,LOW,APPROVE,0
0.01612392161939148,LOW,APPROVE,0
0.016190767060354213,LOW,APPROVE,0
0.01790968059385589,LOW,APPROVE,0
0.003985667492585709,LOW,APPROVE,0
0.0065937381757416,LOW,APPROVE,0
0.008197066777576393,LOW,APPROVE,0
0.0034736569848715267,LOW,APPROVE,0
0.0030668317649732726,LOW,APPROVE,0
0.050135631931844525,LOW,APPROVE,0
0.003087107120312079,LOW,APPROVE,0
0.01781700185255904,LOW,APPROVE,0
0.0013206328346716514,LOW,APPROVE,0
0.0028399132457862875,LOW,APPROVE,0
0.0017011694912226726,LOW,APPROVE,0
0.014233023923716602,LOW,APPROVE,0
0.15573556162676958,MEDIUM,REVIEW,0
0.0818780024789175,LOW,APPROVE,0
0.0055881626352945165,LOW,APPROVE,0
0.15573556162676958,MEDIUM,REVIEW,0
0.006819987582572943,LOW,APPROVE,0
0.03132206656027455,LOW,APPROVE,0
0.0056253078141749605,LOW,APPROVE,0
0.0059410249164348694,LOW,APPROVE,0
0.004102137329084412,LOW,APPROVE,0
0.15573556162676958,MEDIUM,REVIEW,0
0.005797178160588443,LOW,APPROVE,0
0.031072757775470392,LOW,APPROVE,0
0.004825549506525023,LOW,APPROVE,0
0.020463644334967508,LOW,APPROVE,0
0.007922605335922551,LOW,APPROVE,0
0.012442047718636952,LOW,APPROVE,0
0.06182110352996205,LOW,APPROVE,0
0.010713363577651134,LOW,APPROVE,0
0.0055847085657805984,LOW,APPROVE,0
0.011976701684093326,LOW,APPROVE,0
0.008174910668125132,LOW,APPROVE,0
0.033285709514236615,LOW,APPROVE,0
0.024879793076104727,LOW,APPROVE,0
0.021108705706266318,LOW,APPROVE,0
0.15607364201244234,MEDIUM,REVIEW,0
0.031198359338876113,LOW,APPROVE,0
0.004452384567504093,LOW,APPROVE,0
0.016612006481531907,LOW,APPROVE,0
0.0029431869208154634,LOW,APPROVE,0
0.0030571395597351835,LOW,APPROVE,0
0.04972186419030179,LOW,APPROVE,1
0.009539815711724657,LOW,APPROVE,0
0.011969112245708676,LOW,APPROVE,0
0.04392046628996497,LOW,APPROVE,0
0.036519622395996966,LOW,APPROVE,0
0.0016290728895034406,LOW,APPROVE,0
0.004112032073947182,LOW,APPROVE,0
0.05911477404729687,LOW,APPROVE,0
0.010036875103602388,LOW,APPROVE,0
0.012981652807077457,LOW,APPROVE,0
0.010913538607268836,LOW,APPROVE,0
0.0006951380691353071,LOW,APPROVE,0
0.00497175055560137,LOW,APPROVE,0
0.027260862245425305,LOW,APPROVE,0
0.7906432440496772,HIGH,BLOCK,1
0.012970838056898061,LOW,APPROVE,0
0.06065972449731247,LOW,APPROVE,1
0.0013307512993648097,LOW,APPROVE,0
0.004919619127452585,LOW,APPROVE,0
0.010854887333668144,LOW,APPROVE,0
0.008919414767521746,LOW,APPROVE,0
0.0022004352070101774,LOW,APPROVE,0
0.00907571626999528,LOW,APPROVE,1
0.08109747451446851,LOW,APPROVE,0
0.0021924336752473066,LOW,APPROVE,0
0.0016865628157974098,LOW,APPROVE,0
0.010885803523039153,LOW,APPROVE,0
0.03544064663587246,LOW,APPROVE,1
0.011920499132792056,LOW,APPROVE,0
0.007638690753668929,LOW,APPROVE,0
0.04090948263673403,LOW,APPROVE,0
0.13921917996085803,MEDIUM,REVIEW,1
0.04600598819020379,LOW,APPROVE,0
0.004035960663885529,LOW,APPROVE,0
0.0105815305703692,LOW,APPROVE,1
0.0047562285167082954,LOW,APPROVE,0
0.004667790053133446,LOW,APPROVE,0
0.010932217938474856,LOW,APPROVE,0
0.0104077298434936,LOW,APPROVE,0
0.007941774190583856,LOW,APPROVE,0
0.1194865384491423,MEDIUM,REVIEW,0
0.0366441367490498,LOW,APPROVE,0
0.002988827915977805,LOW,APPROVE,0
0.005202073195063158,LOW,APPROVE,0
0.04090948263673403,LOW,APPROVE,0
0.013457644759686225,LOW,APPROVE,0
0.0026347863663803046,LOW,APPROVE,0
0.005529179070950494,LOW,APPROVE,0
0.0027818752192560873,LOW,APPROVE,0
0.007888445430142646,LOW,APPROVE,0
0.08274998615510745,LOW,APPROVE,0
0.008239174172021907,LOW,APPROVE,0
0.02670625651910875,LOW,APPROVE,0
0.08274998615510745,LOW,APPROVE,0
0.0037448702475341334,LOW,APPROVE,0
0.003548452898760154,LOW,APPROVE,0
0.03340698243041686,LOW,APPROVE,0
0.0013488859608590236,LOW,APPROVE,0
0.007027722422220728,LOW,APPROVE,0
0.08274998615510745,LOW,APPROVE,0
0.0036819905980091496,LOW,APPROVE,0
0.006687595752660584,LOW,APPROVE,0
0.026786826903838372,LOW,APPROVE,0
0.011232950422977983,LOW,APPROVE,0
0.03570109276335818,LOW,APPROVE,0
0.04733566421998816,LOW,APPROVE,1
0.009248394797770006,LOW,APPROVE,0
0.13511047868865908,MEDIUM,REVIEW,0
0.008389383278382843,LOW,APPROVE,0
0.005622637663301601,LOW,APPROVE,0
0.007007684748570238,LOW,APPROVE,0
0.0050014722277724345,LOW,APPROVE,0
0.03148961091010644,LOW,APPROVE,0
0.00241044668809765,LOW,APPROVE,0
0.010866749053168761,LOW,APPROVE,0
0.12119789247068298,MEDIUM,REVIEW,0
0.01241990714207296,LOW,APPROVE,0
0.06655583442864253,LOW,APPROVE,0
0.0012920639234082422,LOW,APPROVE,0
0.01024973907694137,LOW,APPROVE,0
0.018044300467770807,LOW,APPROVE,0
0.005634995991787924,LOW,APPROVE,0
0.002928361311560167,LOW,APPROVE,0
0.007003270293018009,LOW,APPROVE,0
0.016155031150069343,LOW,APPROVE,0
0.0019747890189285707,LOW,APPROVE,0
0.005482091629400142,LOW,APPROVE,0
0.018780374212843762,LOW,APPROVE,0
0.01532101040188573,LOW,APPROVE,0
0.0034494400231978484,LOW,APPROVE,0
0.008716616901937993,LOW,APPROVE,0
0.004884831564585225,LOW,APPROVE,0
0.0030651282125870854,LOW,APPROVE,0
0.00031107631263701526,LOW,APPROVE,0
0.0018724782490053156,LOW,APPROVE,0
0.0010459149705508428,LOW,APPROVE,0
0.033759274780991895,LOW,APPROVE,0
0.0012834858104965943,LOW,APPROVE,0
0.0005271801998938812,LOW,APPROVE,0
0.02150570800651793,LOW,APPROVE,0
0.0037764938755311646,LOW,APPROVE,0
0.0033870249915117128,LOW,APPROVE,0
0.011012158217761721,LOW,APPROVE,0
0.005891879513064593,LOW,APPROVE,0
0.005179991916979261,LOW,APPROVE,0
0.006711425262143568,LOW,APPROVE,0
0.0015339645167320476,LOW,APPROVE,0
0.006229187877978071,LOW,APPROVE,0
0.004874541838297476,LOW,APPROVE,0
0.0033341367386888116,LOW,APPROVE,0
0.0030389612486330453,LOW,APPROVE,0
0.0021566601219150925,LOW,APPROVE,0
0.028120507483910928,LOW,APPROVE,0
0.006600470973830311,LOW,APPROVE,0
0.0027864427506098695,LOW,APPROVE,0
0.017673741666028787,LOW,APPROVE,0
0.00493552267028163,LOW,APPROVE,0
0.004549446244926038,LOW,APPROVE,0
0.008072274926187747,LOW,APPROVE,0
0.01124609208211421,LOW,APPROVE,0
0.0006958173296476422,LOW,APPROVE,0
0.007499941242781434,LOW,APPROVE,0
0.0025555530856565156,LOW,APPROVE,0
0.010690999386457446,LOW,APPROVE,0
0.002028575003463189,LOW,APPROVE,0
0.010009562750139485,LOW,APPROVE,0
0.024376066581471578,LOW,APPROVE,0
0.002014675810539004,LOW,APPROVE,0
0.004346039007937703,LOW,APPROVE,0
0.0028233205823514486,LOW,APPROVE,0
0.006364920648009252,LOW,APPROVE,0
0.0014912123467457571,LOW,APPROVE,0
0.003946219958151256,LOW,APPROVE,0
0.017255222634652352,LOW,APPROVE,0
0.013907655013396417,LOW,APPROVE,0
0.0027469146977543964,LOW,APPROVE,0
0.0008119267789015133,LOW,APPROVE,0
0.0042141518042071915,LOW,APPROVE,0
0.002014675810539004,LOW,APPROVE,0
0.01381034453998478,LOW,APPROVE,0
0.006908833674224333,LOW,APPROVE,0
0.004709681141105465,LOW,APPROVE,0
0.002378301682812908,LOW,APPROVE,0
0.3783087849953059,MEDIUM,REVIEW,0
0.001718644842433998,LOW,APPROVE,0
0.00458129007826859,LOW,APPROVE,0
0.09350745051553615,LOW,APPROVE,0
0.01451589879900048,LOW,APPROVE,0
0.0020683451431370856,LOW,APPROVE,0
0.018826633484765553,LOW,APPROVE,0
0.11869189768862297,MEDIUM,REVIEW,0
0.002014675810539004,LOW,APPROVE,0
0.0014761885032776008,LOW,APPROVE,0
0.003002121439926326,LOW,APPROVE,0
0.011399886618759278,LOW,APPROVE,0
0.003325734296879334,LOW,APPROVE,0
0.014390843727488436,LOW,APPROVE,0
0.0002593213497931548,LOW,APPROVE,0
0.008333572340712084,LOW,APPROVE,0
0.0022233637045020087,LOW,APPROVE,0
0.10070123552258847,MEDIUM,REVIEW,0
0.004837170985571623,LOW,APPROVE,0
0.011059603259944057,LOW,APPROVE,0
0.005886031277281523,LOW,APPROVE,0
0.06905007008978227,LOW,APPROVE,0
0.011417453027563052,LOW,APPROVE,0
0.004363395016800149,LOW,APPROVE,0
0.005402470272225417,LOW,APPROVE,0
0.015992923069950826,LOW,APPROVE,0
0.033301112156516335,LOW,APPROVE,0
0.012333316003901045,LOW,APPROVE,0
0.011460409445112701,LOW,APPROVE,0
0.029641918568055554,LOW,APPROVE,0
0.004706395698060288,LOW,APPROVE,0
0.007188473674830869,LOW,APPROVE,0
0.1017943527640177,MEDIUM,REVIEW,0
0.008065719473430601,LOW,APPROVE,0
0.003900161287724161,LOW,APPROVE,0
0.013848131193048731,LOW,APPROVE,0
0.0014187798628977834,LOW,APPROVE,0
0.01476791927390386,LOW,APPROVE,0
0.0014187798628977834,LOW,APPROVE,0
0.010934518833235523,LOW,APPROVE,0
0.0864567551930675,LOW,APPROVE,0
0.0014561452941430156,LOW,APPROVE,0
0.0012519110887736985,LOW,APPROVE,0
0.012335014998744705,LOW,APPROVE,0
0.005890155804754471,LOW,APPROVE,0
0.02697182868820509,LOW,APPROVE,0
0.007573359000581674,LOW,APPROVE,0
0.10070123552258847,MEDIUM,REVIEW,0
0.005675827084720701,LOW,APPROVE,0
0.045405722217956315,LOW,APPROVE,0
0.003678141302945308,LOW,APPROVE,0
0.00834876611454354,LOW,APPROVE,0
0.004787675808746496,LOW,APPROVE,0
0.005918466360047589,LOW,APPROVE,0
0.014178702899472102,LOW,APPROVE,0
0.0037628739022545596,LOW,APPROVE,0
0.004707405089298804,LOW,APPROVE,0
0.0008677386209437591,LOW,APPROVE,0
0.03131499661500288,LOW,APPROVE,0
0.003966476117770355,LOW,APPROVE,0
0.00652973081097396,LOW,APPROVE,0
0.002967491156082723,LOW,APPROVE,0
0.15009380184244228,MEDIUM,REVIEW,0
0.018528583177334367,LOW,APPROVE,0
0.0012920267814927578,LOW,APPROVE,0
0.0006638370863379598,LOW,APPROVE,0
0.0012978830916149408,LOW,APPROVE,0
0.018013029578354312,LOW,APPROVE,0
0.011710296193030862,LOW,APPROVE,0
0.004512432900545313,LOW,APPROVE,0
0.013481863202976788,LOW,APPROVE,0
0.04656202190709356,LOW,APPROVE,0
0.002324914180065945,LOW,APPROVE,0
0.09476869922349174,LOW,APPROVE,0
0.006167457803053589,LOW,APPROVE,0
0.014083572318907228,LOW,APPROVE,0
0.005689918964455747,LOW,APPROVE,0
0.013944438853070984,LOW,APPROVE,0
0.021912254731210765,LOW,APPROVE,0
0.07169026088521802,LOW,APPROVE,0
0.0034208574865407675,LOW,APPROVE,0
0.013729618692104026,LOW,APPROVE,0
0.00672349205014319,LOW,APPROVE,0
0.0016956018880763368,LOW,APPROVE,0
0.0017792405559109315,LOW,APPROVE,0
0.0008614266993217199,LOW,APPROVE,0
0.010479561789597917,LOW,APPROVE,0
0.012370116381449464,LOW,APPROVE,0
0.002974502560935602,LOW,APPROVE,0
0.0023103718478166154,LOW,APPROVE,0
0.0008381487124325447,LOW,APPROVE,0
0.005664888002916928,LOW,APPROVE,0
0.020347453339478797,LOW,APPROVE,0
0.03417753024630877,LOW,APPROVE,0
0.0017792405559109315,LOW,APPROVE,0
0.005280236380311104,LOW,APPROVE,0
0.0024843648853915194,LOW,APPROVE,0
0.0022366660369899736,LOW,APPROVE,0
0.013968308426859392,LOW,APPROVE,1
0.030045670125802212,LOW,APPROVE,0
0.020347453339478797,LOW,APPROVE,0
0.0014953374760611144,LOW,APPROVE,0
0.033774348829389185,LOW,APPROVE,0
0.003520518321834337,LOW,APPROVE,0
0.008953674030999328,LOW,APPROVE,0
0.011842684517907666,LOW,APPROVE,0
0.013720761612997115,LOW,APPROVE,0
0.0049763357088837765,LOW,APPROVE,0
0.020347453339478797,LOW,APPROVE,0
0.010049452196805997,LOW,APPROVE,0
0.00540397608224944,LOW,APPROVE,0
0.0167073372370199,LOW,APPROVE,0
0.1642056700500045,MEDIUM,REVIEW,0
0.35050820807393346,MEDIUM,REVIEW,1
0.1574628374677879,MEDIUM,REVIEW,0
0.003047352117844491,LOW,APPROVE,0
0.0015509498122189514,LOW,APPROVE,0
0.011130771967977255,LOW,APPROVE,0
0.0028723946210774485,LOW,APPROVE,0
0.01299981115132054,LOW,APPROVE,0
0.008412202000748773,LOW,APPROVE,0
0.11109415109627048,MEDIUM,REVIEW,1
0.001484812028152314,LOW,APPROVE,0
0.012258998410145314,LOW,APPROVE,0
0.002485365039072155,LOW,APPROVE,0
0.20186221223279763,MEDIUM,REVIEW,1
0.011576161863873335,LOW,APPROVE,0
0.004493181126358677,LOW,APPROVE,0
0.01641680119821331,LOW,APPROVE,0
0.009461233121626233,LOW,APPROVE,0
0.011469198918103737,LOW,APPROVE,0
0.01326335190555789,LOW,APPROVE,0
0.004897745676102899,LOW,APPROVE,0
0.009754717296563105,LOW,APPROVE,0
0.0026663832464950254,LOW,APPROVE,0
0.015698147324288394,LOW,APPROVE,0
0.006165109304494126,LOW,APPROVE,0
0.017018303836483922,LOW,APPROVE,0
0.0011075040324741146,LOW,APPROVE,0
0.11452364208599017,MEDIUM,REVIEW,0
0.004436352072903893,LOW,APPROVE,0
0.015698147324288394,LOW,APPROVE,0
0.0031785172721993274,LOW,APPROVE,0
0.013526739864206756,LOW,APPROVE,0
0.01371561634347166,LOW,APPROVE,0
0.0017387414008344754,LOW,APPROVE,0
0.006078828540251899,LOW,APPROVE,0
0.005644684786149335,LOW,APPROVE,0
0.012981622154138884,LOW,APPROVE,0
0.0152112180075946,LOW,APPROVE,0
0.021273992404416815,LOW,APPROVE,0
0.019993851051968957,LOW,APPROVE,0
0.0038185043721284616,LOW,APPROVE,0
0.0026598105871035865,LOW,APPROVE,0
0.01253404663692276,LOW,APPROVE,0
0.0023127882425440197,LOW,APPROVE,0
0.0038259308027044693,LOW,APPROVE,0
0.006185183004356076,LOW,APPROVE,0
0.010146034747075048,LOW,APPROVE,0
0.005212079070667995,LOW,APPROVE,0
0.0024819318001974952,LOW,APPROVE,0
0.010777975936757521,LOW,APPROVE,0
0.0023127882425440197,LOW,APPROVE,0
0.0014571545787691938,LOW,APPROVE,0
0.002983299663943094,LOW,APPROVE,0
0.005496338779196835,LOW,APPROVE,0
0.06951107697327587,LOW,APPROVE,0
0.0024504915986252656,LOW,APPROVE,0
0.004840557801472643,LOW,APPROVE,0
0.0024504915986252656,LOW,APPROVE,0
0.014417117956936702,LOW,APPROVE,0
0.06625256190814778,LOW,APPROVE,0
0.013124632384646001,LOW,APPROVE,0
0.009763475141672235,LOW,APPROVE,0
0.010391914860893608,LOW,APPROVE,0
0.008974271254961327,LOW,APPROVE,0
0.15402686623220138,MEDIUM,REVIEW,0
0.0023127882425440197,LOW,APPROVE,0
0.028603986255614815,LOW,APPROVE,0
0.007888857568976415,LOW,APPROVE,0
0.1037403920174868,MEDIUM,REVIEW,1
0.009571923849351714,LOW,APPROVE,0
0.0023127882425440197,LOW,APPROVE,0
0.0028976051111620584,LOW,APPROVE,0
0.0023127882425440197,LOW,APPROVE,0
0.008940713758419427,LOW,APPROVE,0
0.020774329039255475,LOW,APPROVE,0
0.014982268338117104,LOW,APPROVE,0
0.04837928668508596,LOW,APPROVE,0
0.02452862770530837,LOW,APPROVE,0
0.006500305055727694,LOW,APPROVE,0
0.0023127882425440197,LOW,APPROVE,0
0.003276695044226397,LOW,APPROVE,0
0.012906778052524184,LOW,APPROVE,0
0.004153904684285147,LOW,APPROVE,0
0.01254494391544144,LOW,APPROVE,0
0.0023127882425440197,LOW,APPROVE,0
0.03555830709329719,LOW,APPROVE,0
0.006945123982064983,LOW,APPROVE,0
0.0681765113783117,LOW,APPROVE,0
0.0010391497509772063,LOW,APPROVE,0
0.0023127882425440197,LOW,APPROVE,0
0.011071121729200589,LOW,APPROVE,0
0.005088456241307104,LOW,APPROVE,0
0.04189104984023214,LOW,APPROVE,0
0.002176288497792744,LOW,APPROVE,0
0.0055124436229406,LOW,APPROVE,0
0.0031995013674979227,LOW,APPROVE,0
0.002728423016867799,LOW,APPROVE,0
0.02600996903768055,LOW,APPROVE,0
0.0023318413998866393,LOW,APPROVE,0
0.003572615043565638,LOW,APPROVE,0
0.017153688584497406,LOW,APPROVE,0
0.0245748437339162,LOW,APPROVE,0
0.001955518885667394,LOW,APPROVE,0
0.007346865238790946,LOW,APPROVE,0
0.005345574345282867,LOW,APPROVE,0
0.0012299062499600533,LOW,APPROVE,0
0.009029824846868111,LOW,APPROVE,0
0.008271206092462463,LOW,APPROVE,0
0.0023127882425440197,LOW,APPROVE,0
0.005765946816381897,LOW,APPROVE,0
0.0028123605422096013,LOW,APPROVE,0
0.013859682567250708,LOW,APPROVE,0
0.08627694366792543,LOW,APPROVE,0
0.0034148327896365667,LOW,APPROVE,0
0.017277777979172477,LOW,APPROVE,0
0.003828733200658792,LOW,APPROVE,0
0.002687452500678962,LOW,APPROVE,0
0.0023169665743659885,LOW,APPROVE,0
0.10445573123018516,MEDIUM,REVIEW,0
0.017504297002429357,LOW,APPROVE,0
0.011057594717280936,LOW,APPROVE,0
0.007151300427929984,LOW,APPROVE,0
0.003828733200658792,LOW,APPROVE,0
0.009256866555606893,LOW,APPROVE,0
0.004618694747483691,LOW,APPROVE,0
0.01602122168612978,LOW,APPROVE,0
0.0028321795094582033,LOW,APPROVE,0
0.012779032341728962,LOW,APPROVE,0
0.002489074964630146,LOW,APPROVE,0
0.006086235129587256,LOW,APPROVE,0
0.0012524509135066158,LOW,APPROVE,0
0.020378599936779516,LOW,APPROVE,0
0.0532714168903537,LOW,APPROVE,0
0.008951508504583101,LOW,APPROVE,0
0.008815496546933704,LOW,APPROVE,0
0.007424633740626196,LOW,APPROVE,0
0.012143534172999605,LOW,APPROVE,0
0.0089088080004127,LOW,APPROVE,0
0.06405269281969857,LOW,APPROVE,0
0.0041251288741616585,LOW,APPROVE,0
0.008839548135154227,LOW,APPROVE,0
0.003139062144027812,LOW,APPROVE,0
0.015328439472805582,LOW,APPROVE,0
0.008658917916543276,LOW,APPROVE,0
0.005831534125098838,LOW,APPROVE,0
0.011044562266944263,LOW,APPROVE,0
0.01508560775144151,LOW,APPROVE,0
0.004309828737847241,LOW,APPROVE,0
0.011229503289154506,LOW,APPROVE,0
0.008511347973524824,LOW,APPROVE,0
0.25722517790226235,MEDIUM,REVIEW,0
0.051438835504959514,LOW,APPROVE,0
0.002607238887260988,LOW,APPROVE,0
0.014665408988720473,LOW,APPROVE,0
0.0043316470903829556,LOW,APPROVE,0
0.0066857407408456165,LOW,APPROVE,0
0.0053021545610928995,LOW,APPROVE,0
0.009114676380527787,LOW,APPROVE,0
0.0038031306296689676,LOW,APPROVE,0
0.15654943802035165,MEDIUM,REVIEW,0
0.0071150873380907385,LOW,APPROVE,0
0.002171420334750044,LOW,APPROVE,0
0.0016514666146396188,LOW,APPROVE,0
0.005864241733055232,LOW,APPROVE,0
0.15654943802035165,MEDIUM,REVIEW,0
0.008173271138974076,LOW,APPROVE,0
0.011856193287360635,LOW,APPROVE,0
0.008335707151205216,LOW,APPROVE,0
0.008283144720073719,LOW,APPROVE,0
0.008114984604267978,LOW,APPROVE,0
0.01436528350967581,LOW,APPROVE,0
0.008175620755000947,LOW,APPROVE,0
0.001677796982962182,LOW,APPROVE,0
0.005760825775503051,LOW,APPROVE,0
0.023800413190122476,LOW,APPROVE,0
0.09541423773597507,LOW,APPROVE,0
0.0030566297054907157,LOW,APPROVE,0
0.0072412631431045095,LOW,APPROVE,0
0.01580154992209779,LOW,APPROVE,0
0.0023127882425440197,LOW,APPROVE,0
0.00122250282954364,LOW,APPROVE,0
0.019232211338253508,LOW,APPROVE,0
0.014849358812687964,LOW,APPROVE,0
0.09617830350478279,LOW,APPROVE,0
0.014849358812687964,LOW,APPROVE,0
0.0014387624865703178,LOW,APPROVE,0
0.025712610559827893,LOW,APPROVE,0
0.009098550841157179,LOW,APPROVE,0
0.019206243075441918,LOW,APPROVE,0
0.0069613983846660765,LOW,APPROVE,0
0.0036908807360430196,LOW,APPROVE,0
0.0036908807360430196,LOW,APPROVE,0
0.0007167791578422003,LOW,APPROVE,0
0.059302746289485266,LOW,APPROVE,0
0.09617830350478279,LOW,APPROVE,0
0.007289144688214458,LOW,APPROVE,0
0.008679562325809386,LOW,APPROVE,0
0.0037509241707039875,LOW,APPROVE,0
0.0010917507062718397,LOW,APPROVE,0
0.020054158837184526,LOW,APPROVE,0
0.008475833247915867,LOW,APPROVE,0
0.21612864528648434,MEDIUM,REVIEW,0
0.0024255389700820365,LOW,APPROVE,0
0.02745822710210719,LOW,APPROVE,0
0.02013959166428034,LOW,APPROVE,0
0.0028949331827613765,LOW,APPROVE,0
0.011897989471964417,LOW,APPROVE,0
0.024637197159550654,LOW,APPROVE,0
0.03880554498868131,LOW,APPROVE,0
0.02073607771242059,LOW,APPROVE,0
0.002274566012255866,LOW,APPROVE,0
0.0037068441070324796,LOW,APPROVE,0
0.030149031610868546,LOW,APPROVE,0
0.03972418273699717,LOW,APPROVE,0
0.061117827152647713,LOW,APPROVE,0
0.0004349481043873114,LOW,APPROVE,0
0.008181888615342478,LOW,APPROVE,0
0.012889892698565357,LOW,APPROVE,0
0.03215506857822951,LOW,APPROVE,0
0.005514247539664813,LOW,APPROVE,0
0.041569022527913044,LOW,APPROVE,0
0.0029323380873949203,LOW,APPROVE,0
0.0055608241408871524,LOW,APPROVE,0
0.012790238463177372,LOW,APPROVE,0
0.002259687042170711,LOW,APPROVE,0
0.009112593079644871,LOW,APPROVE,0
0.033800246736216885,LOW,APPROVE,0
0.0087626543318722,LOW,APPROVE,0
0.03199262734199614,LOW,APPROVE,0
0.017180452207375026,LOW,APPROVE,0
0.0013439362674370356,LOW,APPROVE,0
0.002443145125762128,LOW,APPROVE,0
0.00934986017339201,LOW,APPROVE,0
0.014553154686254847,LOW,APPROVE,0
0.006277655075115407,LOW,APPROVE,0
0.010080401302125487,LOW,APPROVE,0
0.012988388738886233,LOW,APPROVE,0
0.008845871886998313,LOW,APPROVE,0
0.0017863683033977522,LOW,APPROVE,0
0.008451100877795917,LOW,APPROVE,0
0.01800040914560288,LOW,APPROVE,0
0.013298591167866672,LOW,APPROVE,0
0.0010817077295659418,LOW,APPROVE,0
0.013718684905827087,LOW,APPROVE,0
0.00476008980964828,LOW,APPROVE,0
0.0077525651655322905,LOW,APPROVE,0
0.0071030622653122525,LOW,APPROVE,0
0.001847268939885366,LOW,APPROVE,0
0.005040059736501872,LOW,APPROVE,0
0.006246546799693274,LOW,APPROVE,0
0.0077525651655322905,LOW,APPROVE,0
0.038108742576394294,LOW,APPROVE,0
0.011417317467577976,LOW,APPROVE,0
0.07309892231818738,LOW,APPROVE,0
0.0076545151221828105,LOW,APPROVE,0
0.011224648816140366,LOW,APPROVE,0
0.07187093053429565,LOW,APPROVE,0
0.032979050055455844,LOW,APPROVE,0
0.015139368797007871,LOW,APPROVE,0
0.014211593216393027,LOW,APPROVE,0
0.029698384319721015,LOW,APPROVE,0
0.01070634388641796,LOW,APPROVE,0
0.014316101444111573,LOW,APPROVE,0
0.0034205541690931268,LOW,APPROVE,0
0.021149391347386106,LOW,APPROVE,0
0.0008924589896612596,LOW,APPROVE,0
0.026748089442525116,LOW,APPROVE,0
0.0072305752554441445,LOW,APPROVE,0
0.007158606521246689,LOW,APPROVE,0
0.01844690606353631,LOW,APPROVE,0
0.0008324948098957695,LOW,APPROVE,0
0.0009968349055660406,LOW,APPROVE,0
0.022008336398659775,LOW,APPROVE,0
0.042256940059896976,LOW,APPROVE,0
0.008845871886998313,LOW,APPROVE,0
0.0015487883588538459,LOW,APPROVE,0
0.01119160821670461,LOW,APPROVE,0
0.02462059311131911,LOW,APPROVE,0
0.008323894354958037,LOW,APPROVE,0
0.0022314394425820513,LOW,APPROVE,0
0.020107330446697744,LOW,APPROVE,0
0.01804477560944729,LOW,APPROVE,0
0.003966716126022795,LOW,APPROVE,0
0.05474179697696036,LOW,APPROVE,0
0.02290614049017705,LOW,APPROVE,0
0.003332682554381525,LOW,APPROVE,0
0.002819030255719573,LOW,APPROVE,0
0.01724826754965998,LOW,APPROVE,0
0.0006018781209665993,LOW,APPROVE,0
0.00537916777884743,LOW,APPROVE,0
0.2137322204353601,MEDIUM,REVIEW,0
0.00691375120080787,LOW,APPROVE,0
0.019270954234613943,LOW,APPROVE,0
0.07385781557281682,LOW,APPROVE,0
0.0006676683064524706,LOW,APPROVE,0
0.0011242730115793062,LOW,APPROVE,0
0.013075860453199974,LOW,APPROVE,0
0.01294085705286321,LOW,APPROVE,0
0.03549055328924667,LOW,APPROVE,0
0.003963308105316129,LOW,APPROVE,0
0.005194331398295783,LOW,APPROVE,0
0.00034317381626732457,LOW,APPROVE,0
0.008671916310747535,LOW,APPROVE,0
0.054713646983862385,LOW,APPROVE,0
0.0032770974971350667,LOW,APPROVE,0
0.12223053882685578,MEDIUM,REVIEW,0
0.014041303662855439,LOW,APPROVE,0
0.007385073924122496,LOW,APPROVE,0
0.0014096031481562205,LOW,APPROVE,0
0.007565605231677981,LOW,APPROVE,0
0.001302043942572438,LOW,APPROVE,0
0.007877237270645187,LOW,APPROVE,0
0.00037494410361649705,LOW,APPROVE,0
0.00436410966546101,LOW,APPROVE,0
0.1918903544441794,MEDIUM,REVIEW,0
0.01941644151314274,LOW,APPROVE,0
0.009934222557343865,LOW,APPROVE,0
0.0627821037948654,LOW,APPROVE,0
0.008825872605848429,LOW,APPROVE,0
0.0034680070256251456,LOW,APPROVE,0
0.025204813234135454,LOW,APPROVE,0
0.002615900364144187,LOW,APPROVE,0
0.00717605379409406,LOW,APPROVE,0
0.02085257088687813,LOW,APPROVE,0
0.0040173066643024065,LOW,APPROVE,0
0.0012125908696692304,LOW,APPROVE,0
0.002615900364144187,LOW,APPROVE,0
0.05549115186993344,LOW,APPROVE,0
0.00831945704577085,LOW,APPROVE,0
0.37271176752351876,MEDIUM,REVIEW,0
0.09022736078928593,LOW,APPROVE,0
0.0019989849978414792,LOW,APPROVE,0
0.003462199740561137,LOW,APPROVE,0
0.0019231913816139157,LOW,APPROVE,0
0.02925670500712545,LOW,APPROVE,0
0.17374642713795668,MEDIUM,REVIEW,0
0.03618699908398827,LOW,APPROVE,0
0.007714669064209406,LOW,APPROVE,0
0.16197386609550254,MEDIUM,REVIEW,0
0.008501177933357956,LOW,APPROVE,0
0.017384759067144637,LOW,APPROVE,0
0.013115601967406111,LOW,APPROVE,0
0.013265218637017177,LOW,APPROVE,0
0.008671916310747535,LOW,APPROVE,0
0.02013959166428034,LOW,APPROVE,0
0.004157839043154181,LOW,APPROVE,0
0.014736284502680155,LOW,APPROVE,0
0.008794746190163497,LOW,APPROVE,0
0.0013692736048879649,LOW,APPROVE,0
0.018804174718081434,LOW,APPROVE,0
0.007587752088316579,LOW,APPROVE,0
0.012702833183652654,LOW,APPROVE,0
0.001494719001560905,LOW,APPROVE,0
0.0008420121496471389,LOW,APPROVE,0
0.031308013438280456,LOW,APPROVE,0
0.002615900364144187,LOW,APPROVE,0
0.005751744626197065,LOW,APPROVE,0
0.02038147740809256,LOW,APPROVE,0
0.0036908807360430196,LOW,APPROVE,0
0.007507530889845488,LOW,APPROVE,0
0.040969281113924824,LOW,APPROVE,0
0.015191760283795055,LOW,APPROVE,0
0.005463622999876466,LOW,APPROVE,0
0.02213673782524395,LOW,APPROVE,0
0.002322960820213947,LOW,APPROVE,0
0.006708583650074967,LOW,APPROVE,0
0.006467372131300205,LOW,APPROVE,0
0.007291140180445057,LOW,APPROVE,0
0.004307881130742634,LOW,APPROVE,0
0.00728130205207096,LOW,APPROVE,0
0.006138965937627825,LOW,APPROVE,0
0.0202225746221029,LOW,APPROVE,0
0.004190165073775923,LOW,APPROVE,0
0.0013902322759003346,LOW,APPROVE,0
0.012894809306183268,LOW,APPROVE,0
0.008017624991336944,LOW,APPROVE,0
0.001446591705527145,LOW,APPROVE,0
0.0004633908319117792,LOW,APPROVE,0
0.005348646521598182,LOW,APPROVE,0
0.0124614801579465,LOW,APPROVE,0
0.0243805317004635,LOW,APPROVE,0
0.006995777229911579,LOW,APPROVE,0
0.007826427474948711,LOW,APPROVE,0
0.018361586446099788,LOW,APPROVE,0
0.0035873909776176264,LOW,APPROVE,0
0.0009344786599238723,LOW,APPROVE,0
0.003374565267181717,LOW,APPROVE,0
0.0027710140344444864,LOW,APPROVE,0
0.003455780716269773,LOW,APPROVE,0
0.02412676263340704,LOW,APPROVE,0
0.007140881794049871,LOW,APPROVE,0
0.002694807523495889,LOW,APPROVE,0
0.004742936710542768,LOW,APPROVE,0
0.004733261585000571,LOW,APPROVE,0
0.002408908779432218,LOW,APPROVE,0
0.003977310380875298,LOW,APPROVE,0
0.011528018709672825,LOW,APPROVE,0
0.007266648053924632,LOW,APPROVE,0
0.0050022134719506645,LOW,APPROVE,0
0.0049871704612904025,LOW,APPROVE,0
0.0050252170539704984,LOW,APPROVE,0
0.010693350393095298,LOW,APPROVE,0
0.05476859000237192,LOW,APPROVE,0
0.002408908779432218,LOW,APPROVE,0
0.0023758711435835677,LOW,APPROVE,0
0.014832605157655469,LOW,APPROVE,0
0.04603637649161514,LOW,APPROVE,0
0.0029512398403183393,LOW,APPROVE,0
0.10301141296173444,MEDIUM,REVIEW,0
0.0024482902960036197,LOW,APPROVE,0
0.0017773450942326174,LOW,APPROVE,0
0.012820415091800708,LOW,APPROVE,0
0.0320798213786734,LOW,APPROVE,0
0.055227812158899485,LOW,APPROVE,0
0.005728350782851724,LOW,APPROVE,0
0.012446029115864163,LOW,APPROVE,0
0.014916891991018035,LOW,APPROVE,0
0.0019538511846765296,LOW,APPROVE,0
0.007334814209939886,LOW,APPROVE,0
0.01688617397304662,LOW,APPROVE,0
0.030651860100307043,LOW,APPROVE,0
0.012446029115864163,LOW,APPROVE,0
0.033872519378498854,LOW,APPROVE,0
0.0025584301496536853,LOW,APPROVE,0
0.012446029115864163,LOW,APPROVE,0
0.013035502556490127,LOW,APPROVE,0
0.009805025291292789,LOW,APPROVE,0
0.022730013126851432,LOW,APPROVE,1
0.023640690979065383,LOW,APPROVE,0
0.03332045382041248,LOW,APPROVE,0
0.0021255350067698148,LOW,APPROVE,0
0.008747401367115697,LOW,APPROVE,0
0.0068740275910264504,LOW,APPROVE,0
0.09000971807656352,LOW,APPROVE,0
0.01652218668547727,LOW,APPROVE,0
0.012858071235745398,LOW,APPROVE,0
0.0031218205720521326,LOW,APPROVE,0
0.00360623480162083,LOW,APPROVE,0
0.013821666595332367,LOW,APPROVE,0
0.008794515570980791,LOW,APPROVE,0
0.004247269454318014,LOW,APPROVE,0
0.009244448799983835,LOW,APPROVE,0
0.003567619834197095,LOW,APPROVE,0
0.0051701883100007465,LOW,APPROVE,0
0.004599123457442423,LOW,APPROVE,0
0.038600111189906576,LOW,APPROVE,0
0.02437153219513968,LOW,APPROVE,0
0.0020241024187243376,LOW,APPROVE,0
0.013496208076650737,LOW,APPROVE,0
0.07320133255714178,LOW,APPROVE,0
0.028246097964537885,LOW,APPROVE,0
0.00911787640482199,LOW,APPROVE,0
0.0012032694233271456,LOW,APPROVE,0
0.0972561455404923,LOW,APPROVE,0
0.009805025291292789,LOW,APPROVE,0
0.05847841916203852,LOW,APPROVE,0
0.005876796941886452,LOW,APPROVE,0
0.022945683924461585,LOW,APPROVE,0
0.004356012556113102,LOW,APPROVE,0
0.0002562913318193907,LOW,APPROVE,0
0.12160047891847665,MEDIUM,REVIEW,0
0.013496533787632355,LOW,APPROVE,0
0.0016306469928878556,LOW,APPROVE,0
0.0030600043075595237,LOW,APPROVE,0
0.001030455856638755,LOW,APPROVE,0
0.03582950286291083,LOW,APPROVE,0
0.003908399627193695,LOW,APPROVE,0
0.12160047891847665,MEDIUM,REVIEW,0
0.0007763788158307419,LOW,APPROVE,0
0.007449385521057937,LOW,APPROVE,0
0.008383548493824453,LOW,APPROVE,0
0.035420154021050344,LOW,APPROVE,0
0.009343155532822278,LOW,APPROVE,0
0.003583827025181861,LOW,APPROVE,0
0.003699175269657632,LOW,APPROVE,0
0.00283374217654587,LOW,APPROVE,0
0.0012514138921532138,LOW,APPROVE,0
0.0036794670914572338,LOW,APPROVE,0
0.0006981688239814903,LOW,APPROVE,0
0.012639242539703433,LOW,APPROVE,0
0.023443450789656095,LOW,APPROVE,0
0.009979627900633881,LOW,APPROVE,0
0.009805025291292789,LOW,APPROVE,0
0.0039028990421226574,LOW,APPROVE,0
0.005673328879085778,LOW,APPROVE,0
0.009585877904774392,LOW,APPROVE,0
0.0014826607521931548,LOW,APPROVE,0
0.009934249981936235,LOW,APPROVE,0
0.0011132175355035544,LOW,APPROVE,0
0.0023878568733472286,LOW,APPROVE,0
0.007572875542596816,LOW,APPROVE,0
0.7536406128053621,HIGH,BLOCK,1
0.009959375464370172,LOW,APPROVE,0
0.008530992973930524,LOW,APPROVE,0
0.011131007681715788,LOW,APPROVE,0
0.0029773459820003193,LOW,APPROVE,0
0.010086638287203933,LOW,APPROVE,0
0.0010487771016176016,LOW,APPROVE,0
0.008877278980381195,LOW,APPROVE,0
0.0003911896560474177,LOW,APPROVE,0
0.02358397795886032,LOW,APPROVE,0
0.01022609761613747,LOW,APPROVE,0
0.015181843558813057,LOW,APPROVE,0
0.007224959148659657,LOW,APPROVE,0
0.0066446235926942805,LOW,APPROVE,0
0.004842096497133839,LOW,APPROVE,0
0.05927828393094239,LOW,APPROVE,0
0.004422822531784642,LOW,APPROVE,0
0.0017543130939405445,LOW,APPROVE,0
0.002905632136612248,LOW,APPROVE,0
0.0037593294072076873,LOW,APPROVE,0
0.047435181085408826,LOW,APPROVE,0
0.008608075506112409,LOW,APPROVE,0
0.008528086575078198,LOW,APPROVE,0
0.005470703065145058,LOW,APPROVE,0
0.0030025606069228536,LOW,APPROVE,0
0.0011587953874325854,LOW,APPROVE,0
0.01318304738239276,LOW,APPROVE,0
0.015258628610122347,LOW,APPROVE,0
0.0026396317155269237,LOW,APPROVE,0
0.3252694578876678,MEDIUM,REVIEW,0
0.0003808217602424005,LOW,APPROVE,0
0.0014011420146238871,LOW,APPROVE,0
0.007279197180346083,LOW,APPROVE,0
0.012660981849738132,LOW,APPROVE,0
0.011919519024843473,LOW,APPROVE,0
0.010342501265718115,LOW,APPROVE,0
0.002121354155211607,LOW,APPROVE,0
0.018488389305624357,LOW,APPROVE,0
0.0006989284303999004,LOW,APPROVE,0
0.02054212388650874,LOW,APPROVE,0
0.0031586668791174378,LOW,APPROVE,0
0.01758589450724944,LOW,APPROVE,0
0.02607886149060315,LOW,APPROVE,0
0.0034246828099224395,LOW,APPROVE,0
0.4802539927506375,MEDIUM,REVIEW,1
0.018352464700282636,LOW,APPROVE,0
0.002323042202164495,LOW,APPROVE,0
0.010457480152158177,LOW,APPROVE,0
0.004384565772308738,LOW,APPROVE,0
0.0014873342282445742,LOW,APPROVE,0
0.0029219646018330873,LOW,APPROVE,0
0.012836444377434758,LOW,APPROVE,0
0.007256384224635989,LOW,APPROVE,0
0.014929057861046249,LOW,APPROVE,0
0.0010054913585688485,LOW,APPROVE,0
0.01465891497805341,LOW,APPROVE,0
0.005022579000104529,LOW,APPROVE,0
0.000951516974239711,LOW,APPROVE,0
0.001804879430476484,LOW,APPROVE,0
0.048218860853326426,LOW,APPROVE,0
0.011330239861444573,LOW,APPROVE,0
0.019990231069719,LOW,APPROVE,0
0.12372396334193918,MEDIUM,REVIEW,0
0.03316852553978862,LOW,APPROVE,0
0.02039256421822439,LOW,APPROVE,0
0.008864379418116271,LOW,APPROVE,0
0.022082602685941827,LOW,APPROVE,0
0.019990231069719,LOW,APPROVE,0
0.041373131936946306,LOW,APPROVE,0
0.0022957524549795257,LOW,APPROVE,0
0.00546891205893602,LOW,APPROVE,0
0.0005392693237148306,LOW,APPROVE,0
0.000951516974239711,LOW,APPROVE,0
0.011845546580687129,LOW,APPROVE,0
0.054486082674616125,LOW,APPROVE,0
0.021676145831397545,LOW,APPROVE,0
0.0032257502864909806,LOW,APPROVE,0
0.020897691706197007,LOW,APPROVE,0
0.0005167524608225185,LOW,APPROVE,0
0.01639710655277501,LOW,APPROVE,0
0.003515011770103783,LOW,APPROVE,0
0.011216215427935463,LOW,APPROVE,0
0.002438782464937886,LOW,APPROVE,0
0.003796886773709214,LOW,APPROVE,0
0.004604674388269171,LOW,APPROVE,0
0.13355270402677744,MEDIUM,REVIEW,0
0.007731493384204373,LOW,APPROVE,0
0.006656893892278436,LOW,APPROVE,0
0.007721202758907585,LOW,APPROVE,0
0.006044799141734226,LOW,APPROVE,0
0.019990231069719,LOW,APPROVE,0
0.04635424075958059,LOW,APPROVE,0
0.0024111654175110113,LOW,APPROVE,0
0.007731493384204373,LOW,APPROVE,0
0.03352955042676081,LOW,APPROVE,0
0.005161439196360853,LOW,APPROVE,0
0.02569119832465679,LOW,APPROVE,0
0.07931559048809349,LOW,APPROVE,0
0.0113843354589869,LOW,APPROVE,0
0.0013375088749470175,LOW,APPROVE,0
0.009829314588577581,LOW,APPROVE,0
0.03313785397232239,LOW,APPROVE,0
0.04683316617435152,LOW,APPROVE,0
0.0022374635337654362,LOW,APPROVE,0
0.0169463286942894,LOW,APPROVE,0
0.04211788669176032,LOW,APPROVE,0
0.005109452708332582,LOW,APPROVE,0
0.010080017484884162,LOW,APPROVE,0
0.016008331322537924,LOW,APPROVE,0
0.005936812893606596,LOW,APPROVE,0
0.015752283626228863,LOW,APPROVE,0
0.020056132346238622,LOW,APPROVE,0
0.006047167243336826,LOW,APPROVE,0
0.004568901706247362,LOW,APPROVE,0
0.01098245033418729,LOW,APPROVE,0
0.0045997190598332394,LOW,APPROVE,0
0.01696923776013717,LOW,APPROVE,0
0.0051485071128416675,LOW,APPROVE,0
0.04655171902068674,LOW,APPROVE,0
0.002667276341514559,LOW,APPROVE,0
0.004998628986346337,LOW,APPROVE,0
0.000505957241618598,LOW,APPROVE,0
0.01120943352810572,LOW,APPROVE,0
0.013660948613512981,LOW,APPROVE,0
0.0029248545974831113,LOW,APPROVE,0
0.019553575605555033,LOW,APPROVE,0
0.0047198713466984525,LOW,APPROVE,0
0.009647247214316656,LOW,APPROVE,0
0.08244464849659923,LOW,APPROVE,0
0.004623459529409987,LOW,APPROVE,0
0.0034588094691146497,LOW,APPROVE,0
0.0050022134719506645,LOW,APPROVE,0
0.024235443869533864,LOW,APPROVE,0
0.001748640381363633,LOW,APPROVE,0
0.02057280150293673,LOW,APPROVE,0
0.004509276778033093,LOW,APPROVE,0
0.0015422550648185652,LOW,APPROVE,0
0.009839389536784413,LOW,APPROVE,0
0.010870865993253358,LOW,APPROVE,0
0.019582408107236424,LOW,APPROVE,0
0.11024816458927524,MEDIUM,REVIEW,0
0.02083591150945584,LOW,APPROVE,0
0.003645060945782423,LOW,APPROVE,0
0.02597227366111542,LOW,APPROVE,0
0.02434484948426277,LOW,APPROVE,0
0.004712891110257335,LOW,APPROVE,0
0.38522371891304813,MEDIUM,REVIEW,1
0.002145675373665117,LOW,APPROVE,0
0.005337989100406167,LOW,APPROVE,0
0.0030000758273149675,LOW,APPROVE,0
0.023218705785384163,LOW,APPROVE,0
0.01441027672454558,LOW,APPROVE,0
0.12031888583134744,MEDIUM,REVIEW,1
0.002491910409529394,LOW,APPROVE,0
0.006336031450659819,LOW,APPROVE,0
0.0035548843168199417,LOW,APPROVE,0
0.006799388002683147,LOW,APPROVE,0
0.005246875359516752,LOW,APPROVE,0
0.005398343015830698,LOW,APPROVE,0
0.015737525789403715,LOW,APPROVE,0
0.046488008272314404,LOW,APPROVE,0
0.007179709219259307,LOW,APPROVE,0
0.2859238895417613,MEDIUM,REVIEW,0
0.01315329081365433,LOW,APPROVE,0
0.022712569941567895,LOW,APPROVE,0
0.021426966193902695,LOW,APPROVE,0
0.004427847754196607,LOW,APPROVE,0
0.002006296808880837,LOW,APPROVE,0
0.04671415738544404,LOW,APPROVE,0
0.02308028306099093,LOW,APPROVE,0
0.02010281104833093,LOW,APPROVE,0
0.0042092113484392775,LOW,APPROVE,0
0.0014284126140073226,LOW,APPROVE,0
0.009070646159929033,LOW,APPROVE,0
0.010199937547777475,LOW,APPROVE,0
0.0017683648955389645,LOW,APPROVE,0
0.014523167816650676,LOW,APPROVE,0
0.008432670648016718,LOW,APPROVE,0
0.007260037802182697,LOW,APPROVE,0
0.0014284126140073226,LOW,APPROVE,0
0.0017683648955389645,LOW,APPROVE,0
0.013449333504221745,LOW,APPROVE,0
0.00835918487127112,LOW,APPROVE,0
0.002581987781485682,LOW,APPROVE,0
0.007178271521583548,LOW,APPROVE,0
0.0060997051742413076,LOW,APPROVE,0
0.017438367038137448,LOW,APPROVE,0
0.0014284126140073226,LOW,APPROVE,0
0.005428143757201889,LOW,APPROVE,0
0.029680045869686193,LOW,APPROVE,0
0.004754207811534018,LOW,APPROVE,0
0.019876191965140264,LOW,APPROVE,0
0.0009318372569442991,LOW,APPROVE,0
0.0010406483098268468,LOW,APPROVE,0
0.010788481041380553,LOW,APPROVE,0
0.013874887702571531,LOW,APPROVE,0
0.0019498094803429788,LOW,APPROVE,0
0.005153212692695832,LOW,APPROVE,0
0.1451901774755283,MEDIUM,REVIEW,0
0.006487583016484178,LOW,APPROVE,0
0.13136478978700197,MEDIUM,REVIEW,0
0.19772874115383343,MEDIUM,REVIEW,0
0.006989841986627929,LOW,APPROVE,0
0.01198969208981306,LOW,APPROVE,0
0.04102639986678136,LOW,APPROVE,0
0.0019351584703508544,LOW,APPROVE,0
0.00762668472366007,LOW,APPROVE,0
0.009025493460137243,LOW,APPROVE,0
0.007175575090430256,LOW,APPROVE,0
0.008001001049297029,LOW,APPROVE,0
0.13758594646573769,MEDIUM,REVIEW,1
0.005780597515859471,LOW,APPROVE,0
0.19772874115383343,MEDIUM,REVIEW,0
0.011314755749691211,LOW,APPROVE,0
0.01255334183283251,LOW,APPROVE,0
0.0022310299984434536,LOW,APPROVE,0
0.004836217332914231,LOW,APPROVE,0
0.0028226067099421095,LOW,APPROVE,0
0.00279018400736638,LOW,APPROVE,0
0.010880445128248163,LOW,APPROVE,0
0.008056577574800543,LOW,APPROVE,0
0.005554868626304497,LOW,APPROVE,0
0.03990393783827158,LOW,APPROVE,0
0.019307515821914006,LOW,APPROVE,0
0.014026119248660589,LOW,APPROVE,0
0.005005112262093108,LOW,APPROVE,0
0.004945516580511764,LOW,APPROVE,0
0.0016358173511883914,LOW,APPROVE,0
0.025442705610089725,LOW,APPROVE,0
0.002193376450381926,LOW,APPROVE,0
0.04852954971503632,LOW,APPROVE,0
0.004476754133159596,LOW,APPROVE,0
0.009617504929455687,LOW,APPROVE,0
0.012674319159831068,LOW,APPROVE,0
0.025106358810789934,LOW,APPROVE,0
0.0070295702117820075,LOW,APPROVE,0
0.008316921351922302,LOW,APPROVE,0
0.02439436536182525,LOW,APPROVE,0
0.003131978884554387,LOW,APPROVE,0
0.008532129689329707,LOW,APPROVE,0
0.03810507876030045,LOW,APPROVE,0
0.009618165461831517,LOW,APPROVE,0
0.0053372333369312575,LOW,APPROVE,0
0.005358541314296031,LOW,APPROVE,0
0.00492352649688389,LOW,APPROVE,0
0.030742906585613603,LOW,APPROVE,0
0.005690328248251169,LOW,APPROVE,0
0.007615735000229386,LOW,APPROVE,0
0.004014195764694493,LOW,APPROVE,0
0.14197484497465357,MEDIUM,REVIEW,0
0.011098285341380687,LOW,APPROVE,0
0.0037534221820531336,LOW,APPROVE,0
0.01224718834386961,LOW,APPROVE,0
0.02013959166428034,LOW,APPROVE,0
0.030636479655491076,LOW,APPROVE,0
0.035851010182356625,LOW,APPROVE,0
0.006168041608138168,LOW,APPROVE,0
0.01066602654303945,LOW,APPROVE,0
0.013961720262693446,LOW,APPROVE,0
0.0035751754530213464,LOW,APPROVE,0
0.01181696394488649,LOW,APPROVE,0
0.2328498691839324,MEDIUM,REVIEW,0
0.001872604607168443,LOW,APPROVE,0
0.012085099514588424,LOW,APPROVE,0
0.005541522066546987,LOW,APPROVE,0
0.016745230965135673,LOW,APPROVE,0
0.007526916266521466,LOW,APPROVE,0
0.00419958286595712,LOW,APPROVE,0
0.0032232895279076163,LOW,APPROVE,0
0.004748023464977252,LOW,APPROVE,0
0.014318566665882238,LOW,APPROVE,0
0.008229980461751715,LOW,APPROVE,0
0.026396311201124928,LOW,APPROVE,0
0.004489921241520557,LOW,APPROVE,0
0.011526178668231886,LOW,APPROVE,0
0.012974443469803237,LOW,APPROVE,0
0.19315968099255526,MEDIUM,REVIEW,0
0.02826096582463134,LOW,APPROVE,0
0.002383727535650338,LOW,APPROVE,0
0.009207702807116594,LOW,APPROVE,0
0.004032924440993067,LOW,APPROVE,0
0.002783724724100277,LOW,APPROVE,0
0.017072740519036216,LOW,APPROVE,0
0.00629361197901654,LOW,APPROVE,0
0.0025130150352841696,LOW,APPROVE,0
0.0105978192739074,LOW,APPROVE,0
0.001328172548528553,LOW,APPROVE,0
0.06445594701614059,LOW,APPROVE,1
0.018495717342427047,LOW,APPROVE,0
0.002948877495394865,LOW,APPROVE,0
0.030007131981235217,LOW,APPROVE,0
0.0022085735788669484,LOW,APPROVE,0
0.10753022427008124,MEDIUM,REVIEW,0
0.004856554227718057,LOW,APPROVE,0
0.001328172548528553,LOW,APPROVE,0
0.05001762307974698,LOW,APPROVE,0
0.008326289532146815,LOW,APPROVE,0
0.0036782108357404208,LOW,APPROVE,0
0.013255602436894068,LOW,APPROVE,0
0.00057255821265104,LOW,APPROVE,0
0.026792796978551813,LOW,APPROVE,0
0.032113096175201715,LOW,APPROVE,0
0.0008697705943376319,LOW,APPROVE,0
0.0010984344587871128,LOW,APPROVE,0
0.009570763661858028,LOW,APPROVE,0
0.021409560049418564,LOW,APPROVE,0
0.0024186454812508114,LOW,APPROVE,0
0.04154331047106417,LOW,APPROVE,0
0.011484270764164172,LOW,APPROVE,0
0.0012182507452732842,LOW,APPROVE,0
0.0034916943657975668,LOW,APPROVE,0
0.027145917143395624,LOW,APPROVE,0
0.07710464435849236,LOW,APPROVE,0
0.0036909715208790117,LOW,APPROVE,0
0.014058526025397944,LOW,APPROVE,0
0.001664781896371545,LOW,APPROVE,0
0.025202507310452014,LOW,APPROVE,0
0.0034916943657975668,LOW,APPROVE,0
0.01559662661859355,LOW,APPROVE,0
0.001190115288793162,LOW,APPROVE,0
0.00920939518372907,LOW,APPROVE,0
0.0032782691316461466,LOW,APPROVE,0
0.021607859318342963,LOW,APPROVE,0
0.017861222816546975,LOW,APPROVE,0
0.004996787930139978,LOW,APPROVE,0
0.0019805016013809654,LOW,APPROVE,0
0.014651854780993047,LOW,APPROVE,0
0.01012986389889038,LOW,APPROVE,0
0.0016337322485441238,LOW,APPROVE,0
0.0024476996107398253,LOW,APPROVE,0
0.01066184583625296,LOW,APPROVE,0
0.010203367731369232,LOW,APPROVE,0
0.00284324087027899,LOW,APPROVE,0
0.021096994618028758,LOW,APPROVE,0
0.0015243573376514477,LOW,APPROVE,0
0.0010136573218903176,LOW,APPROVE,0
0.019989697136405703,LOW,APPROVE,0
0.0014469008865570139,LOW,APPROVE,0
0.02770890433670855,LOW,APPROVE,0
0.01966926258669373,LOW,APPROVE,0
0.013922988847698485,LOW,APPROVE,0
0.0008408557692761161,LOW,APPROVE,0
0.01394151927247369,LOW,APPROVE,0
0.006396778224832587,LOW,APPROVE,0
0.006891118455521721,LOW,APPROVE,0
0.007514673601470317,LOW,APPROVE,0
0.0014469008865570139,LOW,APPROVE,0
0.011330502075002188,LOW,APPROVE,0
0.009596343699279144,LOW,APPROVE,0
0.026095857364549304,LOW,APPROVE,0
0.001677480085947689,LOW,APPROVE,0
0.008697124993207454,LOW,APPROVE,0
0.008561038594838621,LOW,APPROVE,0
0.027483507576324315,LOW,APPROVE,0
0.0014820473787318343,LOW,APPROVE,0
0.0024168650235136813,LOW,APPROVE,0
0.012779879358706118,LOW,APPROVE,0
0.06091428092426562,LOW,APPROVE,1
0.0008408557692761161,LOW,APPROVE,0
0.0010080426970463228,LOW,APPROVE,0
0.001695601902354724,LOW,APPROVE,0
0.027483507576324315,LOW,APPROVE,0
0.009304536862051764,LOW,APPROVE,0
0.0010773352659600433,LOW,APPROVE,0
0.00297544964708573,LOW,APPROVE,0
0.024263153136408738,LOW,APPROVE,0
0.0039834044463424294,LOW,APPROVE,0
0.0025256800579682597,LOW,APPROVE,0
0.001895400681005143,LOW,APPROVE,0
0.023380641509467722,LOW,APPROVE,0
0.02085245348393566,LOW,APPROVE,0
0.004851216132543689,LOW,APPROVE,0
0.0028182050901244325,LOW,APPROVE,0
0.015759923107191685,LOW,APPROVE,0
0.002416277003273254,LOW,APPROVE,0
0.009179683086983408,LOW,APPROVE,0
0.011991798046398881,LOW,APPROVE,0
0.06973100581700438,LOW,APPROVE,0
0.03324808797365024,LOW,APPROVE,0
0.04890333357872152,LOW,APPROVE,0
0.050141336911582055,LOW,APPROVE,0
0.005814331100362553,LOW,APPROVE,0
0.0044509107429912135,LOW,APPROVE,0
0.004463593641633515,LOW,APPROVE,0
0.0012809012156558947,LOW,APPROVE,0
0.02256328696634676,LOW,APPROVE,0
0.07077557384510763,LOW,APPROVE,0
0.002842502030635809,LOW,APPROVE,0
0.009116575057687079,LOW,APPROVE,0
0.003936712900065826,LOW,APPROVE,0
0.004312179845254107,LOW,APPROVE,0
0.00954858696482483,LOW,APPROVE,0
0.00476201578325855,LOW,APPROVE,0
0.016837207998178557,LOW,APPROVE,0
0.006998697946924266,LOW,APPROVE,0
0.03271700069206045,LOW,APPROVE,0
0.04241650973848599,LOW,APPROVE,0
0.0038821662991926523,LOW,APPROVE,0
0.011583843989230977,LOW,APPROVE,0
0.007258937102364487,LOW,APPROVE,0
0.02376295815215026,LOW,APPROVE,0
0.00245012101043479,LOW,APPROVE,0
0.015257556770897723,LOW,APPROVE,0
0.00902090667538016,LOW,APPROVE,0
0.0032423975283563757,LOW,APPROVE,0
0.03635525498370892,LOW,APPROVE,0
0.010172789700316324,LOW,APPROVE,0
0.017903537850076253,LOW,APPROVE,0
0.0007534441162401865,LOW,APPROVE,0
0.02630728375366325,LOW,APPROVE,0
0.04471044202191694,LOW,APPROVE,0
0.07909713676073364,LOW,APPROVE,1
0.002147225030554907,LOW,APPROVE,0
0.004463776770904064,LOW,APPROVE,0
0.0667187367791276,LOW,APPROVE,0
0.02277662978993811,LOW,APPROVE,0
0.015585144308906906,LOW,APPROVE,0
0.0013837728770971236,LOW,APPROVE,0
0.025891478978103084,LOW,APPROVE,0
0.03883696035183532,LOW,APPROVE,0
0.009332183692694241,LOW,APPROVE,0
0.027092958213663264,LOW,APPROVE,0
0.005205057197174122,LOW,APPROVE,0
0.008141408564009835,LOW,APPROVE,0
0.00395015151004844,LOW,APPROVE,0
0.018268084327916573,LOW,APPROVE,0
0.003217789157445145,LOW,APPROVE,0
0.024589586358828557,LOW,APPROVE,0
0.009294216355715413,LOW,APPROVE,0
0.007103655938974114,LOW,APPROVE,0
0.09014748227749098,LOW,APPROVE,0
0.004834964249622434,LOW,APPROVE,0
0.0050210408945246645,LOW,APPROVE,0
0.03883696035183532,LOW,APPROVE,0
0.008529141682335623,LOW,APPROVE,0
0.047593467905750156,LOW,APPROVE,0
0.15814515330197235,MEDIUM,REVIEW,0
0.0196962920606746,LOW,APPROVE,0
0.024590957981227384,LOW,APPROVE,0
0.002595650854822917,LOW,APPROVE,0
0.004570751130363328,LOW,APPROVE,0
0.009294216355715413,LOW,APPROVE,0
0.009398944038739367,LOW,APPROVE,0
0.07951894373276885,LOW,APPROVE,0
0.002698734107885048,LOW,APPROVE,0
0.0080533793255733,LOW,APPROVE,0
0.03823023414397355,LOW,APPROVE,0
0.008147683453189555,LOW,APPROVE,0
0.254346738241057,MEDIUM,REVIEW,0
0.01975270855554033,LOW,APPROVE,0
0.003526726770560144,LOW,APPROVE,0
0.015392471322270068,LOW,APPROVE,0
0.008370671005795574,LOW,APPROVE,0
0.03766561037426772,LOW,APPROVE,0
0.0013743112267282334,LOW,APPROVE,0
0.0037104856485910965,LOW,APPROVE,0
0.002577334691312173,LOW,APPROVE,0
0.1563596732040114,MEDIUM,REVIEW,0
0.0013249235072674598,LOW,APPROVE,0
0.006884963439857824,LOW,APPROVE,0
0.004063826649021885,LOW,APPROVE,0
0.013987554875989835,LOW,APPROVE,0
0.01179062318004728,LOW,APPROVE,0
0.0018077096952676171,LOW,APPROVE,0
0.1563596732040114,MEDIUM,REVIEW,0
0.10126479985395309,MEDIUM,REVIEW,1
0.010745266289334905,LOW,APPROVE,0
0.002469591164637503,LOW,APPROVE,0
0.009421470603413955,LOW,APPROVE,0
0.01223315214674789,LOW,APPROVE,0
0.00537281396187642,LOW,APPROVE,0
0.015333991640923401,LOW,APPROVE,0
0.015383731280096201,LOW,APPROVE,0
0.009087588616999615,LOW,APPROVE,0
0.0018908372722694074,LOW,APPROVE,0
0.018464967495136646,LOW,APPROVE,0
0.002965660231655789,LOW,APPROVE,0
0.0068998429910293564,LOW,APPROVE,0
0.00733971128190794,LOW,APPROVE,0
0.0011879359219731836,LOW,APPROVE,0
0.002124013136869815,LOW,APPROVE,0
0.008333336845037674,LOW,APPROVE,0
0.01095913393530528,LOW,APPROVE,0
0.01376971677735021,LOW,APPROVE,0
0.006793181096132282,LOW,APPROVE,0
0.003916483421058971,LOW,APPROVE,0
0.0030549742801172066,LOW,APPROVE,0
0.009772824061047793,LOW,APPROVE,0
0.0036059558118235664,LOW,APPROVE,0
0.008183537577293088,LOW,APPROVE,0
0.08393502071407491,LOW,APPROVE,0
0.03766561037426772,LOW,APPROVE,0
0.008647842482476823,LOW,APPROVE,0
0.003015502416426198,LOW,APPROVE,0
0.002954312551044427,LOW,APPROVE,0
0.006467418683290709,LOW,APPROVE,0
0.004494962350959346,LOW,APPROVE,0
0.039672429149280375,LOW,APPROVE,0
0.0063758769352623085,LOW,APPROVE,0
0.002606995885787998,LOW,APPROVE,0
0.008151042091304309,LOW,APPROVE,0
0.013764158167263021,LOW,APPROVE,0
0.006191258166955505,LOW,APPROVE,0
0.011249951179054888,LOW,APPROVE,0
0.006378837260416915,LOW,APPROVE,0
0.012629588907390812,LOW,APPROVE,0
0.0022293399431634465,LOW,APPROVE,0
0.004660202957664496,LOW,APPROVE,0
0.29643426949445734,MEDIUM,REVIEW,0
0.0033841520111095977,LOW,APPROVE,0
0.008119310079208302,LOW,APPROVE,0
0.013539775246722861,LOW,APPROVE,0
0.013539775246722861,LOW,APPROVE,0
0.005738914645187483,LOW,APPROVE,0
0.02029277136210051,LOW,APPROVE,0
0.010920706071814522,LOW,APPROVE,0
0.004459456140026018,LOW,APPROVE,0
0.010207118356503262,LOW,APPROVE,0
0.0038753762236293527,LOW,APPROVE,0
0.28509287049824905,MEDIUM,REVIEW,0
0.00266322025773626,LOW,APPROVE,0
0.07301729297814773,LOW,APPROVE,0
0.007782215800842083,LOW,APPROVE,0
0.01107845768369301,LOW,APPROVE,0
0.18081589028413744,MEDIUM,REVIEW,0
0.011203801626473808,LOW,APPROVE,0
0.004616714667840455,LOW,APPROVE,0
0.005196198175713869,LOW,APPROVE,0
0.003636406407657956,LOW,APPROVE,0
0.004271494527919877,LOW,APPROVE,0
0.0018361674617749,LOW,APPROVE,0
0.014522430641984616,LOW,APPROVE,0
0.16473524722905317,MEDIUM,REVIEW,0
0.0067339819917525525,LOW,APPROVE,0
0.0393515917138046,LOW,APPROVE,0
0.004494949068879162,LOW,APPROVE,0
0.001017040479229663,LOW,APPROVE,0
0.14254414729528833,MEDIUM,REVIEW,0
0.04682843381421261,LOW,APPROVE,0
0.010813761860681167,LOW,APPROVE,0
0.026686272383062547,LOW,APPROVE,0
0.06289865778990761,LOW,APPROVE,0
0.023432932895123378,LOW,APPROVE,0
0.010231956081454592,LOW,APPROVE,0
0.02747800008757674,LOW,APPROVE,0
0.16371916608163078,MEDIUM,REVIEW,0
0.02799202606939588,LOW,APPROVE,0
0.03875893173993279,LOW,APPROVE,0
0.004092610351006454,LOW,APPROVE,0
0.001897279634246801,LOW,APPROVE,0
0.006581840205976997,LOW,APPROVE,0
0.01851259518172166,LOW,APPROVE,0
0.050688324435815946,LOW,APPROVE,0
0.04468973222993726,LOW,APPROVE,0
0.07411564697252893,LOW,APPROVE,0
0.14254414729528833,MEDIUM,REVIEW,0
0.03840974205877391,LOW,APPROVE,0
0.003750802676215894,LOW,APPROVE,0
0.05757847307911836,LOW,APPROVE,0
0.0017172035531734246,LOW,APPROVE,0
0.00802640099340766,LOW,APPROVE,0
0.008108552666160625,LOW,APPROVE,0
0.010336779285330708,LOW,APPROVE,0
0.005449942650308746,LOW,APPROVE,0
0.007880418906428845,LOW,APPROVE,0
0.014032461340061246,LOW,APPROVE,0
0.0021787166115580276,LOW,APPROVE,0
0.03963443474912265,LOW,APPROVE,0
0.1061870790690055,MEDIUM,REVIEW,0
0.044324042493652765,LOW,APPROVE,0
0.017865899368120854,LOW,APPROVE,0
0.0017536909534419697,LOW,APPROVE,0
0.006263281669234907,LOW,APPROVE,0
0.011508320892296742,LOW,APPROVE,0
0.0034854762874397586,LOW,APPROVE,0
0.03665545025466446,LOW,APPROVE,0
0.01400064817289434,LOW,APPROVE,0
0.006224325768062526,LOW,APPROVE,0
0.0021787166115580276,LOW,APPROVE,0
0.010249671221842083,LOW,APPROVE,0
0.012201680727501952,LOW,APPROVE,0
0.0021259267455982886,LOW,APPROVE,0
0.009864779678636599,LOW,APPROVE,0
0.004449245864688946,LOW,APPROVE,0
0.12343117555137076,MEDIUM,REVIEW,0
0.0051602631128655875,LOW,APPROVE,0
0.0021787166115580276,LOW,APPROVE,0
0.011263840400362914,LOW,APPROVE,0
0.0022277728739657156,LOW,APPROVE,0
0.0027936843867380776,LOW,APPROVE,0
0.00083389862466005,LOW,APPROVE,0
0.0007340777320204293,LOW,APPROVE,0
0.0003268288409476967,LOW,APPROVE,0
0.03148190983155881,LOW,APPROVE,0
0.0021522460795891877,LOW,APPROVE,0
0.012646002675656676,LOW,APPROVE,0
0.01770912048704598,LOW,APPROVE,0
0.01219408255242938,LOW,APPROVE,0
0.0453081946627459,LOW,APPROVE,0
0.0021787166115580276,LOW,APPROVE,0
0.004376620923398385,LOW,APPROVE,0
0.07934367915082755,LOW,APPROVE,0
0.0007410688235341718,LOW,APPROVE,0
0.017420575041794582,LOW,APPROVE,0
0.13262403727843866,MEDIUM,REVIEW,1
0.005441083114617009,LOW,APPROVE,0
0.007433102475209048,LOW,APPROVE,0
0.0016282406751853685,LOW,APPROVE,0
0.027077066762288188,LOW,APPROVE,0
0.007329316399636771,LOW,APPROVE,0
0.0027995737674469698,LOW,APPROVE,0
0.0033622463237326637,LOW,APPROVE,0
0.0012966339739888925,LOW,APPROVE,0
0.06449815851780194,LOW,APPROVE,0
0.014849143286824702,LOW,APPROVE,0
0.006100633902196809,LOW,APPROVE,0
0.0225194030520185,LOW,APPROVE,0
0.01602949695020909,LOW,APPROVE,0
0.00177397834857,LOW,APPROVE,0
0.13030755310592865,MEDIUM,REVIEW,0
0.004300809747156528,LOW,APPROVE,0
0.0029821238370461773,LOW,APPROVE,0
0.0019393728917870157,LOW,APPROVE,0
0.012803903591681402,LOW,APPROVE,0
0.0061065426063602385,LOW,APPROVE,0
0.0016282406751853685,LOW,APPROVE,0
0.008625119880383125,LOW,APPROVE,0
0.0003218429967602155,LOW,APPROVE,0
0.009325685141557743,LOW,APPROVE,0
0.0017361254793064082,LOW,APPROVE,0
0.009173689063742182,LOW,APPROVE,0
0.011997226751982422,LOW,APPROVE,0
0.05769340138010119,LOW,APPROVE,0
0.002240672042472698,LOW,APPROVE,0
0.00350890778317823,LOW,APPROVE,0
0.00034498312481135297,LOW,APPROVE,0
0.006100633902196809,LOW,APPROVE,0
0.0022021427433706665,LOW,APPROVE,0
0.030062754199246717,LOW,APPROVE,0
0.0045707367018072405,LOW,APPROVE,0
0.0064038063343099805,LOW,APPROVE,0
0.0059631035117338315,LOW,APPROVE,0
0.010796599044015445,LOW,APPROVE,0
0.0029968181205922147,LOW,APPROVE,0
0.011985475739431917,LOW,APPROVE,0
0.002387890229791695,LOW,APPROVE,0
0.02078928169927938,LOW,APPROVE,0
0.004202235867953692,LOW,APPROVE,0
0.011269839891914315,LOW,APPROVE,0
0.013376994972146705,LOW,APPROVE,0
0.0013829245308885525,LOW,APPROVE,0
0.015193032309339324,LOW,APPROVE,0
0.004001270370590747,LOW,APPROVE,0
0.0045707367018072405,LOW,APPROVE,0
0.010584166863675169,LOW,APPROVE,0
0.0016807116095849518,LOW,APPROVE,0
0.0020763633140148557,LOW,APPROVE,0
0.016996195901514414,LOW,APPROVE,0
0.03539786433304615,LOW,APPROVE,0
0.002432812090694691,LOW,APPROVE,0
0.004664468808853801,LOW,APPROVE,0
0.002155172097808143,LOW,APPROVE,0
0.010498426515235904,LOW,APPROVE,0
0.003835694912077727,LOW,APPROVE,0
0.00817926181527985,LOW,APPROVE,0
0.004816659333683237,LOW,APPROVE,0
0.002733567795896174,LOW,APPROVE,0
0.0045707367018072405,LOW,APPROVE,0
0.03405257035507751,LOW,APPROVE,0
0.003477972759714235,LOW,APPROVE,0
0.0020222217325000322,LOW,APPROVE,0
0.0017110142204038213,LOW,APPROVE,0
0.0013366267140639105,LOW,APPROVE,0
0.0014547912862675038,LOW,APPROVE,0
0.00852551763631627,LOW,APPROVE,0
0.0015009814746725762,LOW,APPROVE,0
0.005843306586149681,LOW,APPROVE,0
0.012807092941012215,LOW,APPROVE,0
0.11489759095825475,MEDIUM,REVIEW,0
0.002251270455569698,LOW,APPROVE,0
0.028044311914382867,LOW,APPROVE,0
0.00339656355927583,LOW,APPROVE,0
0.010832120710860186,LOW,APPROVE,0
0.08370665542960008,LOW,APPROVE,0
0.010135238203775068,LOW,APPROVE,0
0.009094649189045456,LOW,APPROVE,0
0.003293502496557427,LOW,APPROVE,0
0.012805184932221669,LOW,APPROVE,0
0.03416951521256309,LOW,APPROVE,0
0.002207040736048526,LOW,APPROVE,0
0.0018640937954984321,LOW,APPROVE,0
0.005488071212638859,LOW,APPROVE,0
0.00395648002998581,LOW,APPROVE,0
0.018940289855451778,LOW,APPROVE,0
0.003930966504787081,LOW,APPROVE,0
0.005986976659133573,LOW,APPROVE,0
0.007603041001647405,LOW,APPROVE,0
0.007431962052179414,LOW,APPROVE,0
0.0014248920015588102,LOW,APPROVE,0
0.006867412865300949,LOW,APPROVE,0
0.0015962523336682992,LOW,APPROVE,0
0.09459302497171225,LOW,APPROVE,0
0.026371782397479015,LOW,APPROVE,0
0.005753212251105645,LOW,APPROVE,0
0.005000761242928379,LOW,APPROVE,0
0.0012116108929572911,LOW,APPROVE,0
0.018192986755196407,LOW,APPROVE,0
0.033941517971237234,LOW,APPROVE,0
0.0046836526501881975,LOW,APPROVE,0
0.0028238623080927812,LOW,APPROVE,0
0.010182042045637553,LOW,APPROVE,0
0.010889504604935452,LOW,APPROVE,0
0.04184561718091589,LOW,APPROVE,0
0.00819328142659273,LOW,APPROVE,0
0.020635976821834653,LOW,APPROVE,0
0.009935927803584349,LOW,APPROVE,0
0.02094999677310705,LOW,APPROVE,0
0.01405357552334737,LOW,APPROVE,0
0.010721076665015868,LOW,APPROVE,0
0.004092610351006454,LOW,APPROVE,0
0.02074930660910775,LOW,APPROVE,0
0.0009162942360076144,LOW,APPROVE,0
0.002998882989696061,LOW,APPROVE,0
0.0027343916404122,LOW,APPROVE,0
0.005251430472950151,LOW,APPROVE,0
0.001392229701625629,LOW,APPROVE,0
0.03700350866326922,LOW,APPROVE,0
0.007902834927961233,LOW,APPROVE,0
0.02834650514157234,LOW,APPROVE,0
0.004835249444172853,LOW,APPROVE,0
0.00886335145131517,LOW,APPROVE,0
0.003264742987573092,LOW,APPROVE,0
0.00934495644716755,LOW,APPROVE,0
0.07816075142666962,LOW,APPROVE,0
0.004833659847965598,LOW,APPROVE,0
0.02834650514157234,LOW,APPROVE,0
0.0014704394054234795,LOW,APPROVE,0
0.00822616720356432,LOW,APPROVE,0
0.002457131781839261,LOW,APPROVE,0
0.0598589052426637,LOW,APPROVE,0
0.0013836572178270155,LOW,APPROVE,0
0.011059417062119197,LOW,APPROVE,0
0.007317394920601597,LOW,APPROVE,0
0.007558691359722512,LOW,APPROVE,0
0.018914139435831093,LOW,APPROVE,0
0.004715664733429315,LOW,APPROVE,0
0.002347667742374406,LOW,APPROVE,0
0.004143443799692707,LOW,APPROVE,0
0.05344508759713916,LOW,APPROVE,0
0.0093731249391753,LOW,APPROVE,0
0.006754470653023479,LOW,APPROVE,0
0.002200297588338629,LOW,APPROVE,0
0.00538840538105214,LOW,APPROVE,0
0.004562042933279322,LOW,APPROVE,0
0.0038867635113877656,LOW,APPROVE,0
0.002671861085459227,LOW,APPROVE,0
0.007509460259795384,LOW,APPROVE,0
0.016299833458797014,LOW,APPROVE,0
0.002200297588338629,LOW,APPROVE,0
0.02078928169927938,LOW,APPROVE,0
0.0031331297906815802,LOW,APPROVE,0
0.004556578931519051,LOW,APPROVE,0
0.002200297588338629,LOW,APPROVE,0
0.0046987215126043725,LOW,APPROVE,0
0.006013201074267487,LOW,APPROVE,0
0.012511148806451699,LOW,APPROVE,0
0.01594731766848464,LOW,APPROVE,0
0.0095161626742067,LOW,APPROVE,0
0.011933428005481507,LOW,APPROVE,0
0.0031974868028737126,LOW,APPROVE,0
0.005947123015104535,LOW,APPROVE,0
0.022467072913825492,LOW,APPROVE,0
0.007580006788027206,LOW,APPROVE,0
0.0039066554345353315,LOW,APPROVE,0
0.015944997381264037,LOW,APPROVE,0
0.010723673802602354,LOW,APPROVE,0
0.007815711127481664,LOW,APPROVE,0
0.0011506583568724235,LOW,APPROVE,0
0.007564630415652613,LOW,APPROVE,0
0.005550201219557388,LOW,APPROVE,0
0.002505671117575687,LOW,APPROVE,0
0.05639424596640811,LOW,APPROVE,0
0.06340654388138194,LOW,APPROVE,0
0.007189792295475,LOW,APPROVE,0
0.017616332200336354,LOW,APPROVE,0
0.006584783242542101,LOW,APPROVE,0
0.0010005356464561918,LOW,APPROVE,0
0.03368029673075781,LOW,APPROVE,0
0.014483644386062916,LOW,APPROVE,0
0.16558411867124911,MEDIUM,REVIEW,0
0.0027248687432678857,LOW,APPROVE,0
0.07387834984896353,LOW,APPROVE,0
0.010324199240954833,LOW,APPROVE,0
0.01792702259033466,LOW,APPROVE,0
0.002248896958309924,LOW,APPROVE,0
0.0036765064658919205,LOW,APPROVE,0
0.002476690965630893,LOW,APPROVE,0
0.006148596996973514,LOW,APPROVE,0
0.003795785342416185,LOW,APPROVE,0
0.008694816459972714,LOW,APPROVE,0
0.0035663216694924857,LOW,APPROVE,0
0.013345318324147773,LOW,APPROVE,0
0.011254625884932005,LOW,APPROVE,0
0.0006106477955584482,LOW,APPROVE,0
0.0022001558391516883,LOW,APPROVE,0
0.004713506980202497,LOW,APPROVE,0
0.002203263002755315,LOW,APPROVE,0
0.0159670984885842,LOW,APPROVE,0
0.036213510162036944,LOW,APPROVE,0
0.001928494751911038,LOW,APPROVE,0
0.019499220305791418,LOW,APPROVE,0
0.008130805260827989,LOW,APPROVE,0
0.0030847669866788632,LOW,APPROVE,0
0.000953116559657079,LOW,APPROVE,0
0.009489084459576897,LOW,APPROVE,0
0.03990871170621312,LOW,APPROVE,0
0.00539415783821733,LOW,APPROVE,0
0.002246139943353271,LOW,APPROVE,0
0.013245467920058323,LOW,APPROVE,0
0.005590675049193018,LOW,APPROVE,0
0.0101175744953872,LOW,APPROVE,0
0.012774741033038635,LOW,APPROVE,0
0.0019089591906291026,LOW,APPROVE,0
0.01564827850423743,LOW,APPROVE,0
0.05639424596640811,LOW,APPROVE,0
0.12170571148287054,MEDIUM,REVIEW,1
0.00022195418969370615,LOW,APPROVE,0
0.0014677878517153431,LOW,APPROVE,0
0.024164187347681925,LOW,APPROVE,0
0.0031084402037294947,LOW,APPROVE,0
0.0007785538281381713,LOW,APPROVE,0
0.0012429325736294408,LOW,APPROVE,0
0.010723673802602354,LOW,APPROVE,0
0.0015208426575737846,LOW,APPROVE,0
0.0028701663746374616,LOW,APPROVE,0
0.03972465475099376,LOW,APPROVE,0
0.008392079431414323,LOW,APPROVE,0
0.004296374408993747,LOW,APPROVE,0
0.0035626642954668685,LOW,APPROVE,0
0.7566185861580994,HIGH,BLOCK,1
0.006868309478213362,LOW,APPROVE,0
0.015214682025007155,LOW,APPROVE,0
0.003850924983816646,LOW,APPROVE,0
0.017021190997270275,LOW,APPROVE,0
0.00935940377357359,LOW,APPROVE,0
0.002936433680125078,LOW,APPROVE,0
0.0071262427088638145,LOW,APPROVE,0
0.020879046303761972,LOW,APPROVE,0
0.0017110142204038213,LOW,APPROVE,0
0.0017855945555015666,LOW,APPROVE,0
0.00452792952633997,LOW,APPROVE,0
0.0023015924692504916,LOW,APPROVE,0
0.0031929412748930245,LOW,APPROVE,0
0.008372217549181457,LOW,APPROVE,0
0.01598164984873685,LOW,APPROVE,0
0.0017855945555015666,LOW,APPROVE,0
0.007355633066762878,LOW,APPROVE,0
0.007936923180546718,LOW,APPROVE,0
0.00122484006103804,LOW,APPROVE,0
0.01919415392444304,LOW,APPROVE,0
0.00824763005039549,LOW,APPROVE,0
0.015931556564263635,LOW,APPROVE,0
0.0071534764193524,LOW,APPROVE,0
0.003631520249675393,LOW,APPROVE,0
0.010723673802602354,LOW,APPROVE,0
0.0017985172087330288,LOW,APPROVE,0
0.0048634855989468755,LOW,APPROVE,0
0.011726788100072938,LOW,APPROVE,0
0.0014441736593950062,LOW,APPROVE,0
0.008354574784007984,LOW,APPROVE,0
0.03317949848797139,LOW,APPROVE,0
0.0003142748983163815,LOW,APPROVE,0
0.04973998979095131,LOW,APPROVE,0
0.008175748815365954,LOW,APPROVE,0
0.022766431195075505,LOW,APPROVE,0
0.002575211114862339,LOW,APPROVE,0
0.001871996553460899,LOW,APPROVE,0
0.05688044398032571,LOW,APPROVE,0
0.002591986196032397,LOW,APPROVE,0
0.00331797452977211,LOW,APPROVE,0
0.014362223721715795,LOW,APPROVE,0
0.005700867994890145,LOW,APPROVE,0
0.008375918118867086,LOW,APPROVE,0
0.047004498741104433,LOW,APPROVE,0
0.0446309490391403,LOW,APPROVE,0
0.0020104730076041448,LOW,APPROVE,0
0.01710428561002697,LOW,APPROVE,0
0.006833695372867707,LOW,APPROVE,0
0.010492424000341168,LOW,APPROVE,0
0.0027587125137611542,LOW,APPROVE,0
0.01481791673876651,LOW,APPROVE,0
0.00122484006103804,LOW,APPROVE,0
0.011765395950064534,LOW,APPROVE,0
0.01703528971827692,LOW,APPROVE,0
0.0303885139918246,LOW,APPROVE,0
0.008866952510584862,LOW,APPROVE,0
0.007280149545071636,LOW,APPROVE,0
0.0027106382093823184,LOW,APPROVE,0
0.005705601029093887,LOW,APPROVE,0
0.005279060840992856,LOW,APPROVE,0
0.08353183096712334,LOW,APPROVE,0
0.01334316816747734,LOW,APPROVE,0
0.000513252355555356,LOW,APPROVE,0
0.01554649956406296,LOW,APPROVE,0
0.009476407869218549,LOW,APPROVE,0
0.014814403362069656,LOW,APPROVE,0
0.0021369887949474896,LOW,APPROVE,0
0.004676645403090661,LOW,APPROVE,0
0.001432397007929599,LOW,APPROVE,0
0.005943738344437152,LOW,APPROVE,0
0.002762789414425889,LOW,APPROVE,0
0.0060212536248536504,LOW,APPROVE,0
0.007089317341515192,LOW,APPROVE,0
0.0012276380007818896,LOW,APPROVE,0
0.004346891911237999,LOW,APPROVE,0
0.003266041815015146,LOW,APPROVE,0
0.005210039406003926,LOW,APPROVE,0
0.002449053264036355,LOW,APPROVE,0
0.005110043627742205,LOW,APPROVE,0
0.010361932814151396,LOW,APPROVE,0
0.002769141356309769,LOW,APPROVE,0
0.016622763819967353,LOW,APPROVE,0
0.007943001097347836,LOW,APPROVE,0
0.0033860008397559862,LOW,APPROVE,0
0.0038026052787755327,LOW,APPROVE,0
0.02946161651221914,LOW,APPROVE,0
0.02155350806026017,LOW,APPROVE,0
0.08347671729320455,LOW,APPROVE,0
0.005569963324528302,LOW,APPROVE,0
0.006852554757900032,LOW,APPROVE,0
0.00025702677621794223,LOW,APPROVE,0
0.05437479823775862,LOW,APPROVE,0
0.07082121141242459,LOW,APPROVE,0
0.03309699706101991,LOW,APPROVE,0
0.0007215232515485111,LOW,APPROVE,0
0.014112068715116137,LOW,APPROVE,0
0.02130095500670452,LOW,APPROVE,0
0.004616394644299984,LOW,APPROVE,0
0.004564426288971915,LOW,APPROVE,0
0.01264772764896054,LOW,APPROVE,0
0.020775168047909846,LOW,APPROVE,0
0.013414574201375764,LOW,APPROVE,0
0.003035433015639986,LOW,APPROVE,0
0.015256574369113268,LOW,APPROVE,0
0.013216087813110781,LOW,APPROVE,0
0.004696836537313948,LOW,APPROVE,0
0.03204015864649781,LOW,APPROVE,0
0.017314135628067256,LOW,APPROVE,0
0.0044861095007260945,LOW,APPROVE,0
0.004466290491641881,LOW,APPROVE,1
0.016773593168336806,LOW,APPROVE,1
0.006564481250302097,LOW,APPROVE,0
0.039077885875283165,LOW,APPROVE,0
0.3893280574186311,MEDIUM,REVIEW,0
0.003780489640838123,LOW,APPROVE,0
0.0028698567243534484,LOW,APPROVE,0
0.004282058096112974,LOW,APPROVE,0
0.015984054535386222,LOW,APPROVE,0
0.006706080071042246,LOW,APPROVE,0
0.0018578630128211983,LOW,APPROVE,0
0.006378416177504855,LOW,APPROVE,0
0.017500090706561465,LOW,APPROVE,0
0.00857655227014416,LOW,APPROVE,0
0.07408434584120066,LOW,APPROVE,0
0.005142323226427641,LOW,APPROVE,0
0.005716585509740714,LOW,APPROVE,0
0.015611045671143126,LOW,APPROVE,0
0.0012558052116966479,LOW,APPROVE,0
0.0058655326208367844,LOW,APPROVE,0
0.025870634086293736,LOW,APPROVE,0
0.03831005124644394,LOW,APPROVE,0
0.04572938621358707,LOW,APPROVE,0
0.003254054065549953,LOW,APPROVE,0
0.004129535419831935,LOW,APPROVE,0
0.0017958094522574507,LOW,APPROVE,0
0.013925403773173679,LOW,APPROVE,0
0.0041143495621284235,LOW,APPROVE,0
0.015693954993197992,LOW,APPROVE,0
0.0064749699289655535,LOW,APPROVE,0
0.004088228159290339,LOW,APPROVE,0
0.00885199415408137,LOW,APPROVE,0
0.0038017300359794943,LOW,APPROVE,0
0.007970967383359473,LOW,APPROVE,0
0.0915692315287484,LOW,APPROVE,0
0.048552519677863316,LOW,APPROVE,0
0.19310474475774062,MEDIUM,REVIEW,0
0.004055338453857873,LOW,APPROVE,0
0.007433069005876313,LOW,APPROVE,0
0.03136314783568047,LOW,APPROVE,0
0.006038668068260359,LOW,APPROVE,0
0.19310474475774062,MEDIUM,REVIEW,0
0.08958229295249172,LOW,APPROVE,0
0.006695989042419273,LOW,APPROVE,0
0.003174859155352054,LOW,APPROVE,0
0.008683582929380028,LOW,APPROVE,0
0.001185638064067128,LOW,APPROVE,0
0.11205284816502104,MEDIUM,REVIEW,0
0.04070212012383225,LOW,APPROVE,0
0.017984359960899338,LOW,APPROVE,0
0.004719758468214047,LOW,APPROVE,0
0.001200044464151794,LOW,APPROVE,0
0.013532137551869976,LOW,APPROVE,0
0.01191391111141869,LOW,APPROVE,0
0.004071638491374056,LOW,APPROVE,0
0.00263187087465283,LOW,APPROVE,0
0.002387851977065547,LOW,APPROVE,0
0.019340782765095335,LOW,APPROVE,0
0.002329398734083065,LOW,APPROVE,0
0.0051687389906858,LOW,APPROVE,0
0.0020184949423828363,LOW,APPROVE,0
0.003482037422940864,LOW,APPROVE,0
0.006264640614479811,LOW,APPROVE,0
0.002845281702000132,LOW,APPROVE,0
0.009142879280190617,LOW,APPROVE,0
0.008354574784007984,LOW,APPROVE,0
0.010307584104828045,LOW,APPROVE,0
0.005776252855555791,LOW,APPROVE,0
0.061056868288018144,LOW,APPROVE,0
0.008211641127494274,LOW,APPROVE,0
0.03332698702157725,LOW,APPROVE,0
0.010573520487816792,LOW,APPROVE,0
0.007507555662234229,LOW,APPROVE,0
0.0592621154413563,LOW,APPROVE,0
0.006287302803364674,LOW,APPROVE,0
0.0043079313614871485,LOW,APPROVE,0
0.003945474489979455,LOW,APPROVE,0
0.004099624633980271,LOW,APPROVE,0
0.004203037122484382,LOW,APPROVE,0
0.029160018882792797,LOW,APPROVE,0
0.0018602201690066105,LOW,APPROVE,0
0.0022450228859722666,LOW,APPROVE,0
0.0007524828920572085,LOW,APPROVE,0
0.0019608615059540954,LOW,APPROVE,0
0.001816180929858264,LOW,APPROVE,0
0.0104116054101473,LOW,APPROVE,0
0.044135706376211614,LOW,APPROVE,0
0.010648660470507776,LOW,APPROVE,0
0.004711378598273263,LOW,APPROVE,0
0.03173027930283968,LOW,APPROVE,0
0.0035462880993998628,LOW,APPROVE,0
0.007308710447002898,LOW,APPROVE,0
0.04564313108262757,LOW,APPROVE,0
0.003913416524538347,LOW,APPROVE,0
0.007471383359112805,LOW,APPROVE,0
0.006356021710123748,LOW,APPROVE,0
0.010210041135490143,LOW,APPROVE,0
0.051219409413791245,LOW,APPROVE,0
0.08276107156733525,LOW,APPROVE,1
0.009648237156655524,LOW,APPROVE,0
0.001852497474254412,LOW,APPROVE,0
0.005925992869237063,LOW,APPROVE,0
0.03501165979801352,LOW,APPROVE,0
0.007898481086730373,LOW,APPROVE,0
0.032809956309417375,LOW,APPROVE,0
0.01097710777311998,LOW,APPROVE,0
0.011398011834619689,LOW,APPROVE,0
0.15349532292658424,MEDIUM,REVIEW,0
0.005516341429659379,LOW,APPROVE,0
0.013115222573966277,LOW,APPROVE,0
0.01396673524121086,LOW,APPROVE,0
0.06957980370440855,LOW,APPROVE,0
0.0025065937057590767,LOW,APPROVE,0
0.03500889893827736,LOW,APPROVE,1
0.03888652781516154,LOW,APPROVE,0
0.004793035163719376,LOW,APPROVE,0
0.0034001429816396234,LOW,APPROVE,0
0.041310150187233934,LOW,APPROVE,0
0.007066486422502417,LOW,APPROVE,0
0.011651111822236005,LOW,APPROVE,0
0.0130356658460048,LOW,APPROVE,0
0.0034141977787085407,LOW,APPROVE,0
0.0026237569871835433,LOW,APPROVE,0
0.007188922932607252,LOW,APPROVE,0
0.001187816257471931,LOW,APPROVE,0
0.008098887909372935,LOW,APPROVE,0
0.018193205426311698,LOW,APPROVE,0
0.04526116843203418,LOW,APPROVE,0
0.06903154740717363,LOW,APPROVE,0
0.006341128876862531,LOW,APPROVE,0
0.009531450067886681,LOW,APPROVE,0
0.007019512519272741,LOW,APPROVE,0
0.0034948838776173254,LOW,APPROVE,0
0.010641247738833357,LOW,APPROVE,0
0.04073968966871991,LOW,APPROVE,0
0.0034493322180606687,LOW,APPROVE,0
0.001843111584739712,LOW,APPROVE,0
0.01783057464934523,LOW,APPROVE,0
0.007302889931347932,LOW,APPROVE,0
0.004081845112452307,LOW,APPROVE,0
0.022597496340227747,LOW,APPROVE,0
0.05561352925270431,LOW,APPROVE,0
0.012129739963397449,LOW,APPROVE,0
0.03296322316320142,LOW,APPROVE,0
0.009560345216389486,LOW,APPROVE,0
0.010029424182663308,LOW,APPROVE,0
0.002089449096643259,LOW,APPROVE,0
0.007607025300638404,LOW,APPROVE,0
0.00876692970534801,LOW,APPROVE,0
0.006653756913336135,LOW,APPROVE,0
0.013560959460137943,LOW,APPROVE,0
0.017327646501032648,LOW,APPROVE,0
0.0016905839329125413,LOW,APPROVE,0
0.02061581902979407,LOW,APPROVE,0
0.0005860473158560991,LOW,APPROVE,0
0.2018658639330032,MEDIUM,REVIEW,1
0.45302299694884846,MEDIUM,REVIEW,1
0.02963221289966506,LOW,APPROVE,0
0.021366210969552542,LOW,APPROVE,0
0.05561352925270431,LOW,APPROVE,0
0.026241765304572662,LOW,APPROVE,0
0.0023549440591553103,LOW,APPROVE,0
0.002978535046218159,LOW,APPROVE,0
0.02298319230320607,LOW,APPROVE,0
0.008383783743397908,LOW,APPROVE,0
0.009338404457461081,LOW,APPROVE,0
0.03396406859331368,LOW,APPROVE,0
0.0028695100570685322,LOW,APPROVE,0
0.0008925438104416977,LOW,APPROVE,0
0.13096917003455838,MEDIUM,REVIEW,1
0.5718976625753899,HIGH,BLOCK,1
0.005471390613903972,LOW,APPROVE,0
0.011522268763955842,LOW,APPROVE,0
0.05116607361436332,LOW,APPROVE,0
0.0014568614394175861,LOW,APPROVE,0
0.0102629072152968,LOW,APPROVE,0
0.08985586595633824,LOW,APPROVE,1
0.0015007728238910932,LOW,APPROVE,0
0.006456518674735516,LOW,APPROVE,0
0.02949398956787073,LOW,APPROVE,0
0.008605471974333003,LOW,APPROVE,0
0.007570934312141091,LOW,APPROVE,0
0.012668735774823315,LOW,APPROVE,0
0.0831844357985272,LOW,APPROVE,0
0.006901428093003584,LOW,APPROVE,0
0.014006373255799013,LOW,APPROVE,0
0.42768004132751897,MEDIUM,REVIEW,0
0.009554970464384804,LOW,APPROVE,0
0.0020260405278842483,LOW,APPROVE,0
0.030241834763956397,LOW,APPROVE,0
0.00798719812718346,LOW,APPROVE,0
0.02510013461073291,LOW,APPROVE,0
0.00108313431519978,LOW,APPROVE,0
0.009695680608965314,LOW,APPROVE,0
0.0019935168064364717,LOW,APPROVE,0
0.0022405708520622336,LOW,APPROVE,0
0.004081759155155843,LOW,APPROVE,0
0.0017636154564531154,LOW,APPROVE,0
0.002677022611894888,LOW,APPROVE,0
0.003957319817725636,LOW,APPROVE,0
0.012390552454582596,LOW,APPROVE,1
0.012577208077820735,LOW,APPROVE,0
0.003023856320871606,LOW,APPROVE,0
0.0034493322180606687,LOW,APPROVE,0
0.004691728794153169,LOW,APPROVE,0
0.0014266907232786015,LOW,APPROVE,0
0.012577208077820735,LOW,APPROVE,0
0.005023839560949394,LOW,APPROVE,0
0.004584164268696374,LOW,APPROVE,0
0.0066463956024236295,LOW,APPROVE,0
0.0056168953980817535,LOW,APPROVE,0
0.005791056188818959,LOW,APPROVE,0
0.16084986880407132,MEDIUM,REVIEW,0
0.012577208077820735,LOW,APPROVE,0
0.006289930927521873,LOW,APPROVE,0
0.0029166049653246264,LOW,APPROVE,0
0.007101719913596718,LOW,APPROVE,0
0.002248348326197262,LOW,APPROVE,0
0.003727105993260699,LOW,APPROVE,0
0.003865019921225344,LOW,APPROVE,0
0.00952143235555253,LOW,APPROVE,0
0.004753894277467044,LOW,APPROVE,0
0.0783177219172864,LOW,APPROVE,0
0.006147162960747289,LOW,APPROVE,0
0.04110827240049678,LOW,APPROVE,1
0.00953303470051316,LOW,APPROVE,0
0.001256095183364163,LOW,APPROVE,0
0.01634636111980919,LOW,APPROVE,0
0.003320266589849097,LOW,APPROVE,0
0.049558857448897285,LOW,APPROVE,0
0.007570130832250421,LOW,APPROVE,0
0.021249807355118954,LOW,APPROVE,0
0.0027478044907219283,LOW,APPROVE,0
0.003690028448454108,LOW,APPROVE,0
0.002505012571913148,LOW,APPROVE,0
0.02784953060797277,LOW,APPROVE,0
0.003522211173751528,LOW,APPROVE,0
0.002828185394406267,LOW,APPROVE,0
0.013014047589767028,LOW,APPROVE,0
0.0027529230204929134,LOW,APPROVE,0
0.0027130808574048343,LOW,APPROVE,0
0.018950903918718037,LOW,APPROVE,0
0.04393538382569727,LOW,APPROVE,0
0.012096506272813223,LOW,APPROVE,0
0.0034538463962579557,LOW,APPROVE,0
0.0036019245979024635,LOW,APPROVE,0
0.006297756678344236,LOW,APPROVE,0
0.0017037269737675614,LOW,APPROVE,0
0.00512947379732086,LOW,APPROVE,0
0.0011817043342927573,LOW,APPROVE,0
0.004164985858102354,LOW,APPROVE,0
0.0019935168064364717,LOW,APPROVE,0
0.004523937023955821,LOW,APPROVE,0
0.005428299306690161,LOW,APPROVE,0
0.008368770213729096,LOW,APPROVE,0
0.0005714774018372846,LOW,APPROVE,0
0.00744735355243875,LOW,APPROVE,0
0.01366094609388747,LOW,APPROVE,0
0.03488769255232465,LOW,APPROVE,0
0.056802668264789614,LOW,APPROVE,1
0.00071584044844398,LOW,APPROVE,0
0.020103621366099705,LOW,APPROVE,0
0.02991796504319427,LOW,APPROVE,0
0.010872985726204737,LOW,APPROVE,0
0.025508248817017923,LOW,APPROVE,0
0.01251114721287403,LOW,APPROVE,0
0.006965697210042161,LOW,APPROVE,0
0.030107531072331776,LOW,APPROVE,0
0.0036019245979024635,LOW,APPROVE,0
0.3768635079594097,MEDIUM,REVIEW,0
0.0023275542158025676,LOW,APPROVE,0
0.002693816606801329,LOW,APPROVE,0
0.005998489886166695,LOW,APPROVE,0
0.0014677608500346913,LOW,APPROVE,0
0.002000192442844428,LOW,APPROVE,0
0.002420514255020529,LOW,APPROVE,0
0.07272222397546253,LOW,APPROVE,0
0.011761862134575527,LOW,APPROVE,0
0.05055258039707744,LOW,APPROVE,1
0.009695680608965314,LOW,APPROVE,0
0.004323500578242376,LOW,APPROVE,0
0.00526520344030237,LOW,APPROVE,0
0.01378470094612,LOW,APPROVE,0
0.04548617962917964,LOW,APPROVE,0
0.0051746140881364705,LOW,APPROVE,0
0.004656435347563381,LOW,APPROVE,0
0.007277399989180182,LOW,APPROVE,0
0.012298802319293638,LOW,APPROVE,0
0.012913652385172506,LOW,APPROVE,0
0.019302887076767458,LOW,APPROVE,0
0.0048612732884930066,LOW,APPROVE,0
0.025108343169843898,LOW,APPROVE,0
0.004923556539373573,LOW,APPROVE,0
0.025618842477789987,LOW,APPROVE,0
0.0013999747039718268,LOW,APPROVE,0
0.011043132434208194,LOW,APPROVE,0
0.010483809582518017,LOW,APPROVE,0
0.012628803897748618,LOW,APPROVE,0
0.21257278548700814,MEDIUM,REVIEW,0
0.007086422147285605,LOW,APPROVE,0
0.007042520372078681,LOW,APPROVE,0
0.013096087372014417,LOW,APPROVE,0
0.009745095066260517,LOW,APPROVE,0
0.008453267911255979,LOW,APPROVE,0
0.027538482946929618,LOW,APPROVE,0
0.0016318002279703727,LOW,APPROVE,0
0.01696774392239184,LOW,APPROVE,0
0.005377954712180955,LOW,APPROVE,0
0.008300528977139073,LOW,APPROVE,0
0.00285874814555683,LOW,APPROVE,0
0.013761963254708168,LOW,APPROVE,0
0.010443329582743811,LOW,APPROVE,0
0.005981990866733941,LOW,APPROVE,0
0.014652986853162898,LOW,APPROVE,0
0.022762070795253615,LOW,APPROVE,0
0.008093959636477778,LOW,APPROVE,0
0.00217583617515719,LOW,APPROVE,0
0.016349954182832253,LOW,APPROVE,0
0.005844463328252066,LOW,APPROVE,0
0.013337877379317483,LOW,APPROVE,0
0.0033348029466626584,LOW,APPROVE,0
0.009138574709287058,LOW,APPROVE,0
0.005226328378387352,LOW,APPROVE,0
0.007850785963525946,LOW,APPROVE,0
0.007510855158377962,LOW,APPROVE,0
0.003203677440055383,LOW,APPROVE,0
0.5299450056979879,HIGH,BLOCK,1
0.0007616919873348463,LOW,APPROVE,0
0.0047725466368129296,LOW,APPROVE,0
0.007146918327801807,LOW,APPROVE,0
0.0017450784724957387,LOW,APPROVE,0
0.020850361569255408,LOW,APPROVE,0
0.0038130266399495193,LOW,APPROVE,0
0.015443620351810638,LOW,APPROVE,0
0.004893194621341438,LOW,APPROVE,0
0.005706736477713725,LOW,APPROVE,0
0.004123509522883125,LOW,APPROVE,0
0.0016807265836714337,LOW,APPROVE,0
0.006824572788857151,LOW,APPROVE,0
0.02159771525471709,LOW,APPROVE,0
0.006576206008917766,LOW,APPROVE,0
0.05098264166220399,LOW,APPROVE,0
0.0009793539673683337,LOW,APPROVE,0
0.017260103002147188,LOW,APPROVE,1
0.014405108885638849,LOW,APPROVE,0
0.2843741601803291,MEDIUM,REVIEW,1
0.0240804522205401,LOW,APPROVE,0
0.011777644898182765,LOW,APPROVE,0
0.005608395726709904,LOW,APPROVE,0
0.035615440814781005,LOW,APPROVE,0
0.02738667144571609,LOW,APPROVE,0
0.032578317867244036,LOW,APPROVE,0
0.004996257103322415,LOW,APPROVE,0
0.004506968810820199,LOW,APPROVE,0
0.006856046311382535,LOW,APPROVE,0
0.0035076762034002163,LOW,APPROVE,0
0.0031083916454361735,LOW,APPROVE,0
0.005048238796959223,LOW,APPROVE,0
0.02717777158052804,LOW,APPROVE,0
0.0026851753015598254,LOW,APPROVE,0
0.006824572788857151,LOW,APPROVE,0
0.002985536725682645,LOW,APPROVE,0
0.0033536322431945943,LOW,APPROVE,0
0.0047725466368129296,LOW,APPROVE,0
0.0013813402817328866,LOW,APPROVE,0
0.04524405064121902,LOW,APPROVE,0
0.002255863091769907,LOW,APPROVE,0
0.0021256618766886445,LOW,APPROVE,0
0.0012182393468095371,LOW,APPROVE,0
0.0014102098953505562,LOW,APPROVE,0
0.039075174876399665,LOW,APPROVE,0
0.013737004829322696,LOW,APPROVE,0
0.02769090351685654,LOW,APPROVE,0
0.008296297514080756,LOW,APPROVE,0
0.00042732353547908784,LOW,APPROVE,0
0.0031295108361427603,LOW,APPROVE,0
0.0038462646394221457,LOW,APPROVE,0
0.058397267913692354,LOW,APPROVE,0
0.03282224990593589,LOW,APPROVE,0
0.019488744538927627,LOW,APPROVE,0
0.0014960887034860984,LOW,APPROVE,0
0.08134444770567613,LOW,APPROVE,0
0.015627430484486435,LOW,APPROVE,0
0.005553754789618668,LOW,APPROVE,0
0.0018279793897084552,LOW,APPROVE,0
0.015627430484486435,LOW,APPROVE,0
0.005711968571868246,LOW,APPROVE,0
0.001724127741503911,LOW,APPROVE,0
0.004452787449797475,LOW,APPROVE,0
0.004345353255201505,LOW,APPROVE,0
0.004053476248902867,LOW,APPROVE,0
0.005010838836700802,LOW,APPROVE,0
0.0024678638597888116,LOW,APPROVE,0
0.07434605944800692,LOW,APPROVE,0
0.006011432307882616,LOW,APPROVE,0
0.0028962683897277007,LOW,APPROVE,0
0.040853432754673534,LOW,APPROVE,0
0.009315017061035706,LOW,APPROVE,0
0.006150211155647259,LOW,APPROVE,0
0.01793960445654451,LOW,APPROVE,0
0.7556292361858293,HIGH,BLOCK,1
0.013038390115456615,LOW,APPROVE,0
0.0041437123312265105,LOW,APPROVE,0
0.0027720007334788737,LOW,APPROVE,0
0.058397267913692354,LOW,APPROVE,0
0.003870483782292914,LOW,APPROVE,0
0.10221982861062415,MEDIUM,REVIEW,0
0.00522890312655932,LOW,APPROVE,0
0.007442533600522914,LOW,APPROVE,0
0.058397267913692354,LOW,APPROVE,0
0.036446901985785145,LOW,APPROVE,0
0.015549839051570325,LOW,APPROVE,0
0.032972640258776664,LOW,APPROVE,0
0.007939012612153197,LOW,APPROVE,0
0.006592249517007887,LOW,APPROVE,0
0.004621381591778046,LOW,APPROVE,0
0.0020089679462382834,LOW,APPROVE,0
0.058397267913692354,LOW,APPROVE,0
0.01774566920832079,LOW,APPROVE,0
0.006700365753606631,LOW,APPROVE,0
0.0059331481109142535,LOW,APPROVE,0
0.03997554305582718,LOW,APPROVE,0
0.010490956974512975,LOW,APPROVE,0
0.021249807355118954,LOW,APPROVE,0
0.004594474527720638,LOW,APPROVE,0
0.01649701102866198,LOW,APPROVE,0
0.010392535200211672,LOW,APPROVE,0
0.006042492745371511,LOW,APPROVE,0
0.004026675705446083,LOW,APPROVE,0
0.002076122436616378,LOW,APPROVE,0
0.0042926393290344655,LOW,APPROVE,0
0.05627387035415159,LOW,APPROVE,0
0.015549839051570325,LOW,APPROVE,0
0.005534545920370801,LOW,APPROVE,0
0.024087109709046785,LOW,APPROVE,0
0.003746192094586862,LOW,APPROVE,0
0.0030261702446763494,LOW,APPROVE,0
0.03314357460092058,LOW,APPROVE,0
0.0015251134531052953,LOW,APPROVE,0
0.002338713178365117,LOW,APPROVE,0
0.09011908347374961,LOW,APPROVE,0
0.01368112610070496,LOW,APPROVE,0
0.004626267109489242,LOW,APPROVE,0
0.003986552875778605,LOW,APPROVE,0
0.004143073887484876,LOW,APPROVE,0
0.007166746188121683,LOW,APPROVE,0
0.0033743244567224218,LOW,APPROVE,0
0.024496351516691883,LOW,APPROVE,1
0.05461582968590258,LOW,APPROVE,0
0.008153988891981637,LOW,APPROVE,0
0.025305529155112107,LOW,APPROVE,0
0.02171493439548799,LOW,APPROVE,0
0.0031829093179664048,LOW,APPROVE,0
0.012227805000230347,LOW,APPROVE,0
0.075789257541783,LOW,APPROVE,0
0.01919815731671634,LOW,APPROVE,0
0.047662254269681195,LOW,APPROVE,0
0.0018062280170513263,LOW,APPROVE,0
0.0010929347636920571,LOW,APPROVE,0
0.027095201280193954,LOW,APPROVE,0
0.005360286977053749,LOW,APPROVE,0
0.031240795503629737,LOW,APPROVE,0
0.0019573823123399526,LOW,APPROVE,0
0.013941972175287113,LOW,APPROVE,0
0.0031941141928133712,LOW,APPROVE,0
0.0002400660247752209,LOW,APPROVE,0
0.03714348766361422,LOW,APPROVE,0
0.0031292952572181264,LOW,APPROVE,0
0.00318482930571953,LOW,APPROVE,0
0.0029036040646714793,LOW,APPROVE,0
0.007960552816462714,LOW,APPROVE,0
0.0029800592498764795,LOW,APPROVE,0
0.005652105962024129,LOW,APPROVE,0
0.010326375424957512,LOW,APPROVE,0
0.017753270505580926,LOW,APPROVE,0
0.012961518753672734,LOW,APPROVE,0
0.03714348766361422,LOW,APPROVE,0
0.0073143398791002895,LOW,APPROVE,0
0.0027144561318885453,LOW,APPROVE,0
0.0026061598814596295,LOW,APPROVE,0
0.001311789751068745,LOW,APPROVE,0
0.002119053625035815,LOW,APPROVE,0
0.004584738875503258,LOW,APPROVE,0
0.04276728432712418,LOW,APPROVE,0
0.0018104822989186717,LOW,APPROVE,0
0.001302551330325728,LOW,APPROVE,0
0.022575320930794274,LOW,APPROVE,0
0.002241294355630229,LOW,APPROVE,0
0.0016767746417064332,LOW,APPROVE,0
0.0017985702971186268,LOW,APPROVE,0
0.013857960741963379,LOW,APPROVE,0
0.0044027278609258145,LOW,APPROVE,0
0.007470107364616771,LOW,APPROVE,0
0.01837293896780511,LOW,APPROVE,0
0.005158391756389143,LOW,APPROVE,0
0.0015558358623338074,LOW,APPROVE,0
0.005019371066683655,LOW,APPROVE,0
0.001429495045880189,LOW,APPROVE,0
0.006820220999329334,LOW,APPROVE,0
0.03254417464915558,LOW,APPROVE,0
0.02681150863816833,LOW,APPROVE,0
0.0018764875704666395,LOW,APPROVE,0
0.002146247422089703,LOW,APPROVE,0
0.01274437930361589,LOW,APPROVE,0
0.003195364695649379,LOW,APPROVE,0
0.005770715770074341,LOW,APPROVE,0
0.005018739943004026,LOW,APPROVE,0
0.010274697073036371,LOW,APPROVE,0
0.004431921223479292,LOW,APPROVE,0
0.0027567702925198976,LOW,APPROVE,0
0.003203478709290908,LOW,APPROVE,0
0.00719529977297823,LOW,APPROVE,0
0.04751918623073304,LOW,APPROVE,0
0.006435649875573075,LOW,APPROVE,0
0.004797120881641089,LOW,APPROVE,0
0.004336662458763374,LOW,APPROVE,0
0.029363193148123787,LOW,APPROVE,0
0.004281950042305734,LOW,APPROVE,0
0.00758115833997833,LOW,APPROVE,0
0.014620652706888546,LOW,APPROVE,0
0.0946405158847192,LOW,APPROVE,0
0.005582848600572079,LOW,APPROVE,0
0.0056558632978515495,LOW,APPROVE,0
0.029528915215234628,LOW,APPROVE,0
0.015658690627168386,LOW,APPROVE,0
0.0009195011327028483,LOW,APPROVE,0
0.043165545611762425,LOW,APPROVE,0
0.015570085729265173,LOW,APPROVE,0
0.00143154496546162,LOW,APPROVE,0
0.022699591550422026,LOW,APPROVE,0
0.0025526245811182957,LOW,APPROVE,0
0.028047827346406526,LOW,APPROVE,0
0.007065055201883822,LOW,APPROVE,1
0.0007139549715808364,LOW,APPROVE,0
0.017068851539881857,LOW,APPROVE,0
0.020748944750375777,LOW,APPROVE,0
0.1861621479710406,MEDIUM,REVIEW,0
0.002391094191902804,LOW,APPROVE,0
0.0031329091588430296,LOW,APPROVE,0
0.003338567914851657,LOW,APPROVE,0
0.007923121152403281,LOW,APPROVE,0
0.007973150602127619,LOW,APPROVE,1
0.0035452285154626666,LOW,APPROVE,0
0.01029062608125551,LOW,APPROVE,0
0.02520130520269101,LOW,APPROVE,0
0.025488880688075238,LOW,APPROVE,0
0.025735614162703462,LOW,APPROVE,0
0.011757586589343496,LOW,APPROVE,0
0.006791661264867685,LOW,APPROVE,0
0.018588168070101135,LOW,APPROVE,0
0.022970707834578767,LOW,APPROVE,0
0.0044141293822048695,LOW,APPROVE,0
0.005137937641972221,LOW,APPROVE,0
0.016390879433474843,LOW,APPROVE,0
0.02058289636909466,LOW,APPROVE,0
0.004742061965888448,LOW,APPROVE,0
0.07403705750260488,LOW,APPROVE,0
0.053338792655958894,LOW,APPROVE,0
0.002812337971094679,LOW,APPROVE,0
0.01345678707897175,LOW,APPROVE,0
0.13353393670446526,MEDIUM,REVIEW,0
0.02588581152035422,LOW,APPROVE,0
0.005950620729850015,LOW,APPROVE,0
0.07403705750260488,LOW,APPROVE,0
0.11199582595673464,MEDIUM,REVIEW,0
0.01360781833702959,LOW,APPROVE,0
0.005855090971555659,LOW,APPROVE,0
0.0007482204569650143,LOW,APPROVE,0
0.030099325048412357,LOW,APPROVE,0
0.00710026687341408,LOW,APPROVE,0
0.003556554938821608,LOW,APPROVE,0
0.00953873968625032,LOW,APPROVE,0
0.0014818757471073783,LOW,APPROVE,0
0.015662945344647378,LOW,APPROVE,0
0.13925859138250368,MEDIUM,REVIEW,0
0.012546549436122345,LOW,APPROVE,0
0.0027186335471382035,LOW,APPROVE,0
0.018477803217423594,LOW,APPROVE,0
0.010622294476396645,LOW,APPROVE,0
0.006631282923319155,LOW,APPROVE,0
0.012830429592741388,LOW,APPROVE,0
0.0030520695050258073,LOW,APPROVE,0
0.011004990540020647,LOW,APPROVE,0
0.0054474030692078,LOW,APPROVE,0
0.008679411635458057,LOW,APPROVE,0
0.00934002074993765,LOW,APPROVE,0
0.0015539523556900184,LOW,APPROVE,0
0.006027439395269182,LOW,APPROVE,0
0.0030427125869499547,LOW,APPROVE,0
0.004519407655368099,LOW,APPROVE,0
0.005352742028201225,LOW,APPROVE,0
0.019789594939689455,LOW,APPROVE,0
0.01241757284700984,LOW,APPROVE,0
0.08866275604800213,LOW,APPROVE,0
0.052813172659585135,LOW,APPROVE,0
0.009029158654267481,LOW,APPROVE,0
0.03768477264100231,LOW,APPROVE,0
0.004861317538272487,LOW,APPROVE,0
0.012075101185207682,LOW,APPROVE,0
0.009218108950494037,LOW,APPROVE,0
0.0123143192053882,LOW,APPROVE,0
0.00863741265600209,LOW,APPROVE,0
0.012493099629441564,LOW,APPROVE,0
0.020063877605670997,LOW,APPROVE,0
0.0574951222389701,LOW,APPROVE,0
0.0043690688996363535,LOW,APPROVE,0
0.007723238489477847,LOW,APPROVE,0
0.014319529740630138,LOW,APPROVE,0
0.01280358513721782,LOW,APPROVE,0
0.005236207708685698,LOW,APPROVE,0
0.006332837940010712,LOW,APPROVE,0
0.004869270861146299,LOW,APPROVE,0
0.0020772528445274813,LOW,APPROVE,0
0.005191119206757152,LOW,APPROVE,0
0.013069184754052205,LOW,APPROVE,0
0.014941850143877488,LOW,APPROVE,0
0.053035433717624286,LOW,APPROVE,0
0.028665908946761624,LOW,APPROVE,0
0.009089951373433157,LOW,APPROVE,0
0.0004134899344633996,LOW,APPROVE,0
0.004096161947595383,LOW,APPROVE,0
0.008269633808513649,LOW,APPROVE,0
0.007143996272262892,LOW,APPROVE,0
0.01029062608125551,LOW,APPROVE,0
0.0931260380665082,LOW,APPROVE,0
0.0018531942535364829,LOW,APPROVE,0
0.002684794423038688,LOW,APPROVE,0
0.04389743883419862,LOW,APPROVE,0
0.017734958206199684,LOW,APPROVE,1
0.005705428393012014,LOW,APPROVE,0
0.003363121374267443,LOW,APPROVE,0
0.003399890624961916,LOW,APPROVE,0
0.003660072891642058,LOW,APPROVE,0
0.006178745183283405,LOW,APPROVE,0
0.17357755653019571,MEDIUM,REVIEW,0
0.0064627212301789135,LOW,APPROVE,0
0.0012383767837216308,LOW,APPROVE,0
0.0005436745287098673,LOW,APPROVE,0
0.0004129631510176032,LOW,APPROVE,0
0.0069385241184173035,LOW,APPROVE,0
0.006208960519503083,LOW,APPROVE,0
0.005076190137561977,LOW,APPROVE,0
0.0038895909951096983,LOW,APPROVE,0
0.004755151676503868,LOW,APPROVE,0
0.017054144618277308,LOW,APPROVE,0
0.014707638117006965,LOW,APPROVE,0
0.03481221074008502,LOW,APPROVE,0
0.029007678232803147,LOW,APPROVE,0
0.0020320372524761736,LOW,APPROVE,0
0.001619276596501954,LOW,APPROVE,0
0.004109004947226843,LOW,APPROVE,0
0.018608042343276888,LOW,APPROVE,0
0.006142796792284459,LOW,APPROVE,0
0.0050511765433189785,LOW,APPROVE,0
0.030470485542498444,LOW,APPROVE,0
0.001228995978595627,LOW,APPROVE,0
0.007589445429817993,LOW,APPROVE,0
0.03503059425082889,LOW,APPROVE,0
0.012106019616599125,LOW,APPROVE,0
0.0031229196698551965,LOW,APPROVE,0
0.0268493240197845,LOW,APPROVE,0
0.00308494907958213,LOW,APPROVE,0
0.0031567758603175764,LOW,APPROVE,0
0.004864995021395383,LOW,APPROVE,0
0.009014878544376732,LOW,APPROVE,0
0.0036410614149924806,LOW,APPROVE,0
0.008859469409206741,LOW,APPROVE,0
0.0024780673997502802,LOW,APPROVE,0
0.003390886051284197,LOW,APPROVE,0
0.0038013905744267856,LOW,APPROVE,0
0.0047936707792409165,LOW,APPROVE,0
0.008606698572187996,LOW,APPROVE,0
0.0020457448976455464,LOW,APPROVE,0
0.0025435738254114553,LOW,APPROVE,0
0.6970998634432735,HIGH,BLOCK,1
0.0027670567825980896,LOW,APPROVE,0
0.07264186308904694,LOW,APPROVE,0
0.029564862000122785,LOW,APPROVE,0
0.028636303145000805,LOW,APPROVE,0
0.008360859255191172,LOW,APPROVE,1
0.009868835432034838,LOW,APPROVE,0
0.006677672199065633,LOW,APPROVE,0
0.0019105547177299671,LOW,APPROVE,0
0.0028618950033195527,LOW,APPROVE,0
0.0031031024961826158,LOW,APPROVE,0
0.02900335792894556,LOW,APPROVE,0
0.010803003811802447,LOW,APPROVE,0
0.06895881980676508,LOW,APPROVE,0
0.0016796474556627185,LOW,APPROVE,0
0.035569676302244314,LOW,APPROVE,0
0.001706329063434402,LOW,APPROVE,0
0.008606698572187996,LOW,APPROVE,0
0.001938076160843557,LOW,APPROVE,0
0.05981313050364502,LOW,APPROVE,0
0.004107088005205907,LOW,APPROVE,0
0.004785556564086784,LOW,APPROVE,0
0.06843014153815866,LOW,APPROVE,0
0.008570624549903125,LOW,APPROVE,0
0.002888249484599867,LOW,APPROVE,0
0.03897625800533469,LOW,APPROVE,0
0.005084083156691497,LOW,APPROVE,0
0.011936296086852663,LOW,APPROVE,0
0.03513658282175653,LOW,APPROVE,0
0.005106168798135387,LOW,APPROVE,0
0.019534455569481923,LOW,APPROVE,0
0.02558217719324082,LOW,APPROVE,0
0.0018064099420750275,LOW,APPROVE,0
0.002431924916085083,LOW,APPROVE,0
0.006519763702046682,LOW,APPROVE,0
0.011561255821727784,LOW,APPROVE,0
0.006047302580907259,LOW,APPROVE,0
0.0025900925290492953,LOW,APPROVE,0
0.0031031024961826158,LOW,APPROVE,0
0.01221999213699069,LOW,APPROVE,0
0.01363235293602992,LOW,APPROVE,1
0.006615839228844038,LOW,APPROVE,0
0.005200034499307164,LOW,APPROVE,0
0.0024406414518538724,LOW,APPROVE,0
0.0026864774380096646,LOW,APPROVE,0
0.003969461043941195,LOW,APPROVE,0
0.04185581067810634,LOW,APPROVE,0
0.004662838431575162,LOW,APPROVE,0
0.011239561585527202,LOW,APPROVE,0
0.0022419603470849496,LOW,APPROVE,0
0.022561066779244132,LOW,APPROVE,0
0.006200450755227089,LOW,APPROVE,0
0.0030227779329189465,LOW,APPROVE,0
0.004744991375995348,LOW,APPROVE,0
0.018312983395576788,LOW,APPROVE,0
0.00323444866864662,LOW,APPROVE,0
0.003250276111223296,LOW,APPROVE,0
0.002309358540712785,LOW,APPROVE,0
0.003127883579454757,LOW,APPROVE,0
0.005471211886343285,LOW,APPROVE,0
0.004441473984592024,LOW,APPROVE,0
0.010538698058489891,LOW,APPROVE,0
0.002032906128580172,LOW,APPROVE,0
0.0016488896072819105,LOW,APPROVE,0
0.0018158316450999554,LOW,APPROVE,0
0.004889706761879443,LOW,APPROVE,0
0.036578505542215776,LOW,APPROVE,0
0.013752287156708627,LOW,APPROVE,0
0.009419569816143811,LOW,APPROVE,0
0.008151857483754911,LOW,APPROVE,0
0.002669844543735565,LOW,APPROVE,0
0.0054022682105731214,LOW,APPROVE,0
0.030618600186625974,LOW,APPROVE,0
0.0016527278737492204,LOW,APPROVE,0
0.004110786093224423,LOW,APPROVE,0
0.0016984606120754833,LOW,APPROVE,0
0.005859521833525472,LOW,APPROVE,0
0.07245432397675244,LOW,APPROVE,0
0.010284357416777945,LOW,APPROVE,0
0.0008322317897084487,LOW,APPROVE,0
0.004226283155689523,LOW,APPROVE,0
0.0036315631493489963,LOW,APPROVE,0
0.007602620747299465,LOW,APPROVE,0
0.006208462656684976,LOW,APPROVE,0
0.13369421279592938,MEDIUM,REVIEW,0
0.012077245971246807,LOW,APPROVE,0
0.0021967908928406344,LOW,APPROVE,0
0.0071761174775567625,LOW,APPROVE,0
0.0030954298893693696,LOW,APPROVE,0
0.008839297638448623,LOW,APPROVE,0
0.0035695447187424484,LOW,APPROVE,0
0.004653220952038806,LOW,APPROVE,0
0.12472285235785985,MEDIUM,REVIEW,0
0.0026010866983529487,LOW,APPROVE,0
0.014865622716358775,LOW,APPROVE,0
0.0003693833574384839,LOW,APPROVE,0
0.010689339331234176,LOW,APPROVE,0
0.21585363526448892,MEDIUM,REVIEW,0
0.0035491563391750495,LOW,APPROVE,0
0.0031174735348533616,LOW,APPROVE,0
0.006671857446892313,LOW,APPROVE,0
0.0033415248348716373,LOW,APPROVE,0
0.005936633946197456,LOW,APPROVE,0
0.018113232708540265,LOW,APPROVE,0
0.02881449307964429,LOW,APPROVE,0
0.0021460107910441905,LOW,APPROVE,0
0.0018569860634643637,LOW,APPROVE,0
0.03650518862847173,LOW,APPROVE,0
0.21585363526448892,MEDIUM,REVIEW,0
0.04590821312927803,LOW,APPROVE,1
0.006310300456010201,LOW,APPROVE,0
0.01062910187694871,LOW,APPROVE,0
0.001447404839164562,LOW,APPROVE,0
0.00787383485999804,LOW,APPROVE,0
0.004262786076560965,LOW,APPROVE,0
0.0035418048610047137,LOW,APPROVE,0
0.013949580013431037,LOW,APPROVE,0
0.002618666971308442,LOW,APPROVE,0
0.07387946678305156,LOW,APPROVE,0
0.015850320503645317,LOW,APPROVE,0
0.18155885848036907,MEDIUM,REVIEW,0
0.004378111987119571,LOW,APPROVE,0
0.21585363526448892,MEDIUM,REVIEW,0
0.020932333014955926,LOW,APPROVE,0
0.028049915488348794,LOW,APPROVE,0
0.0226846132528286,LOW,APPROVE,0
0.010689339331234176,LOW,APPROVE,0
0.0020136073531050193,LOW,APPROVE,0
0.006271860748955031,LOW,APPROVE,0
0.0051296175789144706,LOW,APPROVE,0
0.021141536892715314,LOW,APPROVE,0
0.0044881917990296834,LOW,APPROVE,0
0.0026610803320507165,LOW,APPROVE,0
0.014567082221555038,LOW,APPROVE,0
0.01926205758006824,LOW,APPROVE,0
0.002065867674592735,LOW,APPROVE,0
0.0042658627658702765,LOW,APPROVE,0
0.001138887244783829,LOW,APPROVE,0
0.018992379005092336,LOW,APPROVE,0
0.004305275290015911,LOW,APPROVE,0
0.004971067273727119,LOW,APPROVE,0
0.004608015795420516,LOW,APPROVE,0
0.014829244693650614,LOW,APPROVE,0
0.007238539105329945,LOW,APPROVE,0
0.002234857587439792,LOW,APPROVE,0
0.003486636263120429,LOW,APPROVE,0
0.018282654219168686,LOW,APPROVE,0
0.012144155214565007,LOW,APPROVE,0
0.006572946817348163,LOW,APPROVE,0
0.0017157558818664243,LOW,APPROVE,0
0.0012535920187697368,LOW,APPROVE,0
0.006489690683664869,LOW,APPROVE,0
0.0065851784241841745,LOW,APPROVE,0
0.008469693335402937,LOW,APPROVE,0
0.0022802734258473914,LOW,APPROVE,0
0.014409149833974417,LOW,APPROVE,0
0.0004793876245950636,LOW,APPROVE,0
0.007049111379184141,LOW,APPROVE,0
0.006225683177997452,LOW,APPROVE,0
0.007224181882801386,LOW,APPROVE,0
0.011496826545699864,LOW,APPROVE,0
0.005256787390537645,LOW,APPROVE,0
0.003713934766031516,LOW,APPROVE,0
0.005828275331988729,LOW,APPROVE,0
0.003410364423942118,LOW,APPROVE,0
0.005698343157643615,LOW,APPROVE,0
0.0025974461316578645,LOW,APPROVE,0
0.0056264335616800195,LOW,APPROVE,0
0.008222401851477651,LOW,APPROVE,0
0.0015046384576264183,LOW,APPROVE,0
0.024991781722522664,LOW,APPROVE,0
0.005020965468681403,LOW,APPROVE,0
0.12353617198102004,MEDIUM,REVIEW,0
0.004249218605092276,LOW,APPROVE,0
0.03497696948693564,LOW,APPROVE,0
0.023984398996119687,LOW,APPROVE,0
0.014071827446850475,LOW,APPROVE,0
0.004150229469930181,LOW,APPROVE,0
0.001158604775752162,LOW,APPROVE,0
0.01705068228480074,LOW,APPROVE,0
0.0019376651728312913,LOW,APPROVE,0
0.003477719226333843,LOW,APPROVE,0
0.1478357162857337,MEDIUM,REVIEW,0
0.017272670803230705,LOW,APPROVE,0
0.003554800809885546,LOW,APPROVE,0
0.007537001465973854,LOW,APPROVE,0
0.004799396199132293,LOW,APPROVE,0
0.013371021688945422,LOW,APPROVE,0
0.002959388229883672,LOW,APPROVE,0
0.0185573461624623,LOW,APPROVE,0
0.0022883763867084243,LOW,APPROVE,0
0.00846322690735886,LOW,APPROVE,0
0.002189506526838125,LOW,APPROVE,0
0.003541788366314971,LOW,APPROVE,0
0.04817461050027774,LOW,APPROVE,0
0.06416440352732847,LOW,APPROVE,0
0.008355235389954592,LOW,APPROVE,0
0.04294931959228878,LOW,APPROVE,0
0.01006237953211771,LOW,APPROVE,0
0.0075114302683062266,LOW,APPROVE,0
0.012050153140642708,LOW,APPROVE,0
0.013614557521320089,LOW,APPROVE,0
0.016219700934070786,LOW,APPROVE,0
0.00718554451054489,LOW,APPROVE,0
0.004163674273230411,LOW,APPROVE,0
0.004157878492981671,LOW,APPROVE,0
0.012894271510423631,LOW,APPROVE,0
0.0018919813797029503,LOW,APPROVE,0
0.006403456119980235,LOW,APPROVE,0
0.016741211690530545,LOW,APPROVE,0
0.03241087768009583,LOW,APPROVE,0
0.0025294309874998996,LOW,APPROVE,0
0.4278390389418729,MEDIUM,REVIEW,1
0.008533986742559417,LOW,APPROVE,0
0.12288800548501558,MEDIUM,REVIEW,0
0.0151609326461205,LOW,APPROVE,0
0.009083654408358894,LOW,APPROVE,0
0.010823941810296464,LOW,APPROVE,0
0.00266624776902965,LOW,APPROVE,0
0.013175443998525669,LOW,APPROVE,0
0.01005232106496748,LOW,APPROVE,0
0.006085229791177951,LOW,APPROVE,0
0.0033657976687809263,LOW,APPROVE,0
0.0045117175170243965,LOW,APPROVE,0
0.013375341818171604,LOW,APPROVE,0
0.020282995997479698,LOW,APPROVE,0
0.012677146970185764,LOW,APPROVE,0
0.020234783789488155,LOW,APPROVE,0
0.004583308487732137,LOW,APPROVE,0
0.022417067924163925,LOW,APPROVE,0
0.004738994917975465,LOW,APPROVE,0
0.004124290913496847,LOW,APPROVE,0
0.020485449254352365,LOW,APPROVE,0
0.07879680320139879,LOW,APPROVE,0
0.09972558199095753,LOW,APPROVE,0
0.13288225905098455,MEDIUM,REVIEW,0
0.006708515815102206,LOW,APPROVE,0
0.010242587634878644,LOW,APPROVE,0
0.0017954946943724095,LOW,APPROVE,0
0.010513837972603919,LOW,APPROVE,0
0.4393468262620409,MEDIUM,REVIEW,1
0.005778112377913408,LOW,APPROVE,0
0.009622713164235476,LOW,APPROVE,0
0.12254279947826312,MEDIUM,REVIEW,0
0.0028249097891956923,LOW,APPROVE,0
0.04523241514586059,LOW,APPROVE,0
0.003940264690399285,LOW,APPROVE,0
0.0064836452958421074,LOW,APPROVE,0
0.005234015797868652,LOW,APPROVE,0
0.005226881280568597,LOW,APPROVE,0
0.01666761725302233,LOW,APPROVE,0
0.017023032033289996,LOW,APPROVE,0
0.004821576950128631,LOW,APPROVE,0
0.0027279363673962426,LOW,APPROVE,0
0.4393468262620409,MEDIUM,REVIEW,1
0.0054048078006899754,LOW,APPROVE,0
0.0012375529215376791,LOW,APPROVE,0
0.0053017428342966855,LOW,APPROVE,0
0.013239706667542145,LOW,APPROVE,0
0.002098136149887133,LOW,APPROVE,0
0.004001423724407476,LOW,APPROVE,0
0.005680287798073088,LOW,APPROVE,0
0.003263839605337648,LOW,APPROVE,0
0.0036542675765914127,LOW,APPROVE,0
0.003729093390087168,LOW,APPROVE,0
0.0020372645856355444,LOW,APPROVE,0
0.0028993588862553958,LOW,APPROVE,0
0.019117988867405494,LOW,APPROVE,0
0.014348253056102045,LOW,APPROVE,0
0.006966754559105418,LOW,APPROVE,0
0.019255618324752168,LOW,APPROVE,0
0.005076441675671475,LOW,APPROVE,0
0.007603239784050736,LOW,APPROVE,0
0.04223393800993318,LOW,APPROVE,0
0.01775768180678147,LOW,APPROVE,0
0.021257547606551595,LOW,APPROVE,0
0.005076441675671475,LOW,APPROVE,0
0.004814402866713778,LOW,APPROVE,0
0.007809769772394424,LOW,APPROVE,0
0.003129997925910354,LOW,APPROVE,0
0.004648537859935158,LOW,APPROVE,0
0.01855477322830732,LOW,APPROVE,0
0.005082301630738139,LOW,APPROVE,0
0.009882423813285973,LOW,APPROVE,0
0.0030206993136434185,LOW,APPROVE,0
0.01654185051233389,LOW,APPROVE,0
0.0029283647682331105,LOW,APPROVE,0
0.02224929891015707,LOW,APPROVE,0
0.00401455080388207,LOW,APPROVE,0
0.02670644911128295,LOW,APPROVE,0
0.0034810274455726498,LOW,APPROVE,0
0.014904945319217806,LOW,APPROVE,0
0.020338201507787354,LOW,APPROVE,0
0.07757425170009785,LOW,APPROVE,1
0.012556484761482804,LOW,APPROVE,0
0.1011527892023946,MEDIUM,REVIEW,0
0.016671693952690143,LOW,APPROVE,0
0.010441583289777411,LOW,APPROVE,0
0.006039597852677847,LOW,APPROVE,0
0.014450371310331434,LOW,APPROVE,0
0.018200286161676845,LOW,APPROVE,0
0.02304516723817365,LOW,APPROVE,0
0.058077494327734604,LOW,APPROVE,0
0.024729731857962522,LOW,APPROVE,0
0.0032257651550304666,LOW,APPROVE,0
0.008496830727771092,LOW,APPROVE,0
0.006222122691713806,LOW,APPROVE,0
0.011524734963346083,LOW,APPROVE,0
0.003314179917641278,LOW,APPROVE,0
0.012674831136892214,LOW,APPROVE,0
0.001599859978314,LOW,APPROVE,0
0.09901281068617981,LOW,APPROVE,0
0.0332746820403958,LOW,APPROVE,0
0.004971131050941863,LOW,APPROVE,0
0.010209261037021777,LOW,APPROVE,0
0.031114647589563497,LOW,APPROVE,0
0.060683498509417115,LOW,APPROVE,0
0.0031994382607716497,LOW,APPROVE,0
0.00648629041214265,LOW,APPROVE,0
0.04124036989286361,LOW,APPROVE,0
0.007625944828328357,LOW,APPROVE,0
0.04930397019707655,LOW,APPROVE,0
0.004176452530595516,LOW,APPROVE,0
0.012286966896100406,LOW,APPROVE,0
0.004967577295515144,LOW,APPROVE,0
0.060683498509417115,LOW,APPROVE,0
0.011017517503487288,LOW,APPROVE,0
0.00392225191352259,LOW,APPROVE,0
0.00410923925559834,LOW,APPROVE,0
0.006092262837129437,LOW,APPROVE,0
0.007364481863655893,LOW,APPROVE,0
0.010533959832597035,LOW,APPROVE,0
0.003616869871478176,LOW,APPROVE,0
0.013848196298902032,LOW,APPROVE,0
0.023363232871226283,LOW,APPROVE,0
0.06583026544918118,LOW,APPROVE,0
0.005299631038788522,LOW,APPROVE,0
0.030393797099974796,LOW,APPROVE,0
0.0013274096738342513,LOW,APPROVE,0
0.006530075968039492,LOW,APPROVE,0
0.019186989613600505,LOW,APPROVE,0
0.0038421556570545743,LOW,APPROVE,0
0.039319281809357606,LOW,APPROVE,0
0.006881744930986597,LOW,APPROVE,0
0.02440060923167639,LOW,APPROVE,0
0.08489022508055769,LOW,APPROVE,0
0.04716266552295171,LOW,APPROVE,0
0.0032317652682421843,LOW,APPROVE,0
0.025226379617211313,LOW,APPROVE,0
0.005529319760496402,LOW,APPROVE,0
0.016989675094627062,LOW,APPROVE,0
0.03368788844117891,LOW,APPROVE,0
0.00721878348098666,LOW,APPROVE,0
0.00329764012937396,LOW,APPROVE,0
0.07377624292023777,LOW,APPROVE,1
0.002072762301042406,LOW,APPROVE,0
0.00965892370517681,LOW,APPROVE,0
0.003950170832939626,LOW,APPROVE,0
0.04763683069917457,LOW,APPROVE,1
0.005368828499381059,LOW,APPROVE,0
0.006142054284895347,LOW,APPROVE,0
0.003781344911309255,LOW,APPROVE,0
0.030150435793891865,LOW,APPROVE,0
0.07699831124672234,LOW,APPROVE,0
0.005736238965475392,LOW,APPROVE,0
0.011096159396833904,LOW,APPROVE,0
0.003485686344049993,LOW,APPROVE,0
0.012301016391780936,LOW,APPROVE,0
0.018945820370881154,LOW,APPROVE,0
0.003684015751088797,LOW,APPROVE,0
0.007039369887794813,LOW,APPROVE,0
0.0019906300659831284,LOW,APPROVE,0
0.022087301504950283,LOW,APPROVE,0
0.01657436887357489,LOW,APPROVE,0
0.017049435145898368,LOW,APPROVE,0
0.004531203710046244,LOW,APPROVE,0
0.006534220735821437,LOW,APPROVE,0
0.0014041439655562776,LOW,APPROVE,0
0.001987519543560249,LOW,APPROVE,0
0.07699831124672234,LOW,APPROVE,0
0.010152269448785639,LOW,APPROVE,0
0.004838921936448376,LOW,APPROVE,0
0.0024868841050705096,LOW,APPROVE,0
0.005427044299841279,LOW,APPROVE,0
0.0025329496896760494,LOW,APPROVE,0
0.002476278908971844,LOW,APPROVE,0
0.005220757470066441,LOW,APPROVE,0
0.007301145917064669,LOW,APPROVE,0
0.01612470349599881,LOW,APPROVE,0
0.007346602515225842,LOW,APPROVE,0
0.0026636878385955303,LOW,APPROVE,0
0.0034420839624132874,LOW,APPROVE,0
0.0039987332207170965,LOW,APPROVE,0
0.026401495811952638,LOW,APPROVE,0
0.0074987241497997134,LOW,APPROVE,0
0.004652883630947123,LOW,APPROVE,0
0.003624508066084671,LOW,APPROVE,0
0.0035405522845031465,LOW,APPROVE,0
0.0036349861106655767,LOW,APPROVE,0
0.008150598862502058,LOW,APPROVE,0
0.011151603097406043,LOW,APPROVE,0
0.02532905196493232,LOW,APPROVE,0
0.027697838677970932,LOW,APPROVE,0
0.00439708712450001,LOW,APPROVE,0
0.010831572591735856,LOW,APPROVE,0
0.0030874261471167726,LOW,APPROVE,0
0.07699831124672234,LOW,APPROVE,0
0.010784636238027608,LOW,APPROVE,0
0.0039985217334120695,LOW,APPROVE,0
0.003197335247173869,LOW,APPROVE,0
0.03290923880829098,LOW,APPROVE,0
0.010529274675535208,LOW,APPROVE,0
0.007982729670582207,LOW,APPROVE,0
0.008239177220591466,LOW,APPROVE,0
0.10512270375065076,MEDIUM,REVIEW,0
0.006066498359785004,LOW,APPROVE,0
0.007148827129185809,LOW,APPROVE,0
0.004029562047565541,LOW,APPROVE,0
0.010631960062576964,LOW,APPROVE,0
0.012391875270982919,LOW,APPROVE,0
0.010481036476349523,LOW,APPROVE,0
0.005813792250170239,LOW,APPROVE,0
0.004137835620273484,LOW,APPROVE,0
0.002153462906595984,LOW,APPROVE,0
0.004476440123843209,LOW,APPROVE,0
0.005262335559808708,LOW,APPROVE,0
0.0028509478378900173,LOW,APPROVE,0
0.06465912370219577,LOW,APPROVE,0
0.007481084644880883,LOW,APPROVE,0
0.0033235188211188944,LOW,APPROVE,0
0.03361192458257948,LOW,APPROVE,0
0.007799721073058517,LOW,APPROVE,0
0.002550726972040812,LOW,APPROVE,0
0.0033235188211188944,LOW,APPROVE,0
0.002749361736019005,LOW,APPROVE,0
0.001292433130402492,LOW,APPROVE,0
0.0024419203081080887,LOW,APPROVE,0
0.06851436570439864,LOW,APPROVE,0
0.002673577063779301,LOW,APPROVE,0
0.003342926727318483,LOW,APPROVE,0
0.005425182059673333,LOW,APPROVE,0
0.0032871747601308098,LOW,APPROVE,0
0.010558898920274336,LOW,APPROVE,0
0.006625903014552424,LOW,APPROVE,0
0.006480377078309182,LOW,APPROVE,0
0.0033762790938838792,LOW,APPROVE,0
0.047379470816519074,LOW,APPROVE,0
0.004287480950226811,LOW,APPROVE,0
0.008239177220591466,LOW,APPROVE,0
0.010580861269248253,LOW,APPROVE,0
0.0021744755704287055,LOW,APPROVE,0
0.0016279606854852661,LOW,APPROVE,0
0.03296948349637064,LOW,APPROVE,0
0.004576892534942086,LOW,APPROVE,0
0.016378997145412005,LOW,APPROVE,0
0.022332780362748668,LOW,APPROVE,0
0.006701181261226304,LOW,APPROVE,0
0.0027121027593627516,LOW,APPROVE,0
0.0028053792038854088,LOW,APPROVE,0
0.010917455678338203,LOW,APPROVE,0
0.009975658302125053,LOW,APPROVE,0
0.002116846102113156,LOW,APPROVE,0
0.007423639656967797,LOW,APPROVE,0
0.002002595849915551,LOW,APPROVE,0
0.005901108683798772,LOW,APPROVE,0
0.014633534877593066,LOW,APPROVE,0
0.00400288515176994,LOW,APPROVE,0
0.004437008311885615,LOW,APPROVE,0
0.007122392052211617,LOW,APPROVE,0
0.027644636366469938,LOW,APPROVE,0
0.0027251327984081477,LOW,APPROVE,0
0.012204115969327313,LOW,APPROVE,0
0.0053732777679460835,LOW,APPROVE,0
0.029533635921576797,LOW,APPROVE,0
0.00511546628965333,LOW,APPROVE,0
0.0038807290161121852,LOW,APPROVE,0
0.0978518094359294,LOW,APPROVE,0
0.07958904967061119,LOW,APPROVE,0
0.035892344506217096,LOW,APPROVE,0
0.0014401772048650743,LOW,APPROVE,0
0.003809362687873346,LOW,APPROVE,0
0.007713645853210992,LOW,APPROVE,0
0.13353073453488154,MEDIUM,REVIEW,0
0.011915133880237926,LOW,APPROVE,0
0.004496598245789869,LOW,APPROVE,0
0.008931026057394964,LOW,APPROVE,0
0.02051154525879885,LOW,APPROVE,0
0.03203772992424221,LOW,APPROVE,0
0.009203150895308732,LOW,APPROVE,0
0.026454141834475284,LOW,APPROVE,0
0.009393972841484922,LOW,APPROVE,0
0.011050221002856176,LOW,APPROVE,0
0.006617719366527826,LOW,APPROVE,0
0.09744169466017548,LOW,APPROVE,1
0.003599614307799196,LOW,APPROVE,0
0.016876124885795644,LOW,APPROVE,0
0.0033235188211188944,LOW,APPROVE,0
0.006239480875565567,LOW,APPROVE,0
0.0034158987761490436,LOW,APPROVE,0
0.003599614307799196,LOW,APPROVE,0
0.002987943043725325,LOW,APPROVE,0
0.004483809881680777,LOW,APPROVE,0
0.011078577343052561,LOW,APPROVE,0
0.06961450879320051,LOW,APPROVE,1
0.002151010020452382,LOW,APPROVE,0
0.004961573030111896,LOW,APPROVE,0
0.01320800843476189,LOW,APPROVE,0
0.005856941985620519,LOW,APPROVE,0
0.006830664291473985,LOW,APPROVE,0
0.004928480938430495,LOW,APPROVE,0
0.0027841875839721285,LOW,APPROVE,0
0.0026681967431512795,LOW,APPROVE,0
0.009723466649867342,LOW,APPROVE,0
0.004683440600089161,LOW,APPROVE,0
0.006036940885314172,LOW,APPROVE,0
0.0005881592312039896,LOW,APPROVE,0
0.011950451618936089,LOW,APPROVE,0
0.003940193172045033,LOW,APPROVE,0
0.003536524722730714,LOW,APPROVE,0
0.006474636621099378,LOW,APPROVE,0
0.022708952693106726,LOW,APPROVE,0
0.002751689107272407,LOW,APPROVE,0
0.039630738567059565,LOW,APPROVE,0
0.024747776861402646,LOW,APPROVE,0
0.0020768273462228987,LOW,APPROVE,0
0.0019266644409796098,LOW,APPROVE,0
0.009460069669991324,LOW,APPROVE,0
0.0060575340230121216,LOW,APPROVE,0
0.004275572280796115,LOW,APPROVE,0
0.019381645516160038,LOW,APPROVE,0
0.01921391517271747,LOW,APPROVE,0
0.007210433545733219,LOW,APPROVE,0
0.020905702406849386,LOW,APPROVE,0
0.0024267769707785386,LOW,APPROVE,0
0.005704335914898081,LOW,APPROVE,0
0.019381645516160038,LOW,APPROVE,0
0.013397630228339045,LOW,APPROVE,0
0.02065298135071796,LOW,APPROVE,0
0.009188675038187268,LOW,APPROVE,0
0.028353848188834345,LOW,APPROVE,0
0.010678631672175504,LOW,APPROVE,0
0.008099108889741462,LOW,APPROVE,0
0.013298605056678887,LOW,APPROVE,0
0.0061411423834670555,LOW,APPROVE,0
0.007230718466811667,LOW,APPROVE,0
0.0694384555011737,LOW,APPROVE,0
0.0020484214292100533,LOW,APPROVE,0
0.0031239703687208757,LOW,APPROVE,0
0.0018005115344085622,LOW,APPROVE,0
0.00836444177216385,LOW,APPROVE,0
0.0029074697894334966,LOW,APPROVE,0
0.008627652557621424,LOW,APPROVE,0
0.031277322506498215,LOW,APPROVE,0
0.01650866033792181,LOW,APPROVE,0
0.05118024713370721,LOW,APPROVE,0
0.02010263737941843,LOW,APPROVE,0
0.005742838272746969,LOW,APPROVE,0
0.0032006036559589436,LOW,APPROVE,0
0.006775817600597939,LOW,APPROVE,0
0.006463203117709801,LOW,APPROVE,0
0.0050567568914108175,LOW,APPROVE,0
0.0017808250737381633,LOW,APPROVE,0
0.003233131827451434,LOW,APPROVE,0
0.0031553962679840876,LOW,APPROVE,0
0.0032919856729121543,LOW,APPROVE,0
0.001021786381397949,LOW,APPROVE,0
0.012999571743856478,LOW,APPROVE,0
0.0029454750216805154,LOW,APPROVE,0
0.006853617641612394,LOW,APPROVE,0
0.011120719102235933,LOW,APPROVE,0
0.005315757996284223,LOW,APPROVE,0
0.02938034774759286,LOW,APPROVE,0
0.07391872639701341,LOW,APPROVE,0
0.0013282746358657573,LOW,APPROVE,0
0.003999113416953483,LOW,APPROVE,0
0.005958570902255855,LOW,APPROVE,0
0.0033908564525980327,LOW,APPROVE,0
0.014646645732295016,LOW,APPROVE,0
0.020403439133187262,LOW,APPROVE,0
0.023596045279637046,LOW,APPROVE,0
0.004071860223906473,LOW,APPROVE,0
0.0019493063888069277,LOW,APPROVE,0
0.0020553274844019474,LOW,APPROVE,0
0.11690100821138963,MEDIUM,REVIEW,0
0.007042847997190666,LOW,APPROVE,0
0.005904283195743232,LOW,APPROVE,0
0.004071860223906473,LOW,APPROVE,0
0.004568307202974084,LOW,APPROVE,0
0.0030954884632949237,LOW,APPROVE,0
0.022277972961955224,LOW,APPROVE,0
0.008482106073875048,LOW,APPROVE,0
0.005766513833898514,LOW,APPROVE,0
0.01876297672781652,LOW,APPROVE,0
0.007869940900460379,LOW,APPROVE,0
0.0033532186467797264,LOW,APPROVE,0
0.00797662021599221,LOW,APPROVE,0
0.8417278181989978,HIGH,BLOCK,1
0.025151226944022782,LOW,APPROVE,0
0.005440211585395302,LOW,APPROVE,0
0.007146693869610455,LOW,APPROVE,0
0.005697807578592557,LOW,APPROVE,0
0.008063921035740385,LOW,APPROVE,0
0.019381645516160038,LOW,APPROVE,0
0.002901379758710049,LOW,APPROVE,0
0.010902001872654216,LOW,APPROVE,0
0.027317497753779275,LOW,APPROVE,0
0.07748533477001,LOW,APPROVE,0
0.004742284265654925,LOW,APPROVE,0
0.0077316759130503935,LOW,APPROVE,0
0.007674946264079827,LOW,APPROVE,0
0.019381645516160038,LOW,APPROVE,0
0.008869505847122932,LOW,APPROVE,0
0.019381645516160038,LOW,APPROVE,0
0.01413600075283252,LOW,APPROVE,0
0.02417846964293436,LOW,APPROVE,0
0.013378055200664932,LOW,APPROVE,0
0.004071860223906473,LOW,APPROVE,0
0.019381645516160038,LOW,APPROVE,0
0.004408294837771701,LOW,APPROVE,0
0.014512862192620749,LOW,APPROVE,0
0.0024845713743267303,LOW,APPROVE,0
0.01080502823857488,LOW,APPROVE,0
0.020481502151579293,LOW,APPROVE,0
0.005799658699980463,LOW,APPROVE,0
0.003536524722730714,LOW,APPROVE,0
0.0033564263473406636,LOW,APPROVE,0
0.011118053565717856,LOW,APPROVE,0
0.015144965827517507,LOW,APPROVE,0
0.0035231230537483968,LOW,APPROVE,0
0.011426705719549833,LOW,APPROVE,0
0.002918176834281061,LOW,APPROVE,0
0.018168602656235898,LOW,APPROVE,0
0.0005455251577560681,LOW,APPROVE,0
0.00772009676414472,LOW,APPROVE,0
0.0016727978615160971,LOW,APPROVE,0
0.044676093573866336,LOW,APPROVE,0
0.0021228151010678166,LOW,APPROVE,0
0.004829383644720648,LOW,APPROVE,0
0.013326441335619775,LOW,APPROVE,0
0.012106891383144814,LOW,APPROVE,0
0.011629029768782469,LOW,APPROVE,0
0.0026787383941889414,LOW,APPROVE,0
0.0047229251454007845,LOW,APPROVE,0
0.019758008372791878,LOW,APPROVE,0
0.01474398988734393,LOW,APPROVE,0
0.0015878107665967351,LOW,APPROVE,0
0.008679833918244844,LOW,APPROVE,0
0.0042795303329599,LOW,APPROVE,0
0.05315052327144835,LOW,APPROVE,0
0.0015878107665967351,LOW,APPROVE,0
0.010706913223874754,LOW,APPROVE,0
0.02076666311357284,LOW,APPROVE,0
0.005539382959553786,LOW,APPROVE,0
0.009620571305807317,LOW,APPROVE,0
0.007264390944540622,LOW,APPROVE,0
0.004961404446237759,LOW,APPROVE,0
0.01727216204135686,LOW,APPROVE,0
0.005199933877306237,LOW,APPROVE,0
0.009208801248362496,LOW,APPROVE,0
0.0018124466356269485,LOW,APPROVE,0
0.0034268481354154828,LOW,APPROVE,0
0.00331628540832148,LOW,APPROVE,0
0.007042847997190666,LOW,APPROVE,0
0.09948218601604271,LOW,APPROVE,1
0.002763712664970269,LOW,APPROVE,0
0.007948133542172359,LOW,APPROVE,0
0.0021839148796981784,LOW,APPROVE,0
0.01322910946775341,LOW,APPROVE,0
0.0027760111337864013,LOW,APPROVE,0
0.011150842847983984,LOW,APPROVE,0
0.05798366773961682,LOW,APPROVE,0
0.007799598686792705,LOW,APPROVE,0
0.017841124260834812,LOW,APPROVE,0
0.003515076798684121,LOW,APPROVE,0
0.018363711469746333,LOW,APPROVE,0
0.02777299162136564,LOW,APPROVE,0
0.007102562817028139,LOW,APPROVE,0
0.008865351601473337,LOW,APPROVE,0
0.003160109655385858,LOW,APPROVE,0
0.0006607080017347377,LOW,APPROVE,0
0.0038768436600515642,LOW,APPROVE,0
0.00563512202291275,LOW,APPROVE,0
0.008335779251618486,LOW,APPROVE,0
0.052799623962822166,LOW,APPROVE,0
0.0041875302979213075,LOW,APPROVE,0
0.08554431701486807,LOW,APPROVE,0
0.004869525815687095,LOW,APPROVE,0
0.015213002753621066,LOW,APPROVE,0
0.025977315634326245,LOW,APPROVE,0
0.005700661729428662,LOW,APPROVE,0
0.005601910295093448,LOW,APPROVE,0
0.026279886601999522,LOW,APPROVE,0
0.008130857126804805,LOW,APPROVE,0
0.002460213058121338,LOW,APPROVE,0
0.0032412774374324647,LOW,APPROVE,0
0.019015624801646158,LOW,APPROVE,0
0.15400230868736267,MEDIUM,REVIEW,1
0.004089973626473599,LOW,APPROVE,0
0.032550542639509586,LOW,APPROVE,0
0.010104169776577175,LOW,APPROVE,0
0.10407153442372857,MEDIUM,REVIEW,1
0.0009203082087452823,LOW,APPROVE,0
0.006552001961746262,LOW,APPROVE,0
0.010557881386925767,LOW,APPROVE,0
0.0029402812403970255,LOW,APPROVE,0
0.007707805495332902,LOW,APPROVE,0
0.004209723614035953,LOW,APPROVE,0
0.018906359298784703,LOW,APPROVE,0
0.007261517963303564,LOW,APPROVE,0
0.014469226369286811,LOW,APPROVE,0
0.0029251492161311526,LOW,APPROVE,0
0.017529841905538537,LOW,APPROVE,0
0.005743309790587305,LOW,APPROVE,0
0.004420463315190823,LOW,APPROVE,0
0.008343829243689142,LOW,APPROVE,0
0.005557126133356719,LOW,APPROVE,0
0.019658080463054645,LOW,APPROVE,0
0.00806871320856151,LOW,APPROVE,0
0.007792163267589273,LOW,APPROVE,0
0.002282645458581585,LOW,APPROVE,0
0.005322727997159037,LOW,APPROVE,0
0.008738789382922163,LOW,APPROVE,0
0.005797668230979426,LOW,APPROVE,0
0.01030526869522072,LOW,APPROVE,0
0.00284709027357481,LOW,APPROVE,0
0.022658104324910534,LOW,APPROVE,0
0.0018908751367772403,LOW,APPROVE,0
0.0015349549567600022,LOW,APPROVE,0
0.00390770111304117,LOW,APPROVE,0
0.0050575751204690895,LOW,APPROVE,0
0.008974889575097312,LOW,APPROVE,0
0.002539962590573067,LOW,APPROVE,0
0.02969566441639369,LOW,APPROVE,0
0.0005271148669315335,LOW,APPROVE,0
0.0006607080017347377,LOW,APPROVE,0
0.004328327296878853,LOW,APPROVE,0
0.000545129428947754,LOW,APPROVE,0
0.0059357807514975255,LOW,APPROVE,0
0.0005305527247531861,LOW,APPROVE,0
0.0023834078412358637,LOW,APPROVE,0
0.0004907110840161511,LOW,APPROVE,0
0.0232846325895327,LOW,APPROVE,0
0.012409464826667528,LOW,APPROVE,0
0.11229829460515497,MEDIUM,REVIEW,1
0.009360029860278346,LOW,APPROVE,0
0.003067399484038883,LOW,APPROVE,0
0.02693566464708797,LOW,APPROVE,0
0.002639331300240725,LOW,APPROVE,0
0.010107704909032818,LOW,APPROVE,0
0.10241431893824235,MEDIUM,REVIEW,1
0.009415028883946743,LOW,APPROVE,0
0.0020195340514809084,LOW,APPROVE,0
0.1398367566014284,MEDIUM,REVIEW,0
0.0034195268921756255,LOW,APPROVE,0
0.01899638081578158,LOW,APPROVE,0
0.0075412917722285314,LOW,APPROVE,0
0.0022763647352143823,LOW,APPROVE,0
0.0042612462504192355,LOW,APPROVE,0
0.0015745791840870763,LOW,APPROVE,0
0.034837546725171316,LOW,APPROVE,0
0.0020655447336286473,LOW,APPROVE,0
0.00809379101873787,LOW,APPROVE,0
0.019001765662486507,LOW,APPROVE,0
0.04290881831271232,LOW,APPROVE,0
0.0016440038944625377,LOW,APPROVE,0
0.003860809416654143,LOW,APPROVE,0
0.0011704012262224552,LOW,APPROVE,0
0.0007153056524191288,LOW,APPROVE,0
0.3138873829328748,MEDIUM,REVIEW,1
0.08495402914912503,LOW,APPROVE,0
0.07248518107423993,LOW,APPROVE,0
0.006001092102889962,LOW,APPROVE,0
0.0013965086936722944,LOW,APPROVE,0
0.00364023547258784,LOW,APPROVE,0
0.005690011012716835,LOW,APPROVE,0
0.003196693093135715,LOW,APPROVE,0
0.016950168255741978,LOW,APPROVE,0
0.08424708396442676,LOW,APPROVE,1
0.003992232632198355,LOW,APPROVE,0
0.009474891551027324,LOW,APPROVE,0
0.00583975728596535,LOW,APPROVE,0
0.010336047102269603,LOW,APPROVE,0
0.0012418702014267665,LOW,APPROVE,0
0.0012418702014267665,LOW,APPROVE,0
0.005652306922791555,LOW,APPROVE,0
0.018769783169950413,LOW,APPROVE,0
0.0945377467778343,LOW,APPROVE,0
0.003919050208627144,LOW,APPROVE,0
0.17506674789927534,MEDIUM,REVIEW,0
0.0012418702014267665,LOW,APPROVE,0
0.0012418702014267665,LOW,APPROVE,0
0.0080789018832062,LOW,APPROVE,0
0.0012418702014267665,LOW,APPROVE,0
0.005035066165083199,LOW,APPROVE,0
0.00370846150556174,LOW,APPROVE,0
0.0012418702014267665,LOW,APPROVE,0
0.00948449456403137,LOW,APPROVE,0
0.00877643069559028,LOW,APPROVE,0
0.004228229289774167,LOW,APPROVE,0
0.0027432615191364937,LOW,APPROVE,0
0.0021892430210618086,LOW,APPROVE,0
0.011835738835959283,LOW,APPROVE,0
0.006383356785349321,LOW,APPROVE,0
0.0021583466211874546,LOW,APPROVE,0
0.01240616291459539,LOW,APPROVE,0
0.0063113766069542,LOW,APPROVE,0
0.01398157745149885,LOW,APPROVE,0
0.01623609169613298,LOW,APPROVE,0
0.00864931917811028,LOW,APPROVE,0
0.014647744733196,LOW,APPROVE,0
0.004876897907288857,LOW,APPROVE,0
0.0021626272115089205,LOW,APPROVE,0
0.01572569223581233,LOW,APPROVE,0
0.006323021776025898,LOW,APPROVE,0
0.0030581225220531875,LOW,APPROVE,0
0.002123808126857964,LOW,APPROVE,0
0.03253628773231542,LOW,APPROVE,0
0.001562602258623657,LOW,APPROVE,0
0.03907608761772444,LOW,APPROVE,0
0.017332278890252326,LOW,APPROVE,0
0.0035711715179928224,LOW,APPROVE,0
0.0022486027117940236,LOW,APPROVE,0
0.06526654955239958,LOW,APPROVE,0
0.12906447517656114,MEDIUM,REVIEW,0
0.0019487552420828864,LOW,APPROVE,0
0.0062135457550697845,LOW,APPROVE,0
0.0012418702014267665,LOW,APPROVE,0
0.008530848920836331,LOW,APPROVE,0
0.0033246396943271274,LOW,APPROVE,0
0.011835738835959283,LOW,APPROVE,0
0.014136250355736048,LOW,APPROVE,0
0.0049519774443876835,LOW,APPROVE,0
0.00423227479279272,LOW,APPROVE,0
0.0012418702014267665,LOW,APPROVE,0
0.006863729662189501,LOW,APPROVE,0
0.02239314061514008,LOW,APPROVE,0
0.0005305527247531861,LOW,APPROVE,0
0.0048302542301576525,LOW,APPROVE,0
0.0012418702014267665,LOW,APPROVE,0
0.011835738835959283,LOW,APPROVE,0
0.0012418702014267665,LOW,APPROVE,0
0.016930379692518975,LOW,APPROVE,0
0.009076660357965097,LOW,APPROVE,0
0.0031869223669903045,LOW,APPROVE,0
0.048280898808298674,LOW,APPROVE,0
0.005222469392360624,LOW,APPROVE,0
0.002160182312804213,LOW,APPROVE,0
0.004721183760549749,LOW,APPROVE,0
0.00866973400276733,LOW,APPROVE,0
0.02616592800524516,LOW,APPROVE,0
0.005347935817465534,LOW,APPROVE,0
0.00192419913565352,LOW,APPROVE,0
0.0012418702014267665,LOW,APPROVE,0
0.0256691518903085,LOW,APPROVE,0
0.004497268079657271,LOW,APPROVE,0
0.007185846441469672,LOW,APPROVE,0
0.0023928368766352767,LOW,APPROVE,0
0.006629279753744819,LOW,APPROVE,0
0.0018991854146566385,LOW,APPROVE,0
0.001780463327165338,LOW,APPROVE,0
0.0038970171523026588,LOW,APPROVE,0
0.0012418702014267665,LOW,APPROVE,0
0.03609048060214668,LOW,APPROVE,0
0.006306881417192678,LOW,APPROVE,0
0.0035392497283785592,LOW,APPROVE,0
0.016298491093474914,LOW,APPROVE,0
0.011420792646991727,LOW,APPROVE,0
0.0012456876161554267,LOW,APPROVE,0
0.004388454262022043,LOW,APPROVE,0
0.0018539536093671902,LOW,APPROVE,0
0.013977159138654218,LOW,APPROVE,0
0.005158735947675236,LOW,APPROVE,0
0.0031080198981752157,LOW,APPROVE,0
0.010291518767849336,LOW,APPROVE,0
0.013219449872678302,LOW,APPROVE,0
0.00817568791275765,LOW,APPROVE,0
0.024516401377250495,LOW,APPROVE,0
0.00828495729715699,LOW,APPROVE,0
0.0003276881255766432,LOW,APPROVE,0
0.006267686252878873,LOW,APPROVE,0
0.007476410027992204,LOW,APPROVE,0
0.007380581611377223,LOW,APPROVE,0
0.002310783008133776,LOW,APPROVE,0
0.003617436561553635,LOW,APPROVE,0
0.005108274051991266,LOW,APPROVE,0
0.005128017995915371,LOW,APPROVE,0
0.0016469236962761255,LOW,APPROVE,0
0.004772605984762952,LOW,APPROVE,0
0.024516401377250495,LOW,APPROVE,0
0.003137528090864134,LOW,APPROVE,0
0.0017578785278062014,LOW,APPROVE,0
0.038521813263952535,LOW,APPROVE,0
0.023728476468807075,LOW,APPROVE,0
0.009220978341783852,LOW,APPROVE,0
0.004197084516132444,LOW,APPROVE,0
0.005259003656231244,LOW,APPROVE,0
0.015564015723774185,LOW,APPROVE,0
0.007788470012514834,LOW,APPROVE,0
0.01402059122946569,LOW,APPROVE,0
0.0004927497159858735,LOW,APPROVE,0
0.01212905988059606,LOW,APPROVE,0
0.01767724364235181,LOW,APPROVE,0
0.001726052960384705,LOW,APPROVE,0
0.0021064048428327217,LOW,APPROVE,0
0.0023091765879537287,LOW,APPROVE,0
0.0038579521539270664,LOW,APPROVE,0
0.0004749630063250769,LOW,APPROVE,0
0.04032755721341318,LOW,APPROVE,0
0.0004749630063250769,LOW,APPROVE,0
0.003989937945047625,LOW,APPROVE,0
0.0033024001238316407,LOW,APPROVE,0
0.0003942141795245283,LOW,APPROVE,0
0.0016150454269937193,LOW,APPROVE,0
0.003393790705841542,LOW,APPROVE,0
0.06376922254996328,LOW,APPROVE,0
0.012596916929059686,LOW,APPROVE,0
0.007784740093172715,LOW,APPROVE,0
0.028004484725743323,LOW,APPROVE,0
0.007699725374738535,LOW,APPROVE,0
0.007788470012514834,LOW,APPROVE,0
0.0058620898233358015,LOW,APPROVE,0
0.006952874004461641,LOW,APPROVE,0
0.07748056440296482,LOW,APPROVE,0
0.007788470012514834,LOW,APPROVE,0
0.005874377877066473,LOW,APPROVE,0
0.010765962037535532,LOW,APPROVE,0
0.018746344737376443,LOW,APPROVE,0
0.005223411379402198,LOW,APPROVE,0
0.012982312501322806,LOW,APPROVE,0
0.007788470012514834,LOW,APPROVE,0
0.004313732817190813,LOW,APPROVE,0
0.00423648649783696,LOW,APPROVE,0
0.00252722913014887,LOW,APPROVE,0
0.007788470012514834,LOW,APPROVE,0
0.005089803101178777,LOW,APPROVE,0
0.0008337586067268043,LOW,APPROVE,0
0.00991407268809444,LOW,APPROVE,0
0.0142296701800682,LOW,APPROVE,0
0.0010779058072313522,LOW,APPROVE,0
0.0060421389479710175,LOW,APPROVE,0
0.034421450577294246,LOW,APPROVE,0
0.008256335674452612,LOW,APPROVE,0
0.004570767072447,LOW,APPROVE,0
0.008256335674452612,LOW,APPROVE,0
0.0038353574105555325,LOW,APPROVE,0
0.0010279331700999482,LOW,APPROVE,0
0.0038424047716455146,LOW,APPROVE,0
0.007202871969703093,LOW,APPROVE,0
0.002162768172789208,LOW,APPROVE,0
0.07344074919775384,LOW,APPROVE,0
0.016543430661480233,LOW,APPROVE,0
0.013396405847917,LOW,APPROVE,0
0.012732804563474838,LOW,APPROVE,0
0.0002648688444866531,LOW,APPROVE,0
0.004730430782673344,LOW,APPROVE,0
0.005401596493433286,LOW,APPROVE,0
0.00450730320640876,LOW,APPROVE,0
0.0034795780232825023,LOW,APPROVE,0
0.006826051485127343,LOW,APPROVE,0
0.008690992112093383,LOW,APPROVE,0
0.00952210598317801,LOW,APPROVE,0
0.00301008721142339,LOW,APPROVE,0
0.016684048688872202,LOW,APPROVE,0
0.0059501274946709105,LOW,APPROVE,0
0.003946393588397008,LOW,APPROVE,0
0.048860186658518844,LOW,APPROVE,0
0.005404665943205441,LOW,APPROVE,0
0.0017738561466370966,LOW,APPROVE,0
0.005986241374071693,LOW,APPROVE,0
0.004304602476060164,LOW,APPROVE,0
0.004967414975830074,LOW,APPROVE,0
0.005167920458066644,LOW,APPROVE,0
0.022703721099337233,LOW,APPROVE,0
0.009715588506229323,LOW,APPROVE,0
0.042585488280134524,LOW,APPROVE,0
0.0060401079013146465,LOW,APPROVE,0
0.002007092756547706,LOW,APPROVE,0
0.020643357580391423,LOW,APPROVE,0
0.0013906437478021741,LOW,APPROVE,0
0.0026156046436503267,LOW,APPROVE,0
0.022703721099337233,LOW,APPROVE,0
0.07687574010311954,LOW,APPROVE,0
0.011192952859539772,LOW,APPROVE,0
0.0013725541771137933,LOW,APPROVE,0
0.0024762891408745542,LOW,APPROVE,0
0.019849576298797682,LOW,APPROVE,0
0.031524940564624154,LOW,APPROVE,0
0.02151645317838377,LOW,APPROVE,0
0.01648425162923437,LOW,APPROVE,0
0.006082645206647571,LOW,APPROVE,0
0.0028219343495435307,LOW,APPROVE,0
0.004549791358030973,LOW,APPROVE,0
0.002317771751487513,LOW,APPROVE,0
0.0042427196023547085,LOW,APPROVE,0
0.005858949231358099,LOW,APPROVE,0
0.0017006635791380308,LOW,APPROVE,0
0.002183610522763659,LOW,APPROVE,0
0.005691422305885493,LOW,APPROVE,0
0.0023314833080133384,LOW,APPROVE,0
0.016161805881513742,LOW,APPROVE,0
0.016630493928959947,LOW,APPROVE,0
0.010942047923519656,LOW,APPROVE,0
0.007240328553454726,LOW,APPROVE,0
0.025038505204982513,LOW,APPROVE,0
0.003770490948410404,LOW,APPROVE,0
0.022703721099337233,LOW,APPROVE,0
0.0039967945025324155,LOW,APPROVE,0
0.015164705888368473,LOW,APPROVE,0
0.009025030261773237,LOW,APPROVE,0
0.0012410149287125668,LOW,APPROVE,0
0.007105721031203264,LOW,APPROVE,0
0.006800509768994641,LOW,APPROVE,0
0.00041765839669054327,LOW,APPROVE,0
0.006457489964730823,LOW,APPROVE,0
0.004461111922203501,LOW,APPROVE,0
0.0059938096483514725,LOW,APPROVE,0
0.003927529869796733,LOW,APPROVE,0
0.03493541234386401,LOW,APPROVE,0
0.0303067422351791,LOW,APPROVE,0
0.0016290737021023487,LOW,APPROVE,0
0.2186017964350046,MEDIUM,REVIEW,1
0.01972030040958673,LOW,APPROVE,0
0.0011032819228572446,LOW,APPROVE,0
0.003016015433387589,LOW,APPROVE,0
0.008338249925595547,LOW,APPROVE,0
0.007948133542172359,LOW,APPROVE,0
0.007050742131724977,LOW,APPROVE,0
0.11289964326008162,MEDIUM,REVIEW,1
0.024347303137712772,LOW,APPROVE,0
0.010764851395871666,LOW,APPROVE,0
0.0059116552708945915,LOW,APPROVE,0
0.0042593243976325355,LOW,APPROVE,0
0.018304598834350913,LOW,APPROVE,0
0.007923329301015256,LOW,APPROVE,0
0.10128416249677706,MEDIUM,REVIEW,0
0.005465030759629091,LOW,APPROVE,0
0.012546357485992279,LOW,APPROVE,0
0.008875660261230565,LOW,APPROVE,0
0.11361695860648476,MEDIUM,REVIEW,1
0.0048635958337678795,LOW,APPROVE,0
0.002444891049429831,LOW,APPROVE,0
0.111305221790614,MEDIUM,REVIEW,0
0.023251433936643796,LOW,APPROVE,0
0.04305703559545348,LOW,APPROVE,0
0.0030398683685422395,LOW,APPROVE,0
0.0019414798808339057,LOW,APPROVE,0
0.006826051485127343,LOW,APPROVE,0
0.0025753233079549485,LOW,APPROVE,0
0.002879536951717096,LOW,APPROVE,0
0.03324001046550014,LOW,APPROVE,0
0.035644636662913454,LOW,APPROVE,0
0.003607127512901291,LOW,APPROVE,0
0.002528169575736048,LOW,APPROVE,0
0.016630493928959947,LOW,APPROVE,0
0.0019483805340824397,LOW,APPROVE,0
0.022021245183402365,LOW,APPROVE,0
0.09502467649371148,LOW,APPROVE,1
0.012931302752920839,LOW,APPROVE,0
0.014884423654131354,LOW,APPROVE,1
0.0019922574571234085,LOW,APPROVE,0
0.006172929471807775,LOW,APPROVE,0
0.01042442488488473,LOW,APPROVE,0
0.0072254481991677645,LOW,APPROVE,0
0.0013099490151643866,LOW,APPROVE,0
0.002477281099448245,LOW,APPROVE,0
0.0057829699666754305,LOW,APPROVE,0
0.004469121963279774,LOW,APPROVE,0
0.004088101916384812,LOW,APPROVE,0
0.00430228473608518,LOW,APPROVE,0
0.0013875001920289752,LOW,APPROVE,0
0.004430590979225313,LOW,APPROVE,0
0.022141758648970892,LOW,APPROVE,0
0.08943763565670348,LOW,APPROVE,0
0.11240299764714663,MEDIUM,REVIEW,0
0.02975535434341948,LOW,APPROVE,0
0.005636168151756337,LOW,APPROVE,0
0.010805040719151733,LOW,APPROVE,1
0.007159852611998383,LOW,APPROVE,0
0.014121532683464461,LOW,APPROVE,0
0.0018889425219962206,LOW,APPROVE,0
0.0063348361650205015,LOW,APPROVE,0
0.34433552675406176,MEDIUM,REVIEW,0
0.01302485085595104,LOW,APPROVE,0
0.03750827200537504,LOW,APPROVE,0
0.08669581577346286,LOW,APPROVE,1
0.07769566643547908,LOW,APPROVE,0
0.12306486620640963,MEDIUM,REVIEW,1
0.013944226478438614,LOW,APPROVE,0
0.19809453280536476,MEDIUM,REVIEW,0
0.004785027052825251,LOW,APPROVE,0
0.0031819507564565604,LOW,APPROVE,0
0.005067379913265359,LOW,APPROVE,0
0.0025268843147737744,LOW,APPROVE,0
0.014075719974363259,LOW,APPROVE,0
0.0023707791945157333,LOW,APPROVE,0
0.009842838217120297,LOW,APPROVE,0
0.006228767074007928,LOW,APPROVE,0
0.010855950793433804,LOW,APPROVE,0
0.019296703139519145,LOW,APPROVE,0
0.011548220306437346,LOW,APPROVE,0
0.01282900011138736,LOW,APPROVE,0
0.0019428288754803822,LOW,APPROVE,0
0.012579451776759483,LOW,APPROVE,0
0.020948281782574327,LOW,APPROVE,0
0.010006484981243458,LOW,APPROVE,1
0.011548220306437346,LOW,APPROVE,0
0.09448182987818561,LOW,APPROVE,0
0.006483210253344999,LOW,APPROVE,0
0.00041555332340455887,LOW,APPROVE,0
0.00826731946058914,LOW,APPROVE,0
0.0043312345196155145,LOW,APPROVE,0
0.005435564692040472,LOW,APPROVE,0
0.016838829494167047,LOW,APPROVE,0
0.0008492618883328078,LOW,APPROVE,0
0.004933134968755094,LOW,APPROVE,0
0.014222540251751837,LOW,APPROVE,0
0.05094828095950698,LOW,APPROVE,0
0.08939860065251193,LOW,APPROVE,0
0.010789672884478097,LOW,APPROVE,0
0.015477196761374108,LOW,APPROVE,0
0.002884684572960782,LOW,APPROVE,0
0.003906755726588576,LOW,APPROVE,0
0.005464987143525782,LOW,APPROVE,0
0.006468325341288796,LOW,APPROVE,0
0.005089731104933737,LOW,APPROVE,0
0.0019331140699247117,LOW,APPROVE,0
0.005767831115563837,LOW,APPROVE,0
0.014990568575932684,LOW,APPROVE,0
0.008106837193257757,LOW,APPROVE,0
0.1169464746387204,MEDIUM,REVIEW,0
0.009313004663798762,LOW,APPROVE,0
0.004089875927267482,LOW,APPROVE,0
0.0037605790684972066,LOW,APPROVE,0
0.002988813457245075,LOW,APPROVE,0
0.009638701826522484,LOW,APPROVE,0
0.0036288283187384434,LOW,APPROVE,0
0.011701361571641911,LOW,APPROVE,0
0.013380575930373681,LOW,APPROVE,0
0.013745192904182399,LOW,APPROVE,0
0.010195853984069188,LOW,APPROVE,0
0.0005720390504928943,LOW,APPROVE,0
0.003509101912442638,LOW,APPROVE,0
0.002104054687176971,LOW,APPROVE,0
0.012205977844257103,LOW,APPROVE,0
0.0044843717097226826,LOW,APPROVE,0
0.0020831494513770146,LOW,APPROVE,0
0.007968726054353139,LOW,APPROVE,0
0.0030952426381807316,LOW,APPROVE,0
0.008504848702881956,LOW,APPROVE,0
0.004152895356618957,LOW,APPROVE,0
0.0728679682818567,LOW,APPROVE,0
0.016724365719097217,LOW,APPROVE,0
0.012247121924883583,LOW,APPROVE,0
0.005013081932201911,LOW,APPROVE,0
0.07786397004923307,LOW,APPROVE,0
0.0031700598377934815,LOW,APPROVE,0
0.006804794747481812,LOW,APPROVE,0
0.0065820686732848835,LOW,APPROVE,0
0.0038923669880743528,LOW,APPROVE,0
0.016124861425508015,LOW,APPROVE,0
0.04654248255252773,LOW,APPROVE,0
0.011858660736898018,LOW,APPROVE,0
0.0009324338322386137,LOW,APPROVE,0
0.010364404966772265,LOW,APPROVE,0
0.010295410414305319,LOW,APPROVE,0
0.00947864986321863,LOW,APPROVE,0
0.0020401229354091942,LOW,APPROVE,0
0.02082580245154928,LOW,APPROVE,0
0.026108050090000945,LOW,APPROVE,0
0.005421304329555997,LOW,APPROVE,0
0.01515816752481252,LOW,APPROVE,0
0.0057022268309687455,LOW,APPROVE,0
0.002326513367373231,LOW,APPROVE,0
0.008603089248130096,LOW,APPROVE,0
0.0018475127628301694,LOW,APPROVE,0
0.027846748883582427,LOW,APPROVE,0
0.001380073700109348,LOW,APPROVE,0
0.0025726501058402976,LOW,APPROVE,0
0.02647168917147058,LOW,APPROVE,0
0.0022186065592839544,LOW,APPROVE,0
0.01515816752481252,LOW,APPROVE,0
0.0052664376142723054,LOW,APPROVE,0
0.027846748883582427,LOW,APPROVE,0
0.0015769421176734294,LOW,APPROVE,0
0.049883633265321366,LOW,APPROVE,0
0.017524102520851327,LOW,APPROVE,0
0.0015028290977454784,LOW,APPROVE,0
0.003983656602125216,LOW,APPROVE,0
0.020106938784396684,LOW,APPROVE,0
0.002484379100322708,LOW,APPROVE,0
0.009442357867387296,LOW,APPROVE,0
0.0050406200853553235,LOW,APPROVE,0
0.009220630929484422,LOW,APPROVE,0
0.008655202846721131,LOW,APPROVE,0
0.021629224762574034,LOW,APPROVE,0
0.0028554555747451185,LOW,APPROVE,0
0.00774019672354401,LOW,APPROVE,0
0.02759484328231664,LOW,APPROVE,0
0.0170378908807262,LOW,APPROVE,0
0.015309898781124747,LOW,APPROVE,0
0.004458108055433506,LOW,APPROVE,0
0.0047299685230003195,LOW,APPROVE,0
0.0024721049312605636,LOW,APPROVE,0
0.012384739432964465,LOW,APPROVE,0
0.0057856188579475,LOW,APPROVE,0
0.007639624742927286,LOW,APPROVE,0
0.006967365468247247,LOW,APPROVE,0
0.010262115079153563,LOW,APPROVE,0
0.005001813860828454,LOW,APPROVE,0
0.001966569431121028,LOW,APPROVE,0
0.006849628066851118,LOW,APPROVE,0
0.009214104481178095,LOW,APPROVE,0
0.010295410414305319,LOW,APPROVE,0
0.001918092771987438,LOW,APPROVE,0
0.01897536572948508,LOW,APPROVE,0
0.0012072568929241676,LOW,APPROVE,0
0.06466482555717872,LOW,APPROVE,1
0.04714542361681037,LOW,APPROVE,0
0.005258815635677358,LOW,APPROVE,0
0.0012643412014023846,LOW,APPROVE,0
0.027846748883582427,LOW,APPROVE,0
0.00339010772450278,LOW,APPROVE,0
0.12496377521206825,MEDIUM,REVIEW,1
0.20489969166292527,MEDIUM,REVIEW,0
0.00566367539190324,LOW,APPROVE,0
0.014163796572348895,LOW,APPROVE,0
0.0070610129747741635,LOW,APPROVE,0
0.015150531457730508,LOW,APPROVE,0
0.006629973926743701,LOW,APPROVE,0
0.009163592095418345,LOW,APPROVE,0
0.005913955601659175,LOW,APPROVE,0
0.004086941976385649,LOW,APPROVE,0
0.013403579843847841,LOW,APPROVE,0
0.18539237296296762,MEDIUM,REVIEW,1
0.019681355491211715,LOW,APPROVE,0
0.002440961792739479,LOW,APPROVE,0
0.014238414994961373,LOW,APPROVE,0
0.0164315527848251,LOW,APPROVE,0
0.01636123659040201,LOW,APPROVE,0
0.0015465778502722315,LOW,APPROVE,0
0.00103553325571271,LOW,APPROVE,0
0.032408080903128036,LOW,APPROVE,0
0.046739365418321924,LOW,APPROVE,0
0.009121817151600759,LOW,APPROVE,0
0.03372478198162339,LOW,APPROVE,0
0.019661636086716852,LOW,APPROVE,0
0.003377844977372166,LOW,APPROVE,0
0.022879735418112616,LOW,APPROVE,0
0.00828899872443897,LOW,APPROVE,0
0.003790297077911826,LOW,APPROVE,0
0.0037362048025556694,LOW,APPROVE,0
0.00779436121866795,LOW,APPROVE,0
0.006388671208847707,LOW,APPROVE,0
0.06022708830082384,LOW,APPROVE,0
0.016153619087750367,LOW,APPROVE,1
0.00037333718369989466,LOW,APPROVE,0
0.016078408043492358,LOW,APPROVE,0
0.011650921728064673,LOW,APPROVE,0
0.013148073154420186,LOW,APPROVE,0
0.020747691448849942,LOW,APPROVE,0
0.004890632834125703,LOW,APPROVE,0
0.8206895906319159,HIGH,BLOCK,1
0.0022173653618783856,LOW,APPROVE,0
0.0074850495024891515,LOW,APPROVE,0
0.021550322342724373,LOW,APPROVE,0
0.0005561310424191096,LOW,APPROVE,0
0.015460499409608296,LOW,APPROVE,0
0.009035650921793016,LOW,APPROVE,0
0.06243020135966279,LOW,APPROVE,0
0.006603694528130983,LOW,APPROVE,0
0.005713165696881696,LOW,APPROVE,0
0.014163796572348895,LOW,APPROVE,0
0.007008478460204718,LOW,APPROVE,0
0.041735214675718744,LOW,APPROVE,0
0.007682080688454793,LOW,APPROVE,0
0.009222714867407262,LOW,APPROVE,0
0.006001120334958933,LOW,APPROVE,0
0.00672152389532076,LOW,APPROVE,0
0.011892851867055727,LOW,APPROVE,0
0.05533296728448398,LOW,APPROVE,0
0.01284713500747573,LOW,APPROVE,0
0.013064618987182301,LOW,APPROVE,0
0.028234064942583015,LOW,APPROVE,0
0.08154810437863935,LOW,APPROVE,0
0.0045118125845145405,LOW,APPROVE,0
0.008714630150951986,LOW,APPROVE,0
0.012711699564052742,LOW,APPROVE,0
0.00866085571015767,LOW,APPROVE,1
0.05348663358138973,LOW,APPROVE,0
0.0282713186883434,LOW,APPROVE,0
0.02995826710764923,LOW,APPROVE,0
0.060866038716199763,LOW,APPROVE,0
0.013190680210500768,LOW,APPROVE,0
0.014249654798736957,LOW,APPROVE,0
0.014049886969167012,LOW,APPROVE,0
0.0013312163062565681,LOW,APPROVE,0
0.007305398965805691,LOW,APPROVE,0
0.006447876209805999,LOW,APPROVE,0
0.0020734377057671097,LOW,APPROVE,0
0.0023717633298104297,LOW,APPROVE,0
0.013308266312058427,LOW,APPROVE,0
0.014397363424066945,LOW,APPROVE,0
0.0010422519034800272,LOW,APPROVE,0
0.0005450512236813691,LOW,APPROVE,0
0.005311243937168822,LOW,APPROVE,0
0.05731313393147919,LOW,APPROVE,0
0.004321179835629731,LOW,APPROVE,0
0.02397227030389304,LOW,APPROVE,0
0.021057832613742583,LOW,APPROVE,0
0.030537559028134414,LOW,APPROVE,0
0.03330457490201546,LOW,APPROVE,0
0.01130246583554408,LOW,APPROVE,0
0.010540783054696594,LOW,APPROVE,0
0.005230638711122403,LOW,APPROVE,0
0.002491386399772084,LOW,APPROVE,0
0.009611120510254551,LOW,APPROVE,0
0.007423325106530266,LOW,APPROVE,0
0.0658435636368032,LOW,APPROVE,0
0.009187941624406396,LOW,APPROVE,0
0.00909556460592531,LOW,APPROVE,0
0.0039039133129711973,LOW,APPROVE,0
0.0012240697018428006,LOW,APPROVE,0
0.006627765095349868,LOW,APPROVE,0
0.006469435364909485,LOW,APPROVE,0
0.0127461632965491,LOW,APPROVE,0
0.11326630722537126,MEDIUM,REVIEW,0
0.024371451360321678,LOW,APPROVE,0
0.03993483242728486,LOW,APPROVE,0
0.011173810746248458,LOW,APPROVE,0
0.003498970483275041,LOW,APPROVE,0
0.005299010932794874,LOW,APPROVE,0
0.0013446921491039733,LOW,APPROVE,0
0.120695648792519,MEDIUM,REVIEW,0
0.0765006749067097,LOW,APPROVE,0
0.010339790316306014,LOW,APPROVE,0
0.013772618989647864,LOW,APPROVE,0
0.0021705228463508807,LOW,APPROVE,0
0.03171722096960571,LOW,APPROVE,0
0.011978395756854445,LOW,APPROVE,0
0.0017017629170254622,LOW,APPROVE,0
0.0016821631602208982,LOW,APPROVE,0
0.008291750278996186,LOW,APPROVE,0
0.021012173472889275,LOW,APPROVE,0
0.02345593791685234,LOW,APPROVE,0
0.004923155816596049,LOW,APPROVE,0
0.006965889966515067,LOW,APPROVE,0
0.060344610916507696,LOW,APPROVE,0
0.02573166710817539,LOW,APPROVE,0
0.03968021102375305,LOW,APPROVE,0
0.006773158919844135,LOW,APPROVE,0
0.006389266130601353,LOW,APPROVE,0
0.006145881098158635,LOW,APPROVE,0
0.0021274875087074624,LOW,APPROVE,0
0.005233720165173906,LOW,APPROVE,0
0.03249451995865583,LOW,APPROVE,0
0.0008191583847106514,LOW,APPROVE,0
0.041336923937544554,LOW,APPROVE,0
0.0033820179858183334,LOW,APPROVE,0
0.015013637930203584,LOW,APPROVE,0
0.010430168460073972,LOW,APPROVE,0
0.0036956499004550383,LOW,APPROVE,0
0.012870091390733996,LOW,APPROVE,0
0.007150853849433848,LOW,APPROVE,0
0.00682242409373223,LOW,APPROVE,0
0.01664584548895949,LOW,APPROVE,0
0.0428573165082466,LOW,APPROVE,0
0.05465536537301585,LOW,APPROVE,0
0.00916855095986868,LOW,APPROVE,0
0.016659703430085278,LOW,APPROVE,0
0.0022684791965589366,LOW,APPROVE,0
0.05316875656394172,LOW,APPROVE,1
0.04861948029514966,LOW,APPROVE,0
0.014919891023107607,LOW,APPROVE,0
0.02592196581058549,LOW,APPROVE,0
0.007692839678339235,LOW,APPROVE,0
0.01448669034780344,LOW,APPROVE,0
0.009605899461192249,LOW,APPROVE,1
0.004503112887340395,LOW,APPROVE,0
0.05465536537301585,LOW,APPROVE,0
0.0046083660847839455,LOW,APPROVE,0
0.015331535975438954,LOW,APPROVE,1
0.014025997692795377,LOW,APPROVE,0
0.0036917164857098394,LOW,APPROVE,0
0.000491320604663047,LOW,APPROVE,0
0.04825398192236368,LOW,APPROVE,0
0.009469643498112244,LOW,APPROVE,0
0.08965570719459637,LOW,APPROVE,0
0.015331535975438954,LOW,APPROVE,1
0.2361655083064215,MEDIUM,REVIEW,0
0.0026523684552377303,LOW,APPROVE,0
0.014135287831417445,LOW,APPROVE,0
0.0019374571567931484,LOW,APPROVE,0
0.1168174399329542,MEDIUM,REVIEW,0
0.05358389608808931,LOW,APPROVE,0
0.0016704642031975308,LOW,APPROVE,0
0.003600151159103649,LOW,APPROVE,0
0.07423607379573693,LOW,APPROVE,0
0.003289680472805591,LOW,APPROVE,0
0.001902844525648285,LOW,APPROVE,0
0.0596232222562829,LOW,APPROVE,0
0.005438471451104074,LOW,APPROVE,0
0.0032352384517681915,LOW,APPROVE,0
0.005638493057670665,LOW,APPROVE,0
0.006092199839391838,LOW,APPROVE,0
0.007088791808140558,LOW,APPROVE,0
0.031684629852550876,LOW,APPROVE,0
0.005331949319785547,LOW,APPROVE,0
0.022382344151475345,LOW,APPROVE,0
0.039065225757887,LOW,APPROVE,0
0.006905496662927447,LOW,APPROVE,0
0.00548299978884157,LOW,APPROVE,0
0.0060055642244876166,LOW,APPROVE,0
0.02578756423679956,LOW,APPROVE,0
0.005271551496914974,LOW,APPROVE,0
0.01364037178277388,LOW,APPROVE,0
0.6228224021922775,HIGH,BLOCK,1
0.0066441468279742075,LOW,APPROVE,0
0.006868830276277856,LOW,APPROVE,0
0.03723329180682868,LOW,APPROVE,0
0.05728092730445439,LOW,APPROVE,0
0.0014663447116466436,LOW,APPROVE,0
0.007223959540399531,LOW,APPROVE,0
0.02619668586682155,LOW,APPROVE,0
0.001857523906143388,LOW,APPROVE,0
0.051180454479993955,LOW,APPROVE,0
0.05287205230664557,LOW,APPROVE,0
0.007820993603341165,LOW,APPROVE,0
0.005575910872423814,LOW,APPROVE,0
0.009325185119616034,LOW,APPROVE,0
0.006086311990507816,LOW,APPROVE,0
0.006619445733932519,LOW,APPROVE,0
0.015390019292959202,LOW,APPROVE,0
0.04242888521380269,LOW,APPROVE,0
0.03657361970029025,LOW,APPROVE,0
0.004286590551568563,LOW,APPROVE,0
0.0013969012671541034,LOW,APPROVE,0
0.005620203836537593,LOW,APPROVE,0
0.01953360457625049,LOW,APPROVE,0
0.0026290557430178395,LOW,APPROVE,0
0.006436653730382038,LOW,APPROVE,0
0.005332712089905164,LOW,APPROVE,0
0.022770278657147924,LOW,APPROVE,0
0.005256508245503543,LOW,APPROVE,0
0.02292536358332996,LOW,APPROVE,0
0.011068449009536824,LOW,APPROVE,0
0.01169912376825353,LOW,APPROVE,0
0.006025430060307826,LOW,APPROVE,0
0.10954057296129559,MEDIUM,REVIEW,0
0.025315895822677393,LOW,APPROVE,0
0.003787727195245226,LOW,APPROVE,0
0.010893384523996085,LOW,APPROVE,0
0.08293482051827517,LOW,APPROVE,0
0.0033151377532689894,LOW,APPROVE,0
0.021515020501463117,LOW,APPROVE,1
0.002379992598708033,LOW,APPROVE,0
0.07873875649827172,LOW,APPROVE,0
0.1518872750732066,MEDIUM,REVIEW,0
0.007494279395653116,LOW,APPROVE,0
0.01072893850231924,LOW,APPROVE,0
0.0018405061515051038,LOW,APPROVE,0
0.0071584222340045885,LOW,APPROVE,0
0.0027246576558480886,LOW,APPROVE,0
0.3295977636136002,MEDIUM,REVIEW,0
0.07873875649827172,LOW,APPROVE,0
0.16075252678797666,MEDIUM,REVIEW,1
0.005069352444538022,LOW,APPROVE,0
0.0024069842550611923,LOW,APPROVE,0
0.12119433873826713,MEDIUM,REVIEW,0
0.014053148756048172,LOW,APPROVE,0
0.164143867287361,MEDIUM,REVIEW,0
0.007288901037900423,LOW,APPROVE,0
0.010436690670263983,LOW,APPROVE,0
0.007569775577297494,LOW,APPROVE,0
0.2137821074781159,MEDIUM,REVIEW,0
0.005217154589523252,LOW,APPROVE,0
0.01024622977519965,LOW,APPROVE,0
0.14661276617664876,MEDIUM,REVIEW,0
0.008873520815703426,LOW,APPROVE,0
0.020120669123985455,LOW,APPROVE,0
0.008150012119388542,LOW,APPROVE,0
0.015767531924569634,LOW,APPROVE,0
0.10807110134313193,MEDIUM,REVIEW,1
0.09758177697187667,LOW,APPROVE,0
0.005713693274902955,LOW,APPROVE,0
0.003982405276298476,LOW,APPROVE,0
0.0024311915630144164,LOW,APPROVE,0
0.016275583872808738,LOW,APPROVE,0
0.004139612871745323,LOW,APPROVE,0
0.08345507460559622,LOW,APPROVE,1
0.16482533496946886,MEDIUM,REVIEW,0
0.04854441271871643,LOW,APPROVE,0
0.011259084151996742,LOW,APPROVE,0
0.028581647077587678,LOW,APPROVE,0
0.0030880369400981874,LOW,APPROVE,0
0.12274728125988225,MEDIUM,REVIEW,0
0.011085639676553937,LOW,APPROVE,0
0.03574723547419621,LOW,APPROVE,0
0.0012341027266953447,LOW,APPROVE,0
0.010211111530708982,LOW,APPROVE,0
0.001512150679864591,LOW,APPROVE,0
0.12561594814012172,MEDIUM,REVIEW,0
0.004083481378482177,LOW,APPROVE,0
0.0034411546810982014,LOW,APPROVE,0
0.04231540548494517,LOW,APPROVE,0
0.032341050346314806,LOW,APPROVE,0
0.22677322216133136,MEDIUM,REVIEW,0
0.030791041823368604,LOW,APPROVE,0
0.004531259179574307,LOW,APPROVE,0
0.014910157513484948,LOW,APPROVE,0
0.07225318205805115,LOW,APPROVE,0
0.05297469406166619,LOW,APPROVE,0
0.0062821091126129104,LOW,APPROVE,0
0.13961863992376852,MEDIUM,REVIEW,0
0.004866590596528562,LOW,APPROVE,0
0.13961863992376852,MEDIUM,REVIEW,0
0.01114060457340702,LOW,APPROVE,0
0.00218253183994062,LOW,APPROVE,0
0.01114060457340702,LOW,APPROVE,0
0.004531259179574307,LOW,APPROVE,0
0.016741849521741486,LOW,APPROVE,0
0.005400526871143235,LOW,APPROVE,0
0.13961863992376852,MEDIUM,REVIEW,0
0.010920216288884618,LOW,APPROVE,0
0.012167197481426766,LOW,APPROVE,0
0.009234008608866699,LOW,APPROVE,0
0.022056622234304876,LOW,APPROVE,0
0.0030095671399565215,LOW,APPROVE,0
0.13961863992376852,MEDIUM,REVIEW,0
0.017789580860319384,LOW,APPROVE,0
0.007160878906018155,LOW,APPROVE,0
0.0006991018180516348,LOW,APPROVE,0
0.01297124077588409,LOW,APPROVE,0
0.007080637701423285,LOW,APPROVE,0
0.0050125061118564485,LOW,APPROVE,0
0.03851793693452834,LOW,APPROVE,0
0.07920305513739703,LOW,APPROVE,0
0.010163997178143128,LOW,APPROVE,0
0.011039600194753025,LOW,APPROVE,0
0.0046687086907771375,LOW,APPROVE,0
0.01204657154126322,LOW,APPROVE,0
0.009371907226342803,LOW,APPROVE,0
0.19874852878634436,MEDIUM,REVIEW,0
0.191043627845121,MEDIUM,REVIEW,0
0.002885697700546355,LOW,APPROVE,0
0.10998607157329117,MEDIUM,REVIEW,1
0.0045989257202051536,LOW,APPROVE,0
0.0028112500907265837,LOW,APPROVE,0
0.13961863992376852,MEDIUM,REVIEW,0
0.191043627845121,MEDIUM,REVIEW,0
0.006838441950319594,LOW,APPROVE,0
0.007728455424915427,LOW,APPROVE,0
0.0015351556770754882,LOW,APPROVE,0
0.011835013013790053,LOW,APPROVE,0
0.028444627843413145,LOW,APPROVE,0
0.009304865242392647,LOW,APPROVE,0
0.025927784567796264,LOW,APPROVE,0
0.039556373804319,LOW,APPROVE,0
0.0531054066154563,LOW,APPROVE,0
0.006543989205111548,LOW,APPROVE,0
0.01553576562710007,LOW,APPROVE,0
0.006138972193367851,LOW,APPROVE,0
0.01427945787764833,LOW,APPROVE,0
0.02001798418188766,LOW,APPROVE,0
0.0047412832847689886,LOW,APPROVE,0
0.009054120219090606,LOW,APPROVE,1
0.01127093489633723,LOW,APPROVE,0
0.036292424827527967,LOW,APPROVE,0
0.036292424827527967,LOW,APPROVE,0
0.015342873199304169,LOW,APPROVE,0
0.01183513221037918,LOW,APPROVE,0
0.006639558002971591,LOW,APPROVE,0
0.006655877450277443,LOW,APPROVE,0
0.011952796115759428,LOW,APPROVE,0
0.007562432958557652,LOW,APPROVE,0
0.007037848380363288,LOW,APPROVE,0
0.056156049316350425,LOW,APPROVE,0
0.002392934395201748,LOW,APPROVE,0
0.013539009042126855,LOW,APPROVE,0
0.02205899850724482,LOW,APPROVE,0
0.013539009042126855,LOW,APPROVE,0
0.013539009042126855,LOW,APPROVE,0
0.013539009042126855,LOW,APPROVE,0
0.08777765910219436,LOW,APPROVE,0
0.015605837569430849,LOW,APPROVE,0
0.0013012680841082106,LOW,APPROVE,0
0.035145384341894945,LOW,APPROVE,0
0.007066320870365103,LOW,APPROVE,0
0.032869091982061074,LOW,APPROVE,0
0.013539009042126855,LOW,APPROVE,0
0.013539009042126855,LOW,APPROVE,0
0.003622199497551625,LOW,APPROVE,0
0.013539009042126855,LOW,APPROVE,0
0.009769748548114672,LOW,APPROVE,0
0.011942992554994255,LOW,APPROVE,0
0.012151130264877488,LOW,APPROVE,0
0.056134025245713544,LOW,APPROVE,0
0.013539009042126855,LOW,APPROVE,0
0.010190712936721259,LOW,APPROVE,0
0.010056096786928669,LOW,APPROVE,0
0.0572936384666274,LOW,APPROVE,0
0.02453879877072249,LOW,APPROVE,0
0.5342789262496873,HIGH,BLOCK,1
0.010190712936721259,LOW,APPROVE,0
0.0040686340711278,LOW,APPROVE,0
0.005267468407770353,LOW,APPROVE,0
0.6656718671027803,HIGH,BLOCK,1
0.0045682113113419956,LOW,APPROVE,0
0.004266181485304176,LOW,APPROVE,0
0.021076419160361903,LOW,APPROVE,0
0.011997366164646084,LOW,APPROVE,0
0.003857057136989327,LOW,APPROVE,0
0.021076419160361903,LOW,APPROVE,0
0.021076419160361903,LOW,APPROVE,0
0.014411294459513809,LOW,APPROVE,0
0.005377961012654054,LOW,APPROVE,0
0.005888167423568064,LOW,APPROVE,0
0.19815306800042712,MEDIUM,REVIEW,0
0.05238143676424798,LOW,APPROVE,0
0.04094242758922465,LOW,APPROVE,0
0.0038223557555812455,LOW,APPROVE,0
0.03525724853704597,LOW,APPROVE,0
0.005966998158665031,LOW,APPROVE,0
0.024034321706789274,LOW,APPROVE,0
0.012695907427040251,LOW,APPROVE,0
0.05229186090248775,LOW,APPROVE,0
0.021330622594026596,LOW,APPROVE,0
0.042911364363420065,LOW,APPROVE,0
0.005552702109222268,LOW,APPROVE,0
0.005527756560955442,LOW,APPROVE,0
0.10802264064342122,MEDIUM,REVIEW,0
0.025837521893483248,LOW,APPROVE,0
0.006087183250326351,LOW,APPROVE,0
0.027592365623401432,LOW,APPROVE,0
0.09435428718791476,LOW,APPROVE,0
0.0089609837161459,LOW,APPROVE,0
0.006284857753795969,LOW,APPROVE,0
0.004856409895253084,LOW,APPROVE,0
0.004993199904686068,LOW,APPROVE,0
0.0020510743641713666,LOW,APPROVE,0
0.0056532743830415965,LOW,APPROVE,0
0.13539684515314046,MEDIUM,REVIEW,0
0.0005243141167994656,LOW,APPROVE,0
0.012973846282083501,LOW,APPROVE,0
0.0041444818750384985,LOW,APPROVE,0
0.0038631997453703977,LOW,APPROVE,0
0.012992858386468225,LOW,APPROVE,0
0.014251498599053098,LOW,APPROVE,0
0.003230649080622365,LOW,APPROVE,0
0.02800777205154136,LOW,APPROVE,0
0.015379864564563183,LOW,APPROVE,0
0.006496622087000486,LOW,APPROVE,0
0.002795924990398692,LOW,APPROVE,0
0.05088251988348887,LOW,APPROVE,0
0.02213760435572496,LOW,APPROVE,0
0.04850937388848021,LOW,APPROVE,0
0.01603983280193639,LOW,APPROVE,0
0.03640360850013489,LOW,APPROVE,0
0.1359141664571954,MEDIUM,REVIEW,0
0.017923856963912937,LOW,APPROVE,0
0.04429474793469621,LOW,APPROVE,0
0.004290833175608042,LOW,APPROVE,0
0.02471130985252583,LOW,APPROVE,0
0.0969456411980316,LOW,APPROVE,0
0.012964693858655589,LOW,APPROVE,0
0.013455144083671225,LOW,APPROVE,0
0.03914525609669174,LOW,APPROVE,0
0.011036700064796007,LOW,APPROVE,0
0.02233470309710005,LOW,APPROVE,0
0.010776699324946508,LOW,APPROVE,0
0.02032818917693681,LOW,APPROVE,0
0.039209800346526484,LOW,APPROVE,0
0.024797448991522815,LOW,APPROVE,0
0.0025888863259909333,LOW,APPROVE,0
0.0005243141167994656,LOW,APPROVE,0
0.0382992374858623,LOW,APPROVE,0
0.011032948919089394,LOW,APPROVE,0
0.005222404841581038,LOW,APPROVE,0
0.009649705022735267,LOW,APPROVE,0
0.010108801621228175,LOW,APPROVE,0
0.005446078455682718,LOW,APPROVE,0
0.03734241629392302,LOW,APPROVE,0
0.002488097273786175,LOW,APPROVE,0
0.13185157167756575,MEDIUM,REVIEW,0
0.001865650084646401,LOW,APPROVE,0
0.02838502596772425,LOW,APPROVE,0
0.020258018882645727,LOW,APPROVE,0
0.003065765422789881,LOW,APPROVE,0
0.645823190815585,HIGH,BLOCK,1
0.05749835403675212,LOW,APPROVE,0
0.01085932341312981,LOW,APPROVE,0
0.00760191138601821,LOW,APPROVE,0
0.0039352528681424895,LOW,APPROVE,0
0.0665135606914492,LOW,APPROVE,0
0.003548602419817546,LOW,APPROVE,0
0.0031955033428603423,LOW,APPROVE,0
0.006328793958487318,LOW,APPROVE,0
0.022251209454933016,LOW,APPROVE,0
0.021912831634248633,LOW,APPROVE,0
0.023104827886711924,LOW,APPROVE,0
0.01943078075690053,LOW,APPROVE,0
0.02633833956157922,LOW,APPROVE,0
0.0034158904326201008,LOW,APPROVE,0
0.015033624345076045,LOW,APPROVE,0
0.009492840739444926,LOW,APPROVE,0
0.0005954822842053396,LOW,APPROVE,0
0.011380861472843678,LOW,APPROVE,0
0.003977782332458092,LOW,APPROVE,0
0.0037939039008268805,LOW,APPROVE,0
0.004035932279885739,LOW,APPROVE,0
0.0063914774129020645,LOW,APPROVE,0
0.0015020942442112723,LOW,APPROVE,0
0.091982158802257,LOW,APPROVE,0
0.13918184919803864,MEDIUM,REVIEW,0
0.008564405014726141,LOW,APPROVE,0
0.004148323614350036,LOW,APPROVE,0
0.0033867225502567655,LOW,APPROVE,0
0.0020014643059429347,LOW,APPROVE,0
0.06205873187656851,LOW,APPROVE,0
0.005171487773184579,LOW,APPROVE,0
0.008439852084653166,LOW,APPROVE,0
0.008439852084653166,LOW,APPROVE,0
0.01074493134979232,LOW,APPROVE,0
0.010624524207461634,LOW,APPROVE,0
0.0053278643608456406,LOW,APPROVE,0
0.006483149023595237,LOW,APPROVE,0
0.006308479977589459,LOW,APPROVE,0
0.011903709243735036,LOW,APPROVE,0
0.0042701070022789,LOW,APPROVE,0
0.08312576616060814,LOW,APPROVE,0
0.010635342749353516,LOW,APPROVE,0
0.010635342749353516,LOW,APPROVE,0
0.043565634537634,LOW,APPROVE,0
0.014472150131837825,LOW,APPROVE,0
0.03057440657479543,LOW,APPROVE,0
0.01653922667731519,LOW,APPROVE,0
0.010635342749353516,LOW,APPROVE,0
0.020354923692398125,LOW,APPROVE,0
0.005746780010295622,LOW,APPROVE,0
0.012193301520181457,LOW,APPROVE,0
0.43288046028396776,MEDIUM,REVIEW,1
0.1675877261254724,MEDIUM,REVIEW,0
0.0018915294659234987,LOW,APPROVE,0
0.011271268418417153,LOW,APPROVE,0
0.0017336430590340843,LOW,APPROVE,0
0.01265934247540934,LOW,APPROVE,0
0.005189097216961969,LOW,APPROVE,1
0.542267569430458,HIGH,BLOCK,1
0.00497668650011805,LOW,APPROVE,0
0.05395262445807683,LOW,APPROVE,0
0.008918664428880134,LOW,APPROVE,0
0.009205206831877037,LOW,APPROVE,0
0.022227347009600117,LOW,APPROVE,0
0.017951285978231042,LOW,APPROVE,0
0.01350368231637721,LOW,APPROVE,0
0.006527203564778787,LOW,APPROVE,0
0.015662781136676084,LOW,APPROVE,0
0.06394639288461901,LOW,APPROVE,0
0.003558048583403757,LOW,APPROVE,0
0.018229083043813467,LOW,APPROVE,0
0.015325662390148095,LOW,APPROVE,1
0.010706358318348264,LOW,APPROVE,0
0.0016736502434830291,LOW,APPROVE,0
0.019502478020723312,LOW,APPROVE,1
0.0023201356234648,LOW,APPROVE,0
0.04193701349669877,LOW,APPROVE,0
0.04193701349669877,LOW,APPROVE,0
0.002245638410681024,LOW,APPROVE,0
0.01549708926875536,LOW,APPROVE,0
0.0050476913459927926,LOW,APPROVE,0
0.0018490357970122396,LOW,APPROVE,0
0.04285422413834359,LOW,APPROVE,0
0.01110099029331257,LOW,APPROVE,0
0.05164000934649639,LOW,APPROVE,0
0.0011652712250826106,LOW,APPROVE,0
0.015284927385125392,LOW,APPROVE,0
0.018269051038238143,LOW,APPROVE,0
0.39121103492200865,MEDIUM,REVIEW,1
0.04318503206605383,LOW,APPROVE,0
0.008402251227459244,LOW,APPROVE,1
0.11407797522323787,MEDIUM,REVIEW,0
0.0223826446024105,LOW,APPROVE,0
0.011669121330834973,LOW,APPROVE,0
0.014611257323486938,LOW,APPROVE,0
0.0026253310162750623,LOW,APPROVE,0
0.003789164943895137,LOW,APPROVE,0
0.008584322385231593,LOW,APPROVE,0
0.007973773284494652,LOW,APPROVE,0
0.007973773284494652,LOW,APPROVE,0
0.016575158080943477,LOW,APPROVE,0
0.01566623683911806,LOW,APPROVE,0
0.026359815784067334,LOW,APPROVE,0
0.0033498896053496966,LOW,APPROVE,0
0.0054906867582741594,LOW,APPROVE,0
0.03430523305131198,LOW,APPROVE,0
0.006452115432356123,LOW,APPROVE,0
0.0038823102106109904,LOW,APPROVE,0
0.006199226692648493,LOW,APPROVE,0
0.006546037760836306,LOW,APPROVE,0
0.0045338046420232425,LOW,APPROVE,0
0.02169432103032343,LOW,APPROVE,0
0.00450349035194729,LOW,APPROVE,0
0.013712628088031927,LOW,APPROVE,0
0.005738217357072528,LOW,APPROVE,0
0.05547343042125149,LOW,APPROVE,0
0.014107843770149784,LOW,APPROVE,0
0.09872278643182325,LOW,APPROVE,0
0.00393776572316161,LOW,APPROVE,0
0.005033393939275722,LOW,APPROVE,0
0.007668380222523855,LOW,APPROVE,1
0.1189089213755388,MEDIUM,REVIEW,0
0.016037807608609404,LOW,APPROVE,0
0.01620329037122885,LOW,APPROVE,0
0.044418710656475686,LOW,APPROVE,0
0.00817839305787315,LOW,APPROVE,0
0.0005513438042760823,LOW,APPROVE,0
0.03076914569204432,LOW,APPROVE,0
0.0028046044349584486,LOW,APPROVE,0
0.007683236407739683,LOW,APPROVE,0
0.017666035997484647,LOW,APPROVE,0
0.013884784950251269,LOW,APPROVE,0
0.006988340963464191,LOW,APPROVE,0
0.01748098883654337,LOW,APPROVE,0
0.01126201268077149,LOW,APPROVE,0
0.022595761548356772,LOW,APPROVE,0
0.02768592067582408,LOW,APPROVE,0
0.0037511371980527633,LOW,APPROVE,0
0.01166132225972927,LOW,APPROVE,0
0.015810781867748157,LOW,APPROVE,0
0.002171644953111398,LOW,APPROVE,0
0.007617787553747111,LOW,APPROVE,0
0.0055561283453700264,LOW,APPROVE,0
0.01166132225972927,LOW,APPROVE,0
0.003813775942473343,LOW,APPROVE,0
0.011133382478480877,LOW,APPROVE,0
0.012351978018904962,LOW,APPROVE,0
0.009518519856997237,LOW,APPROVE,0
0.004402079219259218,LOW,APPROVE,0
0.008054895781499951,LOW,APPROVE,0
0.04062423103187529,LOW,APPROVE,0
0.012098711963294461,LOW,APPROVE,0
0.009692712951317406,LOW,APPROVE,0
0.03778008004130285,LOW,APPROVE,0
0.2388912626239901,MEDIUM,REVIEW,0
0.002935375195608441,LOW,APPROVE,0
0.2388912626239901,MEDIUM,REVIEW,0
0.09287072110576787,LOW,APPROVE,0
0.0037733771265174355,LOW,APPROVE,0
0.004466948371190361,LOW,APPROVE,0
0.0031771280674493807,LOW,APPROVE,0
0.004069419737646227,LOW,APPROVE,0
0.0065156142175134815,LOW,APPROVE,0
0.005564702703490864,LOW,APPROVE,0
0.0014936487646951787,LOW,APPROVE,0
0.06641849806040123,LOW,APPROVE,0
0.008109012988065848,LOW,APPROVE,0
0.018285926129472548,LOW,APPROVE,1
0.010925996491765289,LOW,APPROVE,0
0.02441980026517004,LOW,APPROVE,0
0.0031771280674493807,LOW,APPROVE,0
0.003245610505432483,LOW,APPROVE,0
0.002539456661304984,LOW,APPROVE,0
0.08657410651111085,LOW,APPROVE,0
0.06298470711683181,LOW,APPROVE,1
0.003046657145811553,LOW,APPROVE,0
0.0029206096018854835,LOW,APPROVE,0
0.0045121213570610795,LOW,APPROVE,0
0.01257123959666189,LOW,APPROVE,0
0.010767519883101422,LOW,APPROVE,0
0.003046657145811553,LOW,APPROVE,0
0.0009251940411441542,LOW,APPROVE,0
0.007903140873847291,LOW,APPROVE,0
0.0050155857287518275,LOW,APPROVE,0
0.0005169586082446293,LOW,APPROVE,0
0.005782311759809517,LOW,APPROVE,0
0.0013812645809547599,LOW,APPROVE,0
0.012672832928141612,LOW,APPROVE,0
0.01833067671761073,LOW,APPROVE,0
0.013398500820680845,LOW,APPROVE,0
0.04758900871100744,LOW,APPROVE,0
0.01002721151826054,LOW,APPROVE,0
0.001709226699057041,LOW,APPROVE,0
0.001980459413869514,LOW,APPROVE,0
0.005453211379822157,LOW,APPROVE,0
0.007268572446145713,LOW,APPROVE,0
0.004144868977796752,LOW,APPROVE,0
0.009393532581518847,LOW,APPROVE,0
0.0038773129932161325,LOW,APPROVE,0
0.3029043189043094,MEDIUM,REVIEW,0
0.01767961176503218,LOW,APPROVE,0
0.0054802591588307345,LOW,APPROVE,0
0.004724987632690508,LOW,APPROVE,0
0.008875744386433555,LOW,APPROVE,0
0.00849045275517454,LOW,APPROVE,0
0.0055721345243540535,LOW,APPROVE,0
0.022371568237994483,LOW,APPROVE,0
0.002201643536979265,LOW,APPROVE,0
0.012678058451963023,LOW,APPROVE,0
0.02535732918053599,LOW,APPROVE,0
0.008569833096303252,LOW,APPROVE,0
0.07795181496865788,LOW,APPROVE,0
0.010071880252441634,LOW,APPROVE,0
0.044107166253853185,LOW,APPROVE,0
0.04717881542943451,LOW,APPROVE,0
0.011623015295261841,LOW,APPROVE,0
0.0007391288636373289,LOW,APPROVE,0
0.0010250373945593573,LOW,APPROVE,0
0.00461896715185327,LOW,APPROVE,0
0.005246485893195178,LOW,APPROVE,0
0.058772272525381516,LOW,APPROVE,0
0.0126355368081264,LOW,APPROVE,0
0.008500223092187887,LOW,APPROVE,0
0.023547330354446096,LOW,APPROVE,0
0.004054776119801419,LOW,APPROVE,0
0.0243508727280952,LOW,APPROVE,0
0.015472885379006094,LOW,APPROVE,0
0.009386750174505992,LOW,APPROVE,0
0.013334701023687511,LOW,APPROVE,0
0.02487067527038969,LOW,APPROVE,0
0.004901284392506231,LOW,APPROVE,0
0.001264540017857329,LOW,APPROVE,0
0.002569145521735167,LOW,APPROVE,0
0.0021470213916161066,LOW,APPROVE,0
0.0009489824437944669,LOW,APPROVE,0
0.004374663857349461,LOW,APPROVE,0
0.06001001130808053,LOW,APPROVE,0
0.005804888269870791,LOW,APPROVE,0
0.004807839677607109,LOW,APPROVE,0
0.02717460616082584,LOW,APPROVE,0
0.00186739731363844,LOW,APPROVE,0
0.010225985959400014,LOW,APPROVE,0
0.04016177795297534,LOW,APPROVE,0
0.017231255462689096,LOW,APPROVE,0
0.053541144133385926,LOW,APPROVE,0
0.0019323808659517923,LOW,APPROVE,0
0.0025467929620465795,LOW,APPROVE,0
0.02970048645676915,LOW,APPROVE,0
0.004704179432600059,LOW,APPROVE,0
0.008954425395360519,LOW,APPROVE,0
0.03938429111130551,LOW,APPROVE,0
0.0024863776155773926,LOW,APPROVE,0
0.0068158428095464,LOW,APPROVE,0
0.21049215777839572,MEDIUM,REVIEW,0
0.007451573461731165,LOW,APPROVE,0
0.0012957185403527118,LOW,APPROVE,0
0.21049215777839572,MEDIUM,REVIEW,0
0.0019888969843299105,LOW,APPROVE,0
0.022435567895939104,LOW,APPROVE,0
0.0073178342447611355,LOW,APPROVE,0
0.0015212044047355434,LOW,APPROVE,0
0.007869041567355257,LOW,APPROVE,0
0.03938429111130551,LOW,APPROVE,0
0.0076898242311310185,LOW,APPROVE,0
0.025862868719517547,LOW,APPROVE,0
0.004695801118357231,LOW,APPROVE,0
0.013581428119104818,LOW,APPROVE,0
0.005829301888876121,LOW,APPROVE,0
0.04297989901490233,LOW,APPROVE,0
0.053348410060622936,LOW,APPROVE,0
0.0019323808659517923,LOW,APPROVE,0
0.030004951616898704,LOW,APPROVE,0
0.007355210753018823,LOW,APPROVE,0
0.040572310533869144,LOW,APPROVE,0
0.0019411475028206907,LOW,APPROVE,0
0.002688341669362802,LOW,APPROVE,0
0.016176528091774143,LOW,APPROVE,0
0.0007712328817304812,LOW,APPROVE,0
0.0022780806633079533,LOW,APPROVE,0
0.015307186553434415,LOW,APPROVE,0
0.004278186617828491,LOW,APPROVE,0
0.0024161922954625188,LOW,APPROVE,0
0.006884644308175654,LOW,APPROVE,0
0.005093247154433483,LOW,APPROVE,0
0.008954425395360519,LOW,APPROVE,0
0.008486254257999358,LOW,APPROVE,0
0.0031341653587956884,LOW,APPROVE,0
0.006966870752068267,LOW,APPROVE,0
0.005429836393590352,LOW,APPROVE,1
0.0047917501439611624,LOW,APPROVE,0
0.006061001215011339,LOW,APPROVE,0
0.003368558342460131,LOW,APPROVE,0
0.002137448027682717,LOW,APPROVE,0
0.0093751360014124,LOW,APPROVE,0
0.002767599737581118,LOW,APPROVE,0
0.003049943324139561,LOW,APPROVE,0
0.012297882682794059,LOW,APPROVE,0
0.007207793606360027,LOW,APPROVE,0
0.004932558297475958,LOW,APPROVE,0
0.038680362743717,LOW,APPROVE,0
0.013597235450919046,LOW,APPROVE,0
0.0033603998837325455,LOW,APPROVE,0
0.006601643690313479,LOW,APPROVE,0
0.00306577812935501,LOW,APPROVE,0
0.010210940489085997,LOW,APPROVE,0
0.06725230590865183,LOW,APPROVE,0
0.00882613388525543,LOW,APPROVE,0
0.00539248739350269,LOW,APPROVE,0
0.010559335290914722,LOW,APPROVE,0
0.00631495324111007,LOW,APPROVE,0
0.021094638626965437,LOW,APPROVE,0
0.0005039958064362725,LOW,APPROVE,0
0.0006679110124889647,LOW,APPROVE,0
0.02483810076730947,LOW,APPROVE,0
0.0042957964021601465,LOW,APPROVE,0
0.0029637766960395944,LOW,APPROVE,0
0.004428241528588751,LOW,APPROVE,0
0.02304347205744818,LOW,APPROVE,0
0.016793822524003472,LOW,APPROVE,0
0.002685044912117569,LOW,APPROVE,0
0.0007065771404017928,LOW,APPROVE,0
0.0005804901493492083,LOW,APPROVE,0
0.022405326994610657,LOW,APPROVE,0
0.0037112974692577955,LOW,APPROVE,0
0.0046005340871752495,LOW,APPROVE,0
0.021154875412990392,LOW,APPROVE,0
0.004903404304779933,LOW,APPROVE,0
0.013129647437013883,LOW,APPROVE,0
0.016224525842909607,LOW,APPROVE,0
0.005948581242584233,LOW,APPROVE,0
0.05700182489674272,LOW,APPROVE,0
0.009164389133657963,LOW,APPROVE,0
0.014381111533974204,LOW,APPROVE,0
0.004972687595024805,LOW,APPROVE,0
0.0027314540378116673,LOW,APPROVE,0
0.02365707951580749,LOW,APPROVE,0
0.011601738112117671,LOW,APPROVE,0
0.0028122165799096114,LOW,APPROVE,0
0.008257088124474614,LOW,APPROVE,0
0.01100907706898855,LOW,APPROVE,0
0.012334423148059558,LOW,APPROVE,0
0.0051253374003121,LOW,APPROVE,0
0.016873769898102825,LOW,APPROVE,0
0.003777611898693053,LOW,APPROVE,0
0.004044469505029201,LOW,APPROVE,0
0.0016649251786783358,LOW,APPROVE,0
0.05209738709813506,LOW,APPROVE,0
0.004342126521832617,LOW,APPROVE,0
0.006679604524486657,LOW,APPROVE,0
0.05209738709813506,LOW,APPROVE,0
0.023226511862846706,LOW,APPROVE,0
0.007520606775862504,LOW,APPROVE,0
0.0016264134580855165,LOW,APPROVE,0
0.006205918935034909,LOW,APPROVE,0
0.0022912964410125762,LOW,APPROVE,0
0.00408491995207408,LOW,APPROVE,0
0.00627384116168922,LOW,APPROVE,0
0.020287763375103282,LOW,APPROVE,0
0.001193314621058977,LOW,APPROVE,0
0.020294793223940722,LOW,APPROVE,0
0.01162760351697024,LOW,APPROVE,0
0.0017489644817983907,LOW,APPROVE,0
0.006628211751292279,LOW,APPROVE,0
0.00986134391076166,LOW,APPROVE,0
0.014432573443634186,LOW,APPROVE,0
0.0006051858696062372,LOW,APPROVE,0
0.00048432655519625245,LOW,APPROVE,0
0.007409893402936979,LOW,APPROVE,0
0.00048432655519625245,LOW,APPROVE,0
0.0005372664389769556,LOW,APPROVE,0
0.011251171142021073,LOW,APPROVE,0
0.0023713219913598675,LOW,APPROVE,0
0.005516535921023755,LOW,APPROVE,0
0.005188389898442038,LOW,APPROVE,0
0.011562431734288814,LOW,APPROVE,0
0.008792315862257115,LOW,APPROVE,0
0.006533105895155587,LOW,APPROVE,0
0.009424451493291807,LOW,APPROVE,0
0.01062469767217545,LOW,APPROVE,0
0.0018199795362752872,LOW,APPROVE,0
0.0032156459031820847,LOW,APPROVE,0
0.022728967266476618,LOW,APPROVE,0
0.006925926276389808,LOW,APPROVE,0
0.0021994077438343917,LOW,APPROVE,0
0.0070610002524905315,LOW,APPROVE,0
0.0033011104551945807,LOW,APPROVE,0
0.0010253882446654406,LOW,APPROVE,0
0.01173361029922344,LOW,APPROVE,0
0.005547557124916147,LOW,APPROVE,0
0.01302783274987477,LOW,APPROVE,0
0.005547557124916147,LOW,APPROVE,0
0.0025258263115783396,LOW,APPROVE,0
0.0052744975706434235,LOW,APPROVE,0
0.012056208465742955,LOW,APPROVE,0
0.0024341421899959177,LOW,APPROVE,0
0.02213438034775078,LOW,APPROVE,0
0.022929759491001536,LOW,APPROVE,0
0.03347416274731327,LOW,APPROVE,0
0.0031740778200467605,LOW,APPROVE,0
0.013654407781592076,LOW,APPROVE,0
0.05533548530653766,LOW,APPROVE,0
0.007732747279713124,LOW,APPROVE,0
0.03082044995073621,LOW,APPROVE,0
0.0006476398952127999,LOW,APPROVE,0
0.2986073635145948,MEDIUM,REVIEW,0
0.0005039958064362725,LOW,APPROVE,0
0.00868456046697255,LOW,APPROVE,0
0.001176363732832257,LOW,APPROVE,0
0.003874967175891161,LOW,APPROVE,0
0.004661062965189563,LOW,APPROVE,0
0.0008936865556338827,LOW,APPROVE,0
0.0023613350642987187,LOW,APPROVE,0
0.0017236351349986206,LOW,APPROVE,0
0.01634862934733079,LOW,APPROVE,0
0.00842013273635744,LOW,APPROVE,0
0.011946122391642423,LOW,APPROVE,0
0.005497660126784187,LOW,APPROVE,0
0.0036689598275330094,LOW,APPROVE,0
0.006108512186661819,LOW,APPROVE,0
0.0029303590058788265,LOW,APPROVE,0
0.018909118927954417,LOW,APPROVE,0
0.003019949714653719,LOW,APPROVE,0
0.007155845754363738,LOW,APPROVE,0
0.005617293607274856,LOW,APPROVE,0
0.005973917211301503,LOW,APPROVE,0
0.0009014985998439239,LOW,APPROVE,0
0.012161049219895918,LOW,APPROVE,0
0.04071553832000741,LOW,APPROVE,0
0.014400837559892611,LOW,APPROVE,0
0.00644342119034572,LOW,APPROVE,0
0.0035202657878132394,LOW,APPROVE,0
0.011371783607602999,LOW,APPROVE,0
0.002005782526807893,LOW,APPROVE,0
0.0316914121766536,LOW,APPROVE,0
0.027190568519426,LOW,APPROVE,0
0.008743432268135759,LOW,APPROVE,0
0.05224197411009642,LOW,APPROVE,0
0.005719879012070057,LOW,APPROVE,0
0.006015497626869991,LOW,APPROVE,0
0.010358924108600204,LOW,APPROVE,0
0.0011142855338969362,LOW,APPROVE,0
0.0023213646907851533,LOW,APPROVE,0
0.02047407933723701,LOW,APPROVE,0
0.04419096283502555,LOW,APPROVE,0
0.048256728479677775,LOW,APPROVE,0
0.006071569925450697,LOW,APPROVE,0
0.004912272167837193,LOW,APPROVE,0
0.016765104056620794,LOW,APPROVE,1
0.03484068876911078,LOW,APPROVE,0
0.0011563255802263762,LOW,APPROVE,0
0.0012632493648590465,LOW,APPROVE,0
0.003116082092635772,LOW,APPROVE,0
0.0019967779655328203,LOW,APPROVE,0
0.02528425996485919,LOW,APPROVE,0
0.006435689592483146,LOW,APPROVE,0
0.0049470855550863,LOW,APPROVE,0
0.02528425996485919,LOW,APPROVE,0
0.01994965146551059,LOW,APPROVE,0
0.03818914629633766,LOW,APPROVE,0
0.0011481766243786262,LOW,APPROVE,0
0.010583361634572137,LOW,APPROVE,0
0.001658771274596995,LOW,APPROVE,0
0.006338605583331939,LOW,APPROVE,0
0.006185493991042236,LOW,APPROVE,0
0.003515405941102182,LOW,APPROVE,0
0.16375266463479574,MEDIUM,REVIEW,0
0.007604408600872214,LOW,APPROVE,0
0.011312766262066802,LOW,APPROVE,0
0.11876723790101311,MEDIUM,REVIEW,0
0.006735568950375271,LOW,APPROVE,0
0.02056895137252949,LOW,APPROVE,0
0.011479838208718465,LOW,APPROVE,0
0.005008835378569283,LOW,APPROVE,0
0.0007244419313658906,LOW,APPROVE,0
0.004791789369767527,LOW,APPROVE,0
0.0014485754405685334,LOW,APPROVE,0
0.004113549403103579,LOW,APPROVE,0
0.007363520751244047,LOW,APPROVE,0
0.004225408747822493,LOW,APPROVE,0
0.002371574543184259,LOW,APPROVE,0
0.0028339041736795165,LOW,APPROVE,0
0.0042015410462557376,LOW,APPROVE,0
0.009117790291226613,LOW,APPROVE,0
0.007080407115383901,LOW,APPROVE,0
0.002412731046424554,LOW,APPROVE,0
0.00636920830035082,LOW,APPROVE,0
0.0040951923119893355,LOW,APPROVE,0
0.0018823916154271107,LOW,APPROVE,0
0.026678110046297672,LOW,APPROVE,0
0.015142644069209349,LOW,APPROVE,0
0.004369741101443355,LOW,APPROVE,0
0.002615971546209191,LOW,APPROVE,0
0.0035890013589526975,LOW,APPROVE,0
0.007180186712870524,LOW,APPROVE,0
0.008154390822850887,LOW,APPROVE,0
0.006706582823373194,LOW,APPROVE,0
0.0035831626582532297,LOW,APPROVE,0
0.02227929832594679,LOW,APPROVE,0
0.00785292444079827,LOW,APPROVE,0
0.005026543629702443,LOW,APPROVE,0
0.004786491483078433,LOW,APPROVE,0
0.008402451667984397,LOW,APPROVE,0
0.0033428880708205105,LOW,APPROVE,0
0.015512972774919025,LOW,APPROVE,0
0.008487116113083698,LOW,APPROVE,0
0.01178627813089845,LOW,APPROVE,0
0.011386991136305114,LOW,APPROVE,0
0.0018284857959698698,LOW,APPROVE,0
0.005364263163059275,LOW,APPROVE,0
0.08871012035292469,LOW,APPROVE,0
0.005349551806644212,LOW,APPROVE,0
0.005505858745116034,LOW,APPROVE,0
0.005312213209179979,LOW,APPROVE,0
0.001277672212582524,LOW,APPROVE,0
0.0043426354358161705,LOW,APPROVE,0
0.009019227850500662,LOW,APPROVE,0
0.002342149421146831,LOW,APPROVE,0
0.002145878149948722,LOW,APPROVE,0
0.0012607054101239025,LOW,APPROVE,0
0.0053927555574985785,LOW,APPROVE,0
0.0044280489600224,LOW,APPROVE,0
0.003450323446988437,LOW,APPROVE,0
0.0016061977225342362,LOW,APPROVE,0
0.0044280489600224,LOW,APPROVE,0
0.007256601077756312,LOW,APPROVE,0
0.00132731067624881,LOW,APPROVE,1
0.020394830063774294,LOW,APPROVE,0
0.0033804939059093563,LOW,APPROVE,0
0.02934154855023062,LOW,APPROVE,0
0.049849788857887156,LOW,APPROVE,0
0.009691533343813839,LOW,APPROVE,0
0.00741056442882387,LOW,APPROVE,0
0.0017832440113058799,LOW,APPROVE,0
0.003305665660133367,LOW,APPROVE,0
0.0019126083305839089,LOW,APPROVE,0
0.002972346568806829,LOW,APPROVE,0
0.0013805757434856676,LOW,APPROVE,0
0.08320873284551628,LOW,APPROVE,0
0.008419128712707702,LOW,APPROVE,0
0.0023099768211897512,LOW,APPROVE,0
0.011996111974959152,LOW,APPROVE,0
0.002592681313218322,LOW,APPROVE,0
0.001777780262006597,LOW,APPROVE,0
0.002405300950335497,LOW,APPROVE,0
0.03246587193524195,LOW,APPROVE,0
0.0016896238956932393,LOW,APPROVE,0
0.008415060417567273,LOW,APPROVE,0
0.010328404557623756,LOW,APPROVE,0
0.0016908348154218032,LOW,APPROVE,0
0.002405300950335497,LOW,APPROVE,0
0.0016053105152298466,LOW,APPROVE,0
0.0016896238956932393,LOW,APPROVE,0
0.04213931522106692,LOW,APPROVE,0
0.0026700363470106496,LOW,APPROVE,0
0.001546298573962126,LOW,APPROVE,0
0.001546298573962126,LOW,APPROVE,0
0.0013723468443907888,LOW,APPROVE,0
0.01611480278998326,LOW,APPROVE,0
0.011018199261473943,LOW,APPROVE,0
0.0052655087327440255,LOW,APPROVE,0
0.0009026813342610967,LOW,APPROVE,0
0.006907915934798592,LOW,APPROVE,0
0.005193624257658761,LOW,APPROVE,0
0.0012934988205677855,LOW,APPROVE,0
0.0037452294824643993,LOW,APPROVE,0
0.004192033664486612,LOW,APPROVE,0
0.003964736648200576,LOW,APPROVE,0
0.010499358354436798,LOW,APPROVE,0
0.004159995529646912,LOW,APPROVE,0
0.0019487357981286047,LOW,APPROVE,0
0.0021007071394004173,LOW,APPROVE,0
0.001935616765922346,LOW,APPROVE,0
0.0007656441409814441,LOW,APPROVE,0
0.010185081223807724,LOW,APPROVE,0
0.008074376985876857,LOW,APPROVE,0
0.0031887789669001634,LOW,APPROVE,0
0.0013654817689997445,LOW,APPROVE,0
0.0015086827317568206,LOW,APPROVE,0
0.004913776499424169,LOW,APPROVE,0
0.007386299712199945,LOW,APPROVE,0
0.012225750314035744,LOW,APPROVE,0
0.0019224562926290377,LOW,APPROVE,0
0.008356523457489187,LOW,APPROVE,0
0.0036236164862560485,LOW,APPROVE,0
0.017651347323925412,LOW,APPROVE,0
0.0029104148189534754,LOW,APPROVE,0
0.004083204473130775,LOW,APPROVE,0
0.004357734253957992,LOW,APPROVE,0
0.020167657565059647,LOW,APPROVE,0
0.002488016782815029,LOW,APPROVE,0
0.01752676008938316,LOW,APPROVE,0
0.0023482153761447172,LOW,APPROVE,0
0.0005745733742572852,LOW,APPROVE,0
0.05680214603369267,LOW,APPROVE,0
0.004026601171859467,LOW,APPROVE,0
0.01923404501308018,LOW,APPROVE,0
0.007441764401374126,LOW,APPROVE,0
0.005665773065316355,LOW,APPROVE,0
0.012349001841967591,LOW,APPROVE,0
0.008043907990205606,LOW,APPROVE,0
0.05968518397982253,LOW,APPROVE,0
0.0025827924886809082,LOW,APPROVE,0
0.012219234188259959,LOW,APPROVE,0
0.0019712567766131265,LOW,APPROVE,0
0.0025698070919929726,LOW,APPROVE,0
0.007386299712199945,LOW,APPROVE,0
0.01892966597565873,LOW,APPROVE,0
0.022970059384935158,LOW,APPROVE,0
0.009596860620665728,LOW,APPROVE,0
0.10386405745408393,MEDIUM,REVIEW,0
0.005505294886955541,LOW,APPROVE,0
0.027065565334573126,LOW,APPROVE,0
0.007308666657444176,LOW,APPROVE,0
0.010042030473236414,LOW,APPROVE,0
0.0024956915128112253,LOW,APPROVE,0
0.0026468424254262484,LOW,APPROVE,0
0.003740379411796044,LOW,APPROVE,0
0.003386453854101408,LOW,APPROVE,0
0.001580084730067603,LOW,APPROVE,0
0.027356233484893876,LOW,APPROVE,0
0.04737940827652988,LOW,APPROVE,0
0.009475740680592173,LOW,APPROVE,0
0.001716038045105005,LOW,APPROVE,0
0.021121677111505085,LOW,APPROVE,0
0.01835793820500662,LOW,APPROVE,0
0.011705354628073634,LOW,APPROVE,0
0.017145554860761785,LOW,APPROVE,0
0.008712977282536033,LOW,APPROVE,0
0.02045077889221787,LOW,APPROVE,0
0.0007485903359367247,LOW,APPROVE,0
0.010382169837201837,LOW,APPROVE,0
0.005710669384033532,LOW,APPROVE,0
0.007630249470143341,LOW,APPROVE,0
0.0015002365607336037,LOW,APPROVE,0
0.00513538307438125,LOW,APPROVE,0
0.009783450775037755,LOW,APPROVE,0
0.0035184660693397133,LOW,APPROVE,0
0.006925514764171134,LOW,APPROVE,0
0.002934535487741616,LOW,APPROVE,0
0.011439620622974541,LOW,APPROVE,0
0.04200408548210385,LOW,APPROVE,0
0.005391420945800707,LOW,APPROVE,0
0.0005985829190766041,LOW,APPROVE,0
0.0306704976332373,LOW,APPROVE,0
0.010477290339666946,LOW,APPROVE,0
0.0021525495654916224,LOW,APPROVE,0
0.005092913298110648,LOW,APPROVE,0
0.001676870099577069,LOW,APPROVE,0
0.005798036053829122,LOW,APPROVE,0
0.005691024653348655,LOW,APPROVE,0
0.0020464157318629034,LOW,APPROVE,0
0.004726208197851358,LOW,APPROVE,0
0.009182786105932568,LOW,APPROVE,0
0.019210464303858,LOW,APPROVE,0
0.004304896701650076,LOW,APPROVE,0
0.020805644309841366,LOW,APPROVE,0
0.002796383226093627,LOW,APPROVE,0
0.0051239996167532255,LOW,APPROVE,0
0.007216515774698295,LOW,APPROVE,0
0.0052925110913714215,LOW,APPROVE,0
0.0073533776925698464,LOW,APPROVE,0
0.013617849880383434,LOW,APPROVE,0
0.02695433510646372,LOW,APPROVE,0
0.013369180444492344,LOW,APPROVE,0
0.0021815685054854656,LOW,APPROVE,0
0.028199456497827572,LOW,APPROVE,0
0.018065103999666002,LOW,APPROVE,0
0.021097711364078023,LOW,APPROVE,0
0.010289935177960384,LOW,APPROVE,0
0.005657804083468288,LOW,APPROVE,0
0.004062237129841339,LOW,APPROVE,0
0.009417746887999538,LOW,APPROVE,0
0.0036847802688749595,LOW,APPROVE,0
0.09933552208937844,LOW,APPROVE,0
0.0031876543452440983,LOW,APPROVE,0
0.0028487365295023995,LOW,APPROVE,0
0.005193624257658761,LOW,APPROVE,0
0.03485614643569197,LOW,APPROVE,0
0.07009759348201727,LOW,APPROVE,0
0.007383499393609002,LOW,APPROVE,0
0.004629805768070736,LOW,APPROVE,0
0.03864882328796165,LOW,APPROVE,1
0.003866292543626042,LOW,APPROVE,0
0.004956268492386664,LOW,APPROVE,0
0.01592426280874497,LOW,APPROVE,0
0.023052837125816017,LOW,APPROVE,0
0.011466952747477782,LOW,APPROVE,0
0.0047798794286265985,LOW,APPROVE,0
0.02954824713956118,LOW,APPROVE,0
0.0030452356329322707,LOW,APPROVE,0
0.004497147107403855,LOW,APPROVE,0
0.0029584535927812765,LOW,APPROVE,0
0.0013369926944146353,LOW,APPROVE,0
0.009111374535972354,LOW,APPROVE,0
0.009806755092856211,LOW,APPROVE,0
0.01971092850137095,LOW,APPROVE,0
0.005757737949602126,LOW,APPROVE,0
0.028031750860755576,LOW,APPROVE,0
0.002880452962670708,LOW,APPROVE,0
0.010307738429677533,LOW,APPROVE,0
0.01003072568343381,LOW,APPROVE,0
0.0009338242436248378,LOW,APPROVE,0
0.01018494006463958,LOW,APPROVE,0
0.0030677772824212186,LOW,APPROVE,0
0.019600453777029642,LOW,APPROVE,0
0.0055667333259320564,LOW,APPROVE,0
0.2402585764745671,MEDIUM,REVIEW,0
0.012041198480910174,LOW,APPROVE,0
0.007216274406998993,LOW,APPROVE,0
0.0029904081416215447,LOW,APPROVE,0
0.001683891172383185,LOW,APPROVE,0
0.011655265689850404,LOW,APPROVE,0
0.004024281152371552,LOW,APPROVE,0
0.0012758738782526569,LOW,APPROVE,0
0.00734606785878869,LOW,APPROVE,0
0.003729793819621713,LOW,APPROVE,0
0.07709932351482754,LOW,APPROVE,0
0.0014512707664920623,LOW,APPROVE,0
0.0025094107969963245,LOW,APPROVE,0
0.0029904081416215447,LOW,APPROVE,0
0.008032235684420387,LOW,APPROVE,0
0.0023707103778905967,LOW,APPROVE,0
0.0019445939731117853,LOW,APPROVE,0
0.01052434205751535,LOW,APPROVE,0
0.009981733665930134,LOW,APPROVE,0
0.004784582279728002,LOW,APPROVE,0
0.0036549015624026044,LOW,APPROVE,0
0.007194333933171477,LOW,APPROVE,0
0.022479412203792855,LOW,APPROVE,0
0.003117143205148392,LOW,APPROVE,0
0.012945844131515501,LOW,APPROVE,0
0.00518688342740973,LOW,APPROVE,0
0.005525945414716321,LOW,APPROVE,0
0.001954864907813697,LOW,APPROVE,0
0.0029488863229067772,LOW,APPROVE,0
0.005045645991312613,LOW,APPROVE,0
0.05429987420188192,LOW,APPROVE,0
0.021367101709088284,LOW,APPROVE,0
0.003862753169407951,LOW,APPROVE,0
0.004274255840062949,LOW,APPROVE,0
0.026230597303682417,LOW,APPROVE,0
0.022852426744609678,LOW,APPROVE,0
0.006364427154990194,LOW,APPROVE,0
0.021367101709088284,LOW,APPROVE,0
0.006482425593639628,LOW,APPROVE,0
0.0024465966279710286,LOW,APPROVE,0
0.002299094254344012,LOW,APPROVE,0
0.01928173993391413,LOW,APPROVE,0
0.026230597303682417,LOW,APPROVE,0
0.00734606785878869,LOW,APPROVE,0
0.01565926787638519,LOW,APPROVE,0
0.0049826734450368676,LOW,APPROVE,0
0.010482863574936456,LOW,APPROVE,0
0.022311340307714953,LOW,APPROVE,0
0.005619413491603031,LOW,APPROVE,0
0.0029736765145874358,LOW,APPROVE,0
0.00844436902993815,LOW,APPROVE,0
0.000530273839578188,LOW,APPROVE,0
0.005453571854125625,LOW,APPROVE,0
0.00117827074646626,LOW,APPROVE,0
0.021367101709088284,LOW,APPROVE,0
0.011386674098305332,LOW,APPROVE,0
0.0034219037910862334,LOW,APPROVE,0
0.008207636326536894,LOW,APPROVE,0
0.008179439193203525,LOW,APPROVE,0
0.011891502699334578,LOW,APPROVE,0
0.006013721334335756,LOW,APPROVE,0
0.010055409094729285,LOW,APPROVE,0
0.021367101709088284,LOW,APPROVE,0
0.00864382430480366,LOW,APPROVE,0
0.004177347580890074,LOW,APPROVE,0
0.021367101709088284,LOW,APPROVE,0
0.017903542907026646,LOW,APPROVE,0
0.0026877080638729378,LOW,APPROVE,0
0.06371617780122492,LOW,APPROVE,0
0.0063061825201495,LOW,APPROVE,0
0.013369180444492344,LOW,APPROVE,0
0.004719206188769013,LOW,APPROVE,0
0.021367101709088284,LOW,APPROVE,0
0.008991400911400464,LOW,APPROVE,0
0.010836595382710812,LOW,APPROVE,0
0.09729371245764831,LOW,APPROVE,0
0.013369180444492344,LOW,APPROVE,0
0.0332708802759146,LOW,APPROVE,0
0.00848268167106001,LOW,APPROVE,0
0.0019451761388952734,LOW,APPROVE,0
0.0018959906745879913,LOW,APPROVE,0
0.02608936875650348,LOW,APPROVE,0
0.005024916811071477,LOW,APPROVE,0
0.015188228038284,LOW,APPROVE,0
0.005640473625089124,LOW,APPROVE,0
0.017061812353145852,LOW,APPROVE,0
0.01008741328099376,LOW,APPROVE,0
0.004689972305458365,LOW,APPROVE,0
0.021078231549511727,LOW,APPROVE,0
0.020611756515462064,LOW,APPROVE,0
0.004069137136402534,LOW,APPROVE,0
0.0039250727434116724,LOW,APPROVE,0
0.00939761280691217,LOW,APPROVE,0
0.021367101709088284,LOW,APPROVE,0
0.03239774754729191,LOW,APPROVE,0
0.01032020014719384,LOW,APPROVE,0
0.0017832440113058799,LOW,APPROVE,0
0.003235819037188688,LOW,APPROVE,0
0.005697812930033772,LOW,APPROVE,0
0.002802544354284352,LOW,APPROVE,0
0.009743432522386315,LOW,APPROVE,0
0.009317381520815411,LOW,APPROVE,0
0.004521467237590632,LOW,APPROVE,0
0.009475173488092648,LOW,APPROVE,0
0.003235819037188688,LOW,APPROVE,0
0.07098123088121286,LOW,APPROVE,0
0.01215878259370187,LOW,APPROVE,0
0.0018959906745879913,LOW,APPROVE,0
0.009091818464158982,LOW,APPROVE,0
0.0039250727434116724,LOW,APPROVE,0
0.015393666458547074,LOW,APPROVE,0
0.01067817986759275,LOW,APPROVE,0
0.0020702450266544114,LOW,APPROVE,0
0.0004816849634802389,LOW,APPROVE,0
0.0005903933345546446,LOW,APPROVE,0
0.010271396702043464,LOW,APPROVE,0
0.02349571573159316,LOW,APPROVE,0
0.01003728215037815,LOW,APPROVE,0
0.023580788015518966,LOW,APPROVE,0
0.0017832440113058799,LOW,APPROVE,0
0.02908343114041959,LOW,APPROVE,0
0.04080602849612779,LOW,APPROVE,0
0.04436589640951602,LOW,APPROVE,0
0.0077350544701456575,LOW,APPROVE,0
0.013134534185444859,LOW,APPROVE,0
0.004507898354698385,LOW,APPROVE,0
0.006009783029646201,LOW,APPROVE,0
0.00833715037482414,LOW,APPROVE,0
0.0017664997185629799,LOW,APPROVE,0
0.004002177370366662,LOW,APPROVE,0
0.0015812804988776285,LOW,APPROVE,0
0.003214992803041415,LOW,APPROVE,0
0.009725152150855789,LOW,APPROVE,0
0.006485138312323445,LOW,APPROVE,0
0.027697602768291543,LOW,APPROVE,0
0.005757370171611058,LOW,APPROVE,0
0.0034523094624405674,LOW,APPROVE,0
0.005962455239526248,LOW,APPROVE,0
0.008862825418870844,LOW,APPROVE,0
0.12018127044622774,MEDIUM,REVIEW,0
0.0028898698613389383,LOW,APPROVE,0
0.0018361408417624132,LOW,APPROVE,0
0.006146726189789949,LOW,APPROVE,0
0.0015955861210045924,LOW,APPROVE,0
0.002330854498239439,LOW,APPROVE,0
0.006740604844281729,LOW,APPROVE,0
0.005366300623989008,LOW,APPROVE,0
0.0054669138510522455,LOW,APPROVE,0
0.0026438863027758597,LOW,APPROVE,0
0.0022597537799887873,LOW,APPROVE,0
0.0020795859117485505,LOW,APPROVE,0
0.006920578474520452,LOW,APPROVE,0
0.002047438914981114,LOW,APPROVE,0
0.0022988813361237252,LOW,APPROVE,0
0.013146153944671269,LOW,APPROVE,0
0.0018207762747358865,LOW,APPROVE,0
0.005691767871964261,LOW,APPROVE,0
0.0016712113431581088,LOW,APPROVE,0
0.0019085071220048867,LOW,APPROVE,0
0.006724691459961001,LOW,APPROVE,0
0.004419105881313232,LOW,APPROVE,0
0.0015863047237963926,LOW,APPROVE,0
0.0131116666243017,LOW,APPROVE,0
0.004628940031488885,LOW,APPROVE,0
0.00572742118609581,LOW,APPROVE,0
0.0023961689306740037,LOW,APPROVE,0
0.008694907348432377,LOW,APPROVE,0
0.005160421449925462,LOW,APPROVE,0
0.0031206029947471337,LOW,APPROVE,0
0.016315582259130042,LOW,APPROVE,0
0.007269382059128349,LOW,APPROVE,0
0.010896762873763807,LOW,APPROVE,0
0.01601014393025131,LOW,APPROVE,0
0.0045993568689304196,LOW,APPROVE,0
0.0015563549580128592,LOW,APPROVE,0
0.01889516916270831,LOW,APPROVE,0
0.00648590236742157,LOW,APPROVE,0
0.0076482429877622864,LOW,APPROVE,0
0.005494759651154738,LOW,APPROVE,0
0.003955398726190183,LOW,APPROVE,0
0.0035292723669093913,LOW,APPROVE,0
0.04940563705226103,LOW,APPROVE,0
0.007269382059128349,LOW,APPROVE,0
0.0014456450423356415,LOW,APPROVE,0
0.021248942513224598,LOW,APPROVE,0
0.006094972454428511,LOW,APPROVE,0
0.027848807927386924,LOW,APPROVE,0
0.026874985518206402,LOW,APPROVE,0
0.002108334234864206,LOW,APPROVE,0
0.004557126639735746,LOW,APPROVE,0
0.009588856200398057,LOW,APPROVE,0
0.0013339053893275112,LOW,APPROVE,0
0.0035312283589184006,LOW,APPROVE,0
0.022768854099069993,LOW,APPROVE,0
0.010984196282491053,LOW,APPROVE,0
0.007269382059128349,LOW,APPROVE,0
0.0014415029873411952,LOW,APPROVE,0
0.001654466819956661,LOW,APPROVE,0
0.015013968785395104,LOW,APPROVE,0
0.0012526994177904178,LOW,APPROVE,0
0.013719296588538899,LOW,APPROVE,0
0.0039813049378804215,LOW,APPROVE,0
0.005025512906317382,LOW,APPROVE,0
0.014667525972343517,LOW,APPROVE,0
0.0014328045138457734,LOW,APPROVE,0
0.001961500264603988,LOW,APPROVE,0
0.0014890617819731454,LOW,APPROVE,0
0.0033023943141065543,LOW,APPROVE,0
0.008645062263138535,LOW,APPROVE,0
0.011669900927689032,LOW,APPROVE,0
0.002872659605540047,LOW,APPROVE,0
0.0065481388768602955,LOW,APPROVE,0
0.010931736857281611,LOW,APPROVE,0
0.00764023324287567,LOW,APPROVE,0
0.005379386165604047,LOW,APPROVE,0
0.024391461695431584,LOW,APPROVE,0
0.0012526994177904178,LOW,APPROVE,0
0.0023609274556728407,LOW,APPROVE,0
0.019809436818536842,LOW,APPROVE,0
0.00553304234906265,LOW,APPROVE,0
0.0014890617819731454,LOW,APPROVE,0
0.00623538371371371,LOW,APPROVE,0
0.0012526994177904178,LOW,APPROVE,0
0.0008447326608576907,LOW,APPROVE,0
0.0021888799177029387,LOW,APPROVE,0
0.002767746945856033,LOW,APPROVE,0
0.0060695983182238915,LOW,APPROVE,0
0.0021888799177029387,LOW,APPROVE,0
0.0042056317121588385,LOW,APPROVE,0
0.014058244157089747,LOW,APPROVE,0
0.008805049953207637,LOW,APPROVE,0
0.0061848338254614265,LOW,APPROVE,0
0.006425380338556937,LOW,APPROVE,0
0.005527786062395322,LOW,APPROVE,0
0.0028798612395594426,LOW,APPROVE,0
0.0017637553548836087,LOW,APPROVE,0
0.0065793337733097415,LOW,APPROVE,0
0.0014484532032199983,LOW,APPROVE,0
0.007413594519276221,LOW,APPROVE,0
0.0035045295626191762,LOW,APPROVE,0
0.04929639629578904,LOW,APPROVE,0
0.0032214920829857245,LOW,APPROVE,0
0.00045945470849040917,LOW,APPROVE,0
0.0013626804436648735,LOW,APPROVE,0
0.0004277515459928202,LOW,APPROVE,0
0.0020530972382725348,LOW,APPROVE,0
0.01601014393025131,LOW,APPROVE,0
0.007628693211073705,LOW,APPROVE,0
0.0015793357669146866,LOW,APPROVE,0
0.0012526994177904178,LOW,APPROVE,0
0.0022642014412803837,LOW,APPROVE,0
0.013362383533149478,LOW,APPROVE,0
0.0429298571207295,LOW,APPROVE,1
0.0027330579656854852,LOW,APPROVE,0
0.00510213017164739,LOW,APPROVE,0
0.008667307282640374,LOW,APPROVE,0
0.01012052358448589,LOW,APPROVE,0
0.0009390742699376953,LOW,APPROVE,0
0.003186876299389838,LOW,APPROVE,0
0.002541430063805938,LOW,APPROVE,0
0.003534380312585902,LOW,APPROVE,0
0.0015007137290806009,LOW,APPROVE,0
0.010896762873763807,LOW,APPROVE,0
0.007889928978105372,LOW,APPROVE,0
0.0012736063693831407,LOW,APPROVE,0
0.013112092064903779,LOW,APPROVE,0
0.0048718995023289535,LOW,APPROVE,0
0.12740399477000908,MEDIUM,REVIEW,0
0.00437718253251191,LOW,APPROVE,0
0.02496686703514338,LOW,APPROVE,0
0.007889928978105372,LOW,APPROVE,0
0.002872659605540047,LOW,APPROVE,0
0.0008603967967394943,LOW,APPROVE,0
0.005794622789786772,LOW,APPROVE,0
0.05785341031685178,LOW,APPROVE,0
0.017226953666885383,LOW,APPROVE,0
0.0024911702071678337,LOW,APPROVE,0
0.01836123380286924,LOW,APPROVE,0
0.0023299800884545854,LOW,APPROVE,0
0.007889928978105372,LOW,APPROVE,0
0.006594938850633105,LOW,APPROVE,0
0.008074440679453518,LOW,APPROVE,0
0.04466943223493649,LOW,APPROVE,1
0.004547690316165013,LOW,APPROVE,0
0.004394508390463585,LOW,APPROVE,0
0.21144137128054108,MEDIUM,REVIEW,0
0.005382957130233325,LOW,APPROVE,0
0.003231325058478896,LOW,APPROVE,0
0.00595472885006184,LOW,APPROVE,1
0.0027712132448401787,LOW,APPROVE,0
0.012615449992253542,LOW,APPROVE,0
0.0024280072079623316,LOW,APPROVE,0
0.0073119188923033715,LOW,APPROVE,0
0.0017422074956954482,LOW,APPROVE,0
0.005300442822516668,LOW,APPROVE,0
0.0054005687848028405,LOW,APPROVE,0
0.02454733746548528,LOW,APPROVE,0
0.054427253378754044,LOW,APPROVE,0
0.003274376039531944,LOW,APPROVE,0
0.0007315628594548685,LOW,APPROVE,0
0.00623538371371371,LOW,APPROVE,0
0.003024560302101068,LOW,APPROVE,0
0.010866650614540651,LOW,APPROVE,0
0.0037522778638491737,LOW,APPROVE,0
0.002887189333406022,LOW,APPROVE,0
0.054427253378754044,LOW,APPROVE,0
0.037630335224585414,LOW,APPROVE,0
0.009343088859504226,LOW,APPROVE,0
0.0015692146436293857,LOW,APPROVE,0
0.023675815560995194,LOW,APPROVE,0
0.016614123516524228,LOW,APPROVE,0
0.0023828247624837727,LOW,APPROVE,0
0.001149748978612519,LOW,APPROVE,0
0.0032764845550806053,LOW,APPROVE,0
0.054427253378754044,LOW,APPROVE,0
0.00332006278190198,LOW,APPROVE,0
0.0010702589533181017,LOW,APPROVE,0
0.0024374552573971048,LOW,APPROVE,0
0.008484265454612493,LOW,APPROVE,0
0.054427253378754044,LOW,APPROVE,0
0.001830868407240389,LOW,APPROVE,0
0.11129745928532893,MEDIUM,REVIEW,0
0.03956097678879791,LOW,APPROVE,0
0.015857287168187198,LOW,APPROVE,0
0.21977479329675564,MEDIUM,REVIEW,1
0.005799504252000315,LOW,APPROVE,0
0.00706831367346998,LOW,APPROVE,0
0.010896762873763807,LOW,APPROVE,0
0.007780925708360186,LOW,APPROVE,0
0.0019015864104713661,LOW,APPROVE,0
0.0017784251529553605,LOW,APPROVE,0
0.005533765145692257,LOW,APPROVE,0
0.015613883419940827,LOW,APPROVE,0
0.000449570297284399,LOW,APPROVE,0
0.26709683592867883,MEDIUM,REVIEW,1
0.012872206681689183,LOW,APPROVE,0
0.001818783169574783,LOW,APPROVE,0
0.014290594158636014,LOW,APPROVE,0
0.002647138532105159,LOW,APPROVE,0
0.009801226554874998,LOW,APPROVE,0
0.00630890814019971,LOW,APPROVE,0
0.00927963997167632,LOW,APPROVE,0
0.013363243758931193,LOW,APPROVE,0
0.01286436762407026,LOW,APPROVE,0
0.0066630458857131316,LOW,APPROVE,0
0.010339964468108842,LOW,APPROVE,0
0.022211342462195333,LOW,APPROVE,0
0.0038644995278052344,LOW,APPROVE,0
0.0029087201146166014,LOW,APPROVE,0
0.006664839963024514,LOW,APPROVE,0
0.006613526011696014,LOW,APPROVE,0
0.0043390903748034325,LOW,APPROVE,0
0.025841701703800745,LOW,APPROVE,0
0.0015117314253207115,LOW,APPROVE,0
0.0016521170218866906,LOW,APPROVE,0
0.0003643405563704346,LOW,APPROVE,0
0.023794052658992246,LOW,APPROVE,0
0.19126004280858752,MEDIUM,REVIEW,0
0.022076781937469,LOW,APPROVE,0
0.0012839790608774179,LOW,APPROVE,0
0.004179599662688822,LOW,APPROVE,0
0.030968969428982845,LOW,APPROVE,0
0.008850619280356917,LOW,APPROVE,0
0.0414354545769775,LOW,APPROVE,0
0.0026301375065332505,LOW,APPROVE,0
0.0012839790608774179,LOW,APPROVE,0
0.004206285851090541,LOW,APPROVE,0
0.03144610809412966,LOW,APPROVE,0
0.0021820865591137186,LOW,APPROVE,0
0.0014910747485757869,LOW,APPROVE,0
0.007010253397691069,LOW,APPROVE,0
0.08623361531774855,LOW,APPROVE,0
0.007364663580293455,LOW,APPROVE,0
0.0022263605992408077,LOW,APPROVE,0
0.1316591208231662,MEDIUM,REVIEW,0
0.007388268673764739,LOW,APPROVE,0
0.023157719901477802,LOW,APPROVE,0
0.08623361531774855,LOW,APPROVE,0
0.0018174698240897068,LOW,APPROVE,0
0.007275850020260694,LOW,APPROVE,0
0.03450695911572924,LOW,APPROVE,0
0.32202841580969965,MEDIUM,REVIEW,1
0.0032277791547411293,LOW,APPROVE,0
0.008328339196437844,LOW,APPROVE,0
0.012845184627311153,LOW,APPROVE,0
0.008104052391561306,LOW,APPROVE,0
0.010704788718339651,LOW,APPROVE,0
0.016535494813775937,LOW,APPROVE,0
0.003986224487150578,LOW,APPROVE,0
0.33918155375275993,MEDIUM,REVIEW,1
0.003941611188441588,LOW,APPROVE,0
0.08623361531774855,LOW,APPROVE,0
0.003941611188441588,LOW,APPROVE,0
0.006879817932477105,LOW,APPROVE,0
0.009042182587571468,LOW,APPROVE,0
0.00890785192529403,LOW,APPROVE,0
0.0033500777022173298,LOW,APPROVE,0
0.0020365142348545483,LOW,APPROVE,0
0.01665986869467277,LOW,APPROVE,0
0.0022850095305253964,LOW,APPROVE,0
0.0012683872682893581,LOW,APPROVE,0
0.008455749285358671,LOW,APPROVE,0
0.0029679643738232523,LOW,APPROVE,0
0.0056220559397244406,LOW,APPROVE,0
0.051254092138989134,LOW,APPROVE,0
0.005497385776750438,LOW,APPROVE,0
0.01426459626742446,LOW,APPROVE,0
0.002972164806573131,LOW,APPROVE,0
0.046944762625940384,LOW,APPROVE,0
0.006879817932477105,LOW,APPROVE,0
0.014076023307856476,LOW,APPROVE,0
0.0034012628466468173,LOW,APPROVE,0
0.002229749392312547,LOW,APPROVE,0
0.001832324103594707,LOW,APPROVE,0
0.001066325073946575,LOW,APPROVE,0
0.00814151593785713,LOW,APPROVE,0
0.011602833058922115,LOW,APPROVE,0
0.008177969924659917,LOW,APPROVE,0
0.0697497777948819,LOW,APPROVE,0
0.0005605425277707113,LOW,APPROVE,0
0.00203991335849028,LOW,APPROVE,0
0.0031919168688777488,LOW,APPROVE,0
0.01426459626742446,LOW,APPROVE,0
0.008057557843398663,LOW,APPROVE,0
0.0024206492600338993,LOW,APPROVE,0
0.005329994732580624,LOW,APPROVE,0
0.027235601427833593,LOW,APPROVE,0
0.014143103670164229,LOW,APPROVE,0
0.006594938850633105,LOW,APPROVE,0
0.002397608777437869,LOW,APPROVE,0
0.0062753827379804575,LOW,APPROVE,0
0.006825101427722608,LOW,APPROVE,0
0.020474142089001446,LOW,APPROVE,0
0.0018261903910639517,LOW,APPROVE,0
0.014818224856206779,LOW,APPROVE,0
0.07985457206548408,LOW,APPROVE,0
0.005010021033107799,LOW,APPROVE,0
0.056750261799598585,LOW,APPROVE,0
0.004732053408067066,LOW,APPROVE,0
0.005329994732580624,LOW,APPROVE,0
0.005588668425487186,LOW,APPROVE,0
0.020150137588494394,LOW,APPROVE,0
0.004987829083816895,LOW,APPROVE,0
0.012941811768277724,LOW,APPROVE,0
0.006576013141763775,LOW,APPROVE,0
0.0498254701350618,LOW,APPROVE,0
0.0033933051241927183,LOW,APPROVE,0
0.010592279391526977,LOW,APPROVE,0
0.01295201919192643,LOW,APPROVE,0
0.0018495488649428783,LOW,APPROVE,0
0.0005381621631192928,LOW,APPROVE,0
0.006073236288150802,LOW,APPROVE,0
0.0056194821230110695,LOW,APPROVE,0
0.0019283278748592955,LOW,APPROVE,0
0.0027072611263414775,LOW,APPROVE,0
0.0011787472624812776,LOW,APPROVE,0
0.0035746175080844395,LOW,APPROVE,0
0.032887255775951404,LOW,APPROVE,0
0.019946156468105027,LOW,APPROVE,0
0.05244832159311014,LOW,APPROVE,0
0.0011960781570279015,LOW,APPROVE,0
0.015509503194295794,LOW,APPROVE,0
0.0038262886485205157,LOW,APPROVE,0
0.017139646362843992,LOW,APPROVE,0
0.007159272824892731,LOW,APPROVE,0
0.003359469746903211,LOW,APPROVE,0
0.0021733085033403747,LOW,APPROVE,0
0.0017620480968066695,LOW,APPROVE,0
0.017398052180771003,LOW,APPROVE,0
0.004666706138123689,LOW,APPROVE,0
0.00962469969827922,LOW,APPROVE,0
0.002324050365625388,LOW,APPROVE,0
0.0029280272742178565,LOW,APPROVE,0
0.01500472966642068,LOW,APPROVE,0
0.011828508064570203,LOW,APPROVE,0
0.0026476629810985473,LOW,APPROVE,0
0.0014193789553208643,LOW,APPROVE,0
0.0017620480968066695,LOW,APPROVE,0
0.016595038609827667,LOW,APPROVE,0
0.001455077958133766,LOW,APPROVE,0
0.05377277944218111,LOW,APPROVE,0
0.007242054395948201,LOW,APPROVE,0
0.0017620480968066695,LOW,APPROVE,0
0.0020971957919770578,LOW,APPROVE,0
0.003007110898747782,LOW,APPROVE,0
0.0016707590183781189,LOW,APPROVE,0
0.05491552177962695,LOW,APPROVE,0
0.05856423447890285,LOW,APPROVE,1
0.0011960781570279015,LOW,APPROVE,0
0.00398921535580964,LOW,APPROVE,0
0.0019242491124230213,LOW,APPROVE,0
0.008431599990312674,LOW,APPROVE,0
0.03678773082705705,LOW,APPROVE,0
0.0020940008106037395,LOW,APPROVE,0
0.006446055815797227,LOW,APPROVE,0
0.008011480274666073,LOW,APPROVE,0
0.002309969876148151,LOW,APPROVE,0
0.003888236598754209,LOW,APPROVE,0
0.0035657572748921053,LOW,APPROVE,0
0.006908674406741315,LOW,APPROVE,0
0.0594114242523443,LOW,APPROVE,0
0.015947161255481856,LOW,APPROVE,0
0.0006146213790484574,LOW,APPROVE,0
0.31485975139910166,MEDIUM,REVIEW,0
0.0045463374480542995,LOW,APPROVE,0
0.0072368174036135,LOW,APPROVE,0
0.005914839765387946,LOW,APPROVE,0
0.002988673419647629,LOW,APPROVE,0
0.001276051508194895,LOW,APPROVE,0
0.026998677020537935,LOW,APPROVE,1
0.012204197995331227,LOW,APPROVE,0
0.012187425669787269,LOW,APPROVE,0
0.0038625731498242504,LOW,APPROVE,0
0.0008237736234219459,LOW,APPROVE,0
0.025470873823455663,LOW,APPROVE,0
0.01109005469266621,LOW,APPROVE,0
0.00558171653414713,LOW,APPROVE,0
0.0018537260269363717,LOW,APPROVE,0
0.003468807645544586,LOW,APPROVE,0
0.003068718420396376,LOW,APPROVE,0
0.002309969876148151,LOW,APPROVE,0
0.01037700256398699,LOW,APPROVE,0
0.0020429011726398605,LOW,APPROVE,0
0.001381279944814246,LOW,APPROVE,0
0.002992184492243576,LOW,APPROVE,0
0.002600751709006543,LOW,APPROVE,0
0.002791352773361711,LOW,APPROVE,0
0.004245259178867357,LOW,APPROVE,0
0.004717587933557086,LOW,APPROVE,0
0.005826858239264253,LOW,APPROVE,0
0.0031207821292220626,LOW,APPROVE,0
0.027782480938259423,LOW,APPROVE,0
0.003424704400697002,LOW,APPROVE,0
0.0064843288493053024,LOW,APPROVE,0
0.03707326737895318,LOW,APPROVE,0
0.004105350145805891,LOW,APPROVE,0
0.002864843143058463,LOW,APPROVE,0
0.007639370654436076,LOW,APPROVE,0
0.028031750860755576,LOW,APPROVE,0
0.013241444039676052,LOW,APPROVE,0
0.008778145272502494,LOW,APPROVE,0
0.003917943876197729,LOW,APPROVE,0
0.024485918587261034,LOW,APPROVE,0
0.03497705284327307,LOW,APPROVE,0
0.01204796424102918,LOW,APPROVE,0
0.006898661738882744,LOW,APPROVE,0
0.017295615828522046,LOW,APPROVE,0
0.008258312935217081,LOW,APPROVE,0
0.0014082015168261149,LOW,APPROVE,0
0.009476606073949399,LOW,APPROVE,0
0.0019246557304437367,LOW,APPROVE,0
0.018113351913358257,LOW,APPROVE,1
0.0031441933445045455,LOW,APPROVE,0
0.008537228434778572,LOW,APPROVE,0
0.0058749796261281205,LOW,APPROVE,0
0.0015566507621397369,LOW,APPROVE,0
0.004636251788621862,LOW,APPROVE,0
0.0042008945615207805,LOW,APPROVE,0
0.009675689743789715,LOW,APPROVE,0
0.01725149285496339,LOW,APPROVE,0
0.008927863560859405,LOW,APPROVE,0
0.007662216854475899,LOW,APPROVE,0
0.0017838214694081381,LOW,APPROVE,0
0.003949942659395699,LOW,APPROVE,0
0.005482464058671523,LOW,APPROVE,0
0.0009429859007454201,LOW,APPROVE,0
0.004636251788621862,LOW,APPROVE,0
0.007870559782984283,LOW,APPROVE,0
0.01164599677800773,LOW,APPROVE,0
0.0011910392901422965,LOW,APPROVE,0
0.009837954844427326,LOW,APPROVE,0
0.10611451354202359,MEDIUM,REVIEW,0
0.0038530932115753732,LOW,APPROVE,0
0.006201805634321043,LOW,APPROVE,0
0.1608631376064383,MEDIUM,REVIEW,0
0.007842268511677403,LOW,APPROVE,0
0.0013092840473374445,LOW,APPROVE,0
0.007924425444301135,LOW,APPROVE,0
0.010020637990781182,LOW,APPROVE,0
0.005987237304020257,LOW,APPROVE,0
0.0029539254702625876,LOW,APPROVE,0
0.0028241583154147314,LOW,APPROVE,0
0.006840854015959124,LOW,APPROVE,0
0.0013924682731105778,LOW,APPROVE,0
0.002277288702095174,LOW,APPROVE,0
0.0033494702314359505,LOW,APPROVE,0
0.018883276160879037,LOW,APPROVE,0
0.0023154563317595972,LOW,APPROVE,0
0.001789793514628547,LOW,APPROVE,0
0.007331465169885108,LOW,APPROVE,0
0.03051943333976891,LOW,APPROVE,0
0.08791750636500203,LOW,APPROVE,1
0.0058540662826885624,LOW,APPROVE,0
0.00789251658616049,LOW,APPROVE,0
0.006840854015959124,LOW,APPROVE,0
0.0011942442097517881,LOW,APPROVE,0
0.05610797900307956,LOW,APPROVE,0
0.004892875746189289,LOW,APPROVE,0
0.006417731448905025,LOW,APPROVE,0
0.010185215745549345,LOW,APPROVE,0
0.004373656206074064,LOW,APPROVE,0
0.002106627336188742,LOW,APPROVE,0
0.004336878803852342,LOW,APPROVE,0
0.0024608350463981806,LOW,APPROVE,0
0.00335856974285585,LOW,APPROVE,0
0.003861038478790696,LOW,APPROVE,0
0.002522697261223549,LOW,APPROVE,0
0.0020934021894197866,LOW,APPROVE,0
0.004636251788621862,LOW,APPROVE,0
0.006788507505065178,LOW,APPROVE,0
0.00962469969827922,LOW,APPROVE,0
0.003243058084410619,LOW,APPROVE,0
0.006670699555847961,LOW,APPROVE,0
0.0071477943384265505,LOW,APPROVE,0
0.0016896238956932393,LOW,APPROVE,0
0.0010995899586827471,LOW,APPROVE,0
0.006494429061510795,LOW,APPROVE,0
0.01484604163064949,LOW,APPROVE,0
0.010719323078349375,LOW,APPROVE,0
0.0044598784114052705,LOW,APPROVE,0
0.008471461747583283,LOW,APPROVE,0
0.012799019661039572,LOW,APPROVE,0
0.004800888929362761,LOW,APPROVE,0
0.004384540347228546,LOW,APPROVE,0
0.014352855390784205,LOW,APPROVE,0
0.0032302407266432886,LOW,APPROVE,0
0.01066385365220156,LOW,APPROVE,0
0.0026809439400608745,LOW,APPROVE,0
0.009067415234559853,LOW,APPROVE,0
0.004671470686521241,LOW,APPROVE,0
0.0005585216496838005,LOW,APPROVE,0
0.0023959438776832054,LOW,APPROVE,0
0.0014384033210418366,LOW,APPROVE,0
0.008629728399716121,LOW,APPROVE,0
0.014100601108586235,LOW,APPROVE,0
0.002118097795524594,LOW,APPROVE,0
0.02141150164948681,LOW,APPROVE,0
0.003549805599762276,LOW,APPROVE,0
0.003801993328896695,LOW,APPROVE,0
0.0016969641494710731,LOW,APPROVE,0
0.004420327212353176,LOW,APPROVE,0
0.03967284811644608,LOW,APPROVE,0
0.0017691470781723917,LOW,APPROVE,0
0.001707663791933121,LOW,APPROVE,0
0.008399860645832424,LOW,APPROVE,0
0.021204703890607763,LOW,APPROVE,0
0.012328976847323793,LOW,APPROVE,0
0.004400410879250755,LOW,APPROVE,0
0.0016405379844492663,LOW,APPROVE,0
0.0051438984435400485,LOW,APPROVE,0
0.007874716515799936,LOW,APPROVE,0
0.0021861864349780455,LOW,APPROVE,0
0.017123732975002536,LOW,APPROVE,0
0.001174749958088967,LOW,APPROVE,0
0.05784941057664113,LOW,APPROVE,0
0.004502143496714047,LOW,APPROVE,0
0.0021855807121955915,LOW,APPROVE,0
0.01279136901708025,LOW,APPROVE,0
0.000254643213872865,LOW,APPROVE,0
0.05167399681282301,LOW,APPROVE,0
0.0008507865623108519,LOW,APPROVE,0
0.007208529216759032,LOW,APPROVE,0
0.0027798215353265912,LOW,APPROVE,0
0.004752475181746623,LOW,APPROVE,0
0.0018930856981442992,LOW,APPROVE,0
0.003850172694938814,LOW,APPROVE,0
0.011661113707023506,LOW,APPROVE,0
0.0014764610985207897,LOW,APPROVE,0
0.0005731028195501818,LOW,APPROVE,0
0.008465949473026608,LOW,APPROVE,0
0.0012025967056884337,LOW,APPROVE,0
0.0029164157270948022,LOW,APPROVE,0
0.006628563377822087,LOW,APPROVE,0
0.0023273650958651588,LOW,APPROVE,0
0.3906820294600491,MEDIUM,REVIEW,1
0.004267988691397248,LOW,APPROVE,0
0.022181600876730767,LOW,APPROVE,0
0.002225968254021079,LOW,APPROVE,0
0.005689059066008984,LOW,APPROVE,0
0.002750267063892629,LOW,APPROVE,0
0.05531130942898753,LOW,APPROVE,0
0.01084269147627579,LOW,APPROVE,0
0.0031078682782186805,LOW,APPROVE,0
0.008032620950842428,LOW,APPROVE,0
0.004809447625022175,LOW,APPROVE,0
0.0009732503989989047,LOW,APPROVE,0
0.00125884129097683,LOW,APPROVE,0
0.0037836569761759056,LOW,APPROVE,0
0.005248397534206705,LOW,APPROVE,0
0.004046985362511053,LOW,APPROVE,0
0.002093678888602128,LOW,APPROVE,0
0.0099954272146455,LOW,APPROVE,0
0.00110207118321354,LOW,APPROVE,0
0.0014113636894466945,LOW,APPROVE,0
0.0070918475170701325,LOW,APPROVE,0
0.3906820294600491,MEDIUM,REVIEW,1
0.10794058689441635,MEDIUM,REVIEW,0
0.0026737905431451782,LOW,APPROVE,0
0.005811981039685607,LOW,APPROVE,0
0.005756063970522786,LOW,APPROVE,0
0.003316066641208365,LOW,APPROVE,0
0.002670401916086835,LOW,APPROVE,0
0.0030049058296722528,LOW,APPROVE,0
0.07534166756112265,LOW,APPROVE,0
0.0525217631021207,LOW,APPROVE,0
0.02709717862644785,LOW,APPROVE,0
0.004668477436133413,LOW,APPROVE,0
0.0023703744681775967,LOW,APPROVE,0
0.0024342133297470046,LOW,APPROVE,0
0.008103746346777,LOW,APPROVE,0
0.014599895362668567,LOW,APPROVE,0
0.0002407609451134741,LOW,APPROVE,0
0.0046327224912013085,LOW,APPROVE,0
0.005722330813246841,LOW,APPROVE,0
0.0016610223167917442,LOW,APPROVE,0
0.01043779150383382,LOW,APPROVE,0
0.00230372256449301,LOW,APPROVE,0
0.004816183521650456,LOW,APPROVE,0
0.0056245630971781205,LOW,APPROVE,0
0.008365511461644359,LOW,APPROVE,0
0.0017983445828761717,LOW,APPROVE,0
0.0036727706150722758,LOW,APPROVE,0
0.00042139018908599816,LOW,APPROVE,0
0.001221246606998316,LOW,APPROVE,0
0.016779003816715054,LOW,APPROVE,0
0.011309447378094133,LOW,APPROVE,0
0.00230372256449301,LOW,APPROVE,0
0.007476744504679299,LOW,APPROVE,0
0.003614990853928464,LOW,APPROVE,0
0.0028477608359949334,LOW,APPROVE,0
0.0030049058296722528,LOW,APPROVE,0
0.0018052752155207842,LOW,APPROVE,0
0.0012572613288000297,LOW,APPROVE,0
0.006077558709940793,LOW,APPROVE,0
0.02206532059234532,LOW,APPROVE,0
0.0014438731044098645,LOW,APPROVE,0
0.027158547408839894,LOW,APPROVE,0
0.014604606185031727,LOW,APPROVE,0
0.0032836516342868143,LOW,APPROVE,0
0.0034207723051596266,LOW,APPROVE,0
0.0035459253531905047,LOW,APPROVE,0
0.0018042993917084197,LOW,APPROVE,0
0.018127308523966032,LOW,APPROVE,0
0.02652966048362838,LOW,APPROVE,0
0.3001759512601927,MEDIUM,REVIEW,0
0.012300857747398471,LOW,APPROVE,0
0.0023578440824896184,LOW,APPROVE,0
0.006460006078847947,LOW,APPROVE,0
0.0011892905172795009,LOW,APPROVE,0
0.02789776601323498,LOW,APPROVE,0
0.001733234951361215,LOW,APPROVE,0
0.006939252231261216,LOW,APPROVE,0
0.013961708740167795,LOW,APPROVE,0
0.020225105887814107,LOW,APPROVE,0
0.005532443399992155,LOW,APPROVE,0
0.005654802743390352,LOW,APPROVE,0
0.03343883608445258,LOW,APPROVE,0
0.0063362084528079754,LOW,APPROVE,0
0.004523924534769668,LOW,APPROVE,0
0.0017737714810889193,LOW,APPROVE,0
0.04434813730003824,LOW,APPROVE,0
0.009298668071151569,LOW,APPROVE,0
0.012447809959274036,LOW,APPROVE,0
0.001535934091384241,LOW,APPROVE,0
0.0020588172665050994,LOW,APPROVE,0
0.002134306409795669,LOW,APPROVE,0
0.02758223696474195,LOW,APPROVE,0
0.02081705350551111,LOW,APPROVE,0
0.01832179095407059,LOW,APPROVE,0
0.0043090998105908915,LOW,APPROVE,0
0.003286073208635614,LOW,APPROVE,0
0.00607478136065865,LOW,APPROVE,0
0.011294267215703528,LOW,APPROVE,0
0.004544555318185103,LOW,APPROVE,0
0.0036955047107634694,LOW,APPROVE,0
0.09251308860196136,LOW,APPROVE,0
0.01513633920117636,LOW,APPROVE,0
0.001410059716319957,LOW,APPROVE,0
0.007645826822270582,LOW,APPROVE,0
0.016948743267304067,LOW,APPROVE,0
0.004340961837643596,LOW,APPROVE,0
0.016937720102927795,LOW,APPROVE,0
0.0023578440824896184,LOW,APPROVE,0
0.017175839100896553,LOW,APPROVE,0
0.019041760948800012,LOW,APPROVE,0
0.02038668612979124,LOW,APPROVE,0
0.003227112340280961,LOW,APPROVE,0
0.014496386119287526,LOW,APPROVE,0
0.0026797068096030673,LOW,APPROVE,0
0.012820352648898106,LOW,APPROVE,0
0.0023669618583919577,LOW,APPROVE,0
0.05313080063993604,LOW,APPROVE,0
0.003714184279627822,LOW,APPROVE,0
0.0680728550466379,LOW,APPROVE,0
0.00925670923202115,LOW,APPROVE,0
0.002620656834084745,LOW,APPROVE,0
0.0031656957865327444,LOW,APPROVE,0
0.003082510322113516,LOW,APPROVE,0
0.004265040622892004,LOW,APPROVE,0
0.010636169050415067,LOW,APPROVE,0
0.017175839100896553,LOW,APPROVE,0
0.03638211304821698,LOW,APPROVE,0
0.006271203684165903,LOW,APPROVE,0
0.017587234756155756,LOW,APPROVE,0
0.010626027796524185,LOW,APPROVE,0
0.0680728550466379,LOW,APPROVE,0
0.009801400874872716,LOW,APPROVE,0
0.001428294793695797,LOW,APPROVE,0
0.012693340254343028,LOW,APPROVE,0
0.02518086162711096,LOW,APPROVE,0
0.0029480537618671826,LOW,APPROVE,0
0.010535828938912145,LOW,APPROVE,0
0.00199606366401999,LOW,APPROVE,0
0.005653010407941427,LOW,APPROVE,0
0.0012304165224599451,LOW,APPROVE,0
0.018844989624009503,LOW,APPROVE,0
0.026573878062337537,LOW,APPROVE,0
0.013450762912509996,LOW,APPROVE,0
0.018362491566283196,LOW,APPROVE,0
0.18188232781877894,MEDIUM,REVIEW,1
0.014900705818815606,LOW,APPROVE,0
0.005074943145863329,LOW,APPROVE,0
0.015643142335365044,LOW,APPROVE,0
0.008109998631602973,LOW,APPROVE,0
0.011637664301435363,LOW,APPROVE,0
0.0018118226157757867,LOW,APPROVE,0
0.00350441757960996,LOW,APPROVE,0
0.004091116342568714,LOW,APPROVE,0
0.003290064660860082,LOW,APPROVE,0
0.00474412028693327,LOW,APPROVE,0
0.004258621790612031,LOW,APPROVE,0
0.004409851319966569,LOW,APPROVE,0
0.003823616574026941,LOW,APPROVE,0
0.002978567607291526,LOW,APPROVE,0
0.001858375664210012,LOW,APPROVE,0
0.01472677203870397,LOW,APPROVE,0
0.00774701074156375,LOW,APPROVE,0
0.03788924969591682,LOW,APPROVE,0
0.011319121321180462,LOW,APPROVE,0
0.01102748849383412,LOW,APPROVE,0
0.010445446672100506,LOW,APPROVE,0
0.00652916412580843,LOW,APPROVE,0
0.003140797431478169,LOW,APPROVE,0
0.007003192489639095,LOW,APPROVE,0
0.010244864025328967,LOW,APPROVE,0
0.005727723089261777,LOW,APPROVE,0
0.001539266939974015,LOW,APPROVE,0
0.10855727388835272,MEDIUM,REVIEW,0
0.006429105822605237,LOW,APPROVE,0
0.015460858646394234,LOW,APPROVE,0
0.009723866289351867,LOW,APPROVE,0
0.011829753356396779,LOW,APPROVE,0
0.014075438967183614,LOW,APPROVE,0
0.013711296970026926,LOW,APPROVE,0
0.0042898394801928275,LOW,APPROVE,0
0.046269180831081155,LOW,APPROVE,0
0.0013156343590995448,LOW,APPROVE,0
0.003200131449151373,LOW,APPROVE,0
0.005737432997943786,LOW,APPROVE,0
0.0052607639006630935,LOW,APPROVE,0
0.01299985625388797,LOW,APPROVE,0
0.041004898902968864,LOW,APPROVE,0
0.014078246292014708,LOW,APPROVE,0
0.00862628491388372,LOW,APPROVE,0
0.004936376474545039,LOW,APPROVE,0
0.004766558088734797,LOW,APPROVE,0
0.005706830367823339,LOW,APPROVE,0
0.20424880134746023,MEDIUM,REVIEW,0
0.0021438864010883134,LOW,APPROVE,0
0.002896595999834581,LOW,APPROVE,0
0.0045718520813220545,LOW,APPROVE,0
0.005646285434824421,LOW,APPROVE,0
0.004014273870394206,LOW,APPROVE,0
0.00476898557018889,LOW,APPROVE,0
0.025625000177667105,LOW,APPROVE,0
0.06421317372540061,LOW,APPROVE,0
0.0023051116063468337,LOW,APPROVE,0
0.0010087663523267792,LOW,APPROVE,0
0.0013288492468029414,LOW,APPROVE,0
0.0680728550466379,LOW,APPROVE,0
0.009675787203510344,LOW,APPROVE,0
0.0005446785229500034,LOW,APPROVE,0
0.0036712547429898316,LOW,APPROVE,0
0.0026809439400608745,LOW,APPROVE,0
0.07006867168863713,LOW,APPROVE,0
0.0030586492937919167,LOW,APPROVE,0
0.007981794103758585,LOW,APPROVE,0
0.013363980016444076,LOW,APPROVE,0
0.005374742417616401,LOW,APPROVE,0
0.0053793269450685835,LOW,APPROVE,0
0.003682103111877254,LOW,APPROVE,0
0.0026806905910295724,LOW,APPROVE,0
0.0015539792058217627,LOW,APPROVE,0
0.030365034425331634,LOW,APPROVE,0
0.008531401953461326,LOW,APPROVE,0
0.0011476673353264324,LOW,APPROVE,0
0.008119435662277684,LOW,APPROVE,0
0.030755135149301213,LOW,APPROVE,0
0.004158242492690102,LOW,APPROVE,0
0.00041040221536745166,LOW,APPROVE,0
0.0030557489388910557,LOW,APPROVE,0
0.004033317044634588,LOW,APPROVE,0
0.006179143243729558,LOW,APPROVE,0
0.0061329142309032225,LOW,APPROVE,0
0.0003782356277858665,LOW,APPROVE,0
0.013780577561157583,LOW,APPROVE,0
0.0028876883677414742,LOW,APPROVE,0
0.004181825297565766,LOW,APPROVE,0
0.00572922199661264,LOW,APPROVE,0
0.002277884557844459,LOW,APPROVE,0
0.2828032320207623,MEDIUM,REVIEW,0
0.013157643446539267,LOW,APPROVE,0
0.0037080598849438514,LOW,APPROVE,0
0.0030557489388910557,LOW,APPROVE,0
0.0014920918009651174,LOW,APPROVE,0
0.013416465104529908,LOW,APPROVE,0
0.14996230323198578,MEDIUM,REVIEW,0
0.006218770584073219,LOW,APPROVE,0
0.004084949803459353,LOW,APPROVE,0
0.0017655821093393908,LOW,APPROVE,0
0.0028654940274343683,LOW,APPROVE,0
0.011377490235050917,LOW,APPROVE,0
0.004521897833546898,LOW,APPROVE,0
0.007210921615855911,LOW,APPROVE,0
0.006715064727036815,LOW,APPROVE,0
0.023726720855530816,LOW,APPROVE,0
0.0030557489388910557,LOW,APPROVE,0
0.009961486574807134,LOW,APPROVE,0
0.0031377322516255605,LOW,APPROVE,0
0.10863515157752998,MEDIUM,REVIEW,0
0.009262733950758526,LOW,APPROVE,0
0.03239477409764398,LOW,APPROVE,0
0.0015757631571928453,LOW,APPROVE,0
0.001748118236577361,LOW,APPROVE,0
0.0030557489388910557,LOW,APPROVE,0
0.008854606446437246,LOW,APPROVE,0
0.0017612903276703594,LOW,APPROVE,0
0.0035527389195641394,LOW,APPROVE,0
0.003907761480059258,LOW,APPROVE,0
0.01028725709910213,LOW,APPROVE,0
0.023569964383960678,LOW,APPROVE,0
0.005125090342076028,LOW,APPROVE,0
0.005721795548899204,LOW,APPROVE,0
0.12184691322361252,MEDIUM,REVIEW,0
0.008539882653272005,LOW,APPROVE,0
0.007490390259948067,LOW,APPROVE,0
0.014780352872994826,LOW,APPROVE,0
0.012538613364212425,LOW,APPROVE,0
0.005007017126289648,LOW,APPROVE,0
0.03983170524925099,LOW,APPROVE,0
0.0015734938200800735,LOW,APPROVE,0
0.003841860104932623,LOW,APPROVE,0
0.0029753838931920983,LOW,APPROVE,0
0.00626503991213902,LOW,APPROVE,0
0.002710553882242421,LOW,APPROVE,0
0.00861998599193721,LOW,APPROVE,0
0.02184009404547651,LOW,APPROVE,0
0.011445309493238812,LOW,APPROVE,0
0.005402543162261724,LOW,APPROVE,0
0.005316953752040352,LOW,APPROVE,0
0.0063548390835856785,LOW,APPROVE,0
0.015017317788222725,LOW,APPROVE,0
0.006184019402567764,LOW,APPROVE,0
0.006023287131482577,LOW,APPROVE,0
0.007743073159440017,LOW,APPROVE,0
0.0012538904185500047,LOW,APPROVE,0
0.005333144419807183,LOW,APPROVE,0
0.0038545331061672246,LOW,APPROVE,0
0.011385350726476983,LOW,APPROVE,0
0.1727494931894824,MEDIUM,REVIEW,0
0.0015734938200800735,LOW,APPROVE,0
0.02581328471169543,LOW,APPROVE,0
0.003473101514293422,LOW,APPROVE,0
0.0032693862145995864,LOW,APPROVE,0
0.010484125265682953,LOW,APPROVE,0
0.012595867001367294,LOW,APPROVE,0
0.008823164849078675,LOW,APPROVE,0
0.0023636303726783186,LOW,APPROVE,0
0.012538613364212425,LOW,APPROVE,0
0.01666290138882264,LOW,APPROVE,0
0.0049747985430619165,LOW,APPROVE,0
0.06548909178598818,LOW,APPROVE,0
0.0052752363029886385,LOW,APPROVE,0
0.0023431747678648385,LOW,APPROVE,0
0.001947147404125659,LOW,APPROVE,0
0.01571832721400899,LOW,APPROVE,0
0.002798246972989004,LOW,APPROVE,0
0.040202497029332554,LOW,APPROVE,0
0.009643717140691089,LOW,APPROVE,0
0.002756486673538263,LOW,APPROVE,0
0.004275470699236046,LOW,APPROVE,0
0.07787024552130664,LOW,APPROVE,0
0.005546675855400814,LOW,APPROVE,0
0.005592096722241537,LOW,APPROVE,0
0.0021766055378504533,LOW,APPROVE,0
0.009585859121029527,LOW,APPROVE,0
0.002562475573543463,LOW,APPROVE,0
0.006095880283701331,LOW,APPROVE,0
0.015129577560661632,LOW,APPROVE,0
0.008747006706812277,LOW,APPROVE,0
0.007448629640350728,LOW,APPROVE,0
0.003473101514293422,LOW,APPROVE,0
0.014748426644353,LOW,APPROVE,0
0.005349865605338074,LOW,APPROVE,0
0.010540308230923674,LOW,APPROVE,0
0.002881959418473147,LOW,APPROVE,0
0.0013905242760933404,LOW,APPROVE,0
0.012249984319818,LOW,APPROVE,0
0.00958559634327093,LOW,APPROVE,0
0.0005937467990358473,LOW,APPROVE,0
0.0020434086089876147,LOW,APPROVE,0
0.0020851830748343657,LOW,APPROVE,0
0.0025653271698952347,LOW,APPROVE,0
0.0005937467990358473,LOW,APPROVE,0
0.001800101062652282,LOW,APPROVE,0
0.14996230323198578,MEDIUM,REVIEW,0
0.005747725042469855,LOW,APPROVE,0
0.5631152963471179,HIGH,BLOCK,0
0.002688245353547477,LOW,APPROVE,0
0.1404080195360175,MEDIUM,REVIEW,0
0.006501404956123997,LOW,APPROVE,0
0.00652582732794847,LOW,APPROVE,0
0.055616974274885364,LOW,APPROVE,0
0.001947147404125659,LOW,APPROVE,0
0.002441367647082963,LOW,APPROVE,0
0.05827210193495948,LOW,APPROVE,0
0.008660074227941935,LOW,APPROVE,0
0.10958625997553378,MEDIUM,REVIEW,0
0.0005937467990358473,LOW,APPROVE,0
0.001497124523064986,LOW,APPROVE,0
0.0035973043357635168,LOW,APPROVE,0
0.0017907712088698147,LOW,APPROVE,0
0.01806370815992234,LOW,APPROVE,0
0.006382587212398816,LOW,APPROVE,0
0.005342699805819,LOW,APPROVE,0
0.004498931908331701,LOW,APPROVE,0
0.004064329001118708,LOW,APPROVE,0
0.0029894815715833254,LOW,APPROVE,0
0.003116701725539467,LOW,APPROVE,0
0.05671536645313889,LOW,APPROVE,0
0.0018693099213098955,LOW,APPROVE,0
0.01737604997660188,LOW,APPROVE,0
0.0018807642664883644,LOW,APPROVE,0
0.0031837296968582085,LOW,APPROVE,0
0.0006903581735395844,LOW,APPROVE,0
0.001467465126947945,LOW,APPROVE,0
0.0038279153979994146,LOW,APPROVE,0
0.02107943997590636,LOW,APPROVE,0
0.0035081681289729646,LOW,APPROVE,0
0.0011695801552200368,LOW,APPROVE,0
0.0009935044024622934,LOW,APPROVE,0
0.022756412151117306,LOW,APPROVE,0
0.0014385800069709655,LOW,APPROVE,0
0.008846939380783018,LOW,APPROVE,0
0.005508759035406913,LOW,APPROVE,0
0.008641704930104408,LOW,APPROVE,0
0.00643304547504146,LOW,APPROVE,0
0.003259423349792773,LOW,APPROVE,0
0.0017220752331036746,LOW,APPROVE,0
0.00644782013939472,LOW,APPROVE,0
0.01102151495343468,LOW,APPROVE,0
0.015845834338985048,LOW,APPROVE,0
0.0037368942193008485,LOW,APPROVE,0
0.002540432562649411,LOW,APPROVE,0
0.0044896770950457795,LOW,APPROVE,0
0.006410746602861395,LOW,APPROVE,0
0.008392088283809955,LOW,APPROVE,0
0.0017570963849004128,LOW,APPROVE,0
0.014572429817732869,LOW,APPROVE,0
0.002926528408336457,LOW,APPROVE,0
0.008325495774952906,LOW,APPROVE,0
0.0019461376000370475,LOW,APPROVE,0
0.003318728721752897,LOW,APPROVE,0
0.0007505720876820049,LOW,APPROVE,0
0.0006903581735395844,LOW,APPROVE,0
0.009108034124192824,LOW,APPROVE,0
0.034281804413436194,LOW,APPROVE,0
0.007090030156759563,LOW,APPROVE,0
0.002186998431495709,LOW,APPROVE,0
0.013999517187009331,LOW,APPROVE,0
0.01482508730553465,LOW,APPROVE,0
0.005002024154716423,LOW,APPROVE,0
0.004268472812438355,LOW,APPROVE,0
0.0027866990532695425,LOW,APPROVE,0
0.03337038814628469,LOW,APPROVE,0
0.0009819579750447944,LOW,APPROVE,0
0.0029263066662903446,LOW,APPROVE,0
0.010116685900152217,LOW,APPROVE,0
0.008890553818560716,LOW,APPROVE,0
0.0035160393146287947,LOW,APPROVE,0
0.26675258185033957,MEDIUM,REVIEW,1
0.0021348244444987386,LOW,APPROVE,0
0.0019585570653479155,LOW,APPROVE,0
0.015253806248920851,LOW,APPROVE,0
0.007906867073859321,LOW,APPROVE,0
0.005453997673716863,LOW,APPROVE,0
0.005421091276240768,LOW,APPROVE,0
0.0017840881499518362,LOW,APPROVE,0
0.0017220752331036746,LOW,APPROVE,0
0.0262305346396631,LOW,APPROVE,0
0.056400335322700834,LOW,APPROVE,0
0.004710936868327727,LOW,APPROVE,0
0.005792971438345795,LOW,APPROVE,0
0.010379668020843528,LOW,APPROVE,0
0.000977470937644236,LOW,APPROVE,0
0.00045454560998454686,LOW,APPROVE,0
0.0047430154986948395,LOW,APPROVE,0
0.006074142622819893,LOW,APPROVE,0
0.002482542356639079,LOW,APPROVE,0
0.02183870415242328,LOW,APPROVE,0
0.010285752414109313,LOW,APPROVE,0
0.0031777781135786227,LOW,APPROVE,0
0.003399129095391269,LOW,APPROVE,0
0.007686124258077295,LOW,APPROVE,0
0.003959803483687219,LOW,APPROVE,0
0.001890089711998968,LOW,APPROVE,0
0.007572579122619893,LOW,APPROVE,0
0.012072490799635566,LOW,APPROVE,0
0.002286499116135463,LOW,APPROVE,0
0.011870687653004806,LOW,APPROVE,0
0.019093680139989595,LOW,APPROVE,0
0.02644270811754217,LOW,APPROVE,0
0.00042785004044590196,LOW,APPROVE,0
0.00711374047062276,LOW,APPROVE,0
0.022368691840308416,LOW,APPROVE,0
0.0032939135848504483,LOW,APPROVE,0
0.00028015959493937103,LOW,APPROVE,0
0.00797829066259411,LOW,APPROVE,0
0.03050921366432427,LOW,APPROVE,0
0.004401387517656422,LOW,APPROVE,0
0.056400335322700834,LOW,APPROVE,0
0.012607720887338058,LOW,APPROVE,0
0.0015577337314736889,LOW,APPROVE,0
0.02208000284914093,LOW,APPROVE,0
0.0013663535506638342,LOW,APPROVE,0
0.015353959285302048,LOW,APPROVE,0
0.009947194132367486,LOW,APPROVE,0
0.02102426870709743,LOW,APPROVE,0
0.011442935415043641,LOW,APPROVE,0
0.00384848408094735,LOW,APPROVE,0
0.015427869355314424,LOW,APPROVE,0
0.000713409086188627,LOW,APPROVE,0
0.04441168921482977,LOW,APPROVE,0
0.005379018666342278,LOW,APPROVE,0
0.005516662341861665,LOW,APPROVE,0
0.011350397118010105,LOW,APPROVE,0
0.0024379292635426622,LOW,APPROVE,0
0.002748280494589931,LOW,APPROVE,0
0.005365105582078499,LOW,APPROVE,0
0.006068645249759811,LOW,APPROVE,0
0.005335095918967092,LOW,APPROVE,0
0.0167856012060716,LOW,APPROVE,0
0.0003259962411359249,LOW,APPROVE,0
0.00585933231533982,LOW,APPROVE,0
0.0023273850823731187,LOW,APPROVE,0
0.011130362875312863,LOW,APPROVE,0
0.020733659086485313,LOW,APPROVE,0
0.00250563478136954,LOW,APPROVE,0
0.005635550393790355,LOW,APPROVE,0
0.016761905808923824,LOW,APPROVE,0
0.004252984704661013,LOW,APPROVE,0
0.004266358946852078,LOW,APPROVE,0
0.004970027541108452,LOW,APPROVE,0
0.0006674724203838929,LOW,APPROVE,0
0.0017897875420113112,LOW,APPROVE,0
0.0026364069411030405,LOW,APPROVE,0
0.012787948751366473,LOW,APPROVE,0
0.0014255516587862705,LOW,APPROVE,0
0.0041177469424671246,LOW,APPROVE,0
0.008592726884045027,LOW,APPROVE,0
0.0026364069411030405,LOW,APPROVE,0
0.02704958073826401,LOW,APPROVE,0
0.010771469420249445,LOW,APPROVE,0
0.01847633750685517,LOW,APPROVE,0
0.005453997673716863,LOW,APPROVE,0
0.0007084771584611194,LOW,APPROVE,0
0.007142075545407517,LOW,APPROVE,0
0.01847633750685517,LOW,APPROVE,0
0.01107602283818879,LOW,APPROVE,0
0.017316824954130245,LOW,APPROVE,0
0.009630773064130587,LOW,APPROVE,0
0.003373464714148207,LOW,APPROVE,0
0.010026881448844305,LOW,APPROVE,0
0.002601672055504219,LOW,APPROVE,0
0.010826374014936758,LOW,APPROVE,0
0.002655899923657854,LOW,APPROVE,0
0.03940305701074455,LOW,APPROVE,0
0.0041177469424671246,LOW,APPROVE,0
0.0021284474954826513,LOW,APPROVE,0
0.04441168921482977,LOW,APPROVE,0
0.014255029862756593,LOW,APPROVE,0
0.049851014990636815,LOW,APPROVE,0
0.008709770532565357,LOW,APPROVE,0
0.007588144039647769,LOW,APPROVE,0
0.0031116888131880577,LOW,APPROVE,0
0.0031127306026179483,LOW,APPROVE,0
0.010250182933027643,LOW,APPROVE,0
0.01108474494380367,LOW,APPROVE,0
0.023898249179907814,LOW,APPROVE,0
0.010093610940558835,LOW,APPROVE,0
0.004911323843604106,LOW,APPROVE,0
0.02205247979799603,LOW,APPROVE,0
0.011815970755967695,LOW,APPROVE,0
0.049851014990636815,LOW,APPROVE,0
0.0015193788501343907,LOW,APPROVE,0
0.0018543794278349152,LOW,APPROVE,0
0.05160664718206178,LOW,APPROVE,0
0.00196420003652554,LOW,APPROVE,0
0.011815970755967695,LOW,APPROVE,0
0.00698632115779156,LOW,APPROVE,0
0.009400808231042154,LOW,APPROVE,0
0.01411883804288899,LOW,APPROVE,0
0.0032744456042834683,LOW,APPROVE,0
0.06330924513261736,LOW,APPROVE,0
0.0017318798588850477,LOW,APPROVE,0
0.10958625997553378,MEDIUM,REVIEW,0
0.013877781147356914,LOW,APPROVE,0
0.0051642457090218955,LOW,APPROVE,0
0.002069068330278059,LOW,APPROVE,0
0.049851014990636815,LOW,APPROVE,0
0.0032435349020246552,LOW,APPROVE,0
0.016237172867111033,LOW,APPROVE,0
0.002778319917280025,LOW,APPROVE,0
0.0015951966354277745,LOW,APPROVE,0
0.00803441966187591,LOW,APPROVE,0
0.0019505427843664227,LOW,APPROVE,0
0.07460713155836152,LOW,APPROVE,0
0.00792597330145138,LOW,APPROVE,0
0.01688068379165391,LOW,APPROVE,0
0.005558517886462291,LOW,APPROVE,0
0.0018965142923361852,LOW,APPROVE,0
0.012555996680074974,LOW,APPROVE,0
0.00864508584463543,LOW,APPROVE,0
0.005651812826748799,LOW,APPROVE,0
0.019194465842054403,LOW,APPROVE,0
0.0041177469424671246,LOW,APPROVE,0
0.012153601493806817,LOW,APPROVE,0
0.00533694343677415,LOW,APPROVE,0
0.006625722294625354,LOW,APPROVE,0
0.009750338862447276,LOW,APPROVE,0
0.009591853386153381,LOW,APPROVE,0
0.0015501487702857925,LOW,APPROVE,0
0.002934068371965476,LOW,APPROVE,0
0.0036209936003244536,LOW,APPROVE,0
0.004185990187772102,LOW,APPROVE,0
0.004156163184912856,LOW,APPROVE,0
0.004667139954453899,LOW,APPROVE,0
0.0025718598168516056,LOW,APPROVE,0
0.021864246988127053,LOW,APPROVE,0
0.07906581721335997,LOW,APPROVE,0
0.026000162322550927,LOW,APPROVE,0
0.004940684175857694,LOW,APPROVE,0
0.006496669817467885,LOW,APPROVE,0
0.03204514703500511,LOW,APPROVE,0
0.0032373156358107146,LOW,APPROVE,0
0.008893601714977847,LOW,APPROVE,0
0.0046765842555123,LOW,APPROVE,0
0.0028215006707119697,LOW,APPROVE,0
0.027637861613173165,LOW,APPROVE,0
0.035376517514657854,LOW,APPROVE,0
0.005175368357186632,LOW,APPROVE,0
0.003779947126831066,LOW,APPROVE,0
0.007647546528773434,LOW,APPROVE,0
0.0007216416929183076,LOW,APPROVE,0
0.004945045469258505,LOW,APPROVE,0
0.00575349690061838,LOW,APPROVE,0
0.00787203604574138,LOW,APPROVE,0
0.005938946041031563,LOW,APPROVE,0
0.010362586350253847,LOW,APPROVE,0
0.0022647795198873395,LOW,APPROVE,0
0.05774287168313989,LOW,APPROVE,0
0.013582039127551512,LOW,APPROVE,0
0.057534900175986815,LOW,APPROVE,0
0.007303275749794722,LOW,APPROVE,0
0.0016287913977964983,LOW,APPROVE,0
0.017059322034230953,LOW,APPROVE,0
0.005752519909803861,LOW,APPROVE,0
0.005006470731058503,LOW,APPROVE,0
0.046807538067615354,LOW,APPROVE,0
0.010209720303248269,LOW,APPROVE,0
0.002988785302604022,LOW,APPROVE,0
0.014026374464049021,LOW,APPROVE,0
0.006539523281340804,LOW,APPROVE,0
0.0049731414219447686,LOW,APPROVE,0
0.021215437332705703,LOW,APPROVE,0
0.011271736246800305,LOW,APPROVE,0
0.00695949720100053,LOW,APPROVE,0
0.11569383849984574,MEDIUM,REVIEW,0
0.0021900358370952225,LOW,APPROVE,0
0.000289815488947621,LOW,APPROVE,0
0.004570372975001577,LOW,APPROVE,0
0.004802029988451361,LOW,APPROVE,0
0.003414860909119169,LOW,APPROVE,0
0.003208535331138861,LOW,APPROVE,0
0.012077915512920312,LOW,APPROVE,0
0.0029111842013549187,LOW,APPROVE,0
0.007876566706005927,LOW,APPROVE,0
0.03336174511032404,LOW,APPROVE,0
0.053702429603335856,LOW,APPROVE,0
0.006985903402237921,LOW,APPROVE,0
0.012174847479007777,LOW,APPROVE,0
0.009697407258511273,LOW,APPROVE,0
0.0033209905682036467,LOW,APPROVE,0
0.030142835176454136,LOW,APPROVE,0
0.0016580904303982605,LOW,APPROVE,0
0.006640207986088956,LOW,APPROVE,0
0.01679834537185969,LOW,APPROVE,0
0.01490231186101061,LOW,APPROVE,0
0.010520902745046894,LOW,APPROVE,0
0.020965061090973746,LOW,APPROVE,0
0.004176528344332719,LOW,APPROVE,0
0.005441830322243031,LOW,APPROVE,0
0.004560579083900659,LOW,APPROVE,0
0.46077131202957233,MEDIUM,REVIEW,0
0.009747153405360082,LOW,APPROVE,0
0.00208232414281101,LOW,APPROVE,0
0.006640207986088956,LOW,APPROVE,0
0.0016004370742345973,LOW,APPROVE,0
0.016354856649999944,LOW,APPROVE,0
0.030820668427376175,LOW,APPROVE,0
0.08359558304326208,LOW,APPROVE,0
0.012209357472290999,LOW,APPROVE,0
0.001839685855358109,LOW,APPROVE,0
0.0042332045472871825,LOW,APPROVE,0
0.0015734938200800735,LOW,APPROVE,0
0.0062896014249507895,LOW,APPROVE,0
0.001342462114644161,LOW,APPROVE,0
0.011776135518141733,LOW,APPROVE,0
0.007218659865285613,LOW,APPROVE,0
0.01679834537185969,LOW,APPROVE,0
0.03958146769924204,LOW,APPROVE,0
0.08510795236717704,LOW,APPROVE,0
0.010826374014936758,LOW,APPROVE,0
0.19829399723420887,MEDIUM,REVIEW,0
0.0070447929452361,LOW,APPROVE,0
0.008933729501550686,LOW,APPROVE,0
0.0066567134142926,LOW,APPROVE,0
0.0022540917985117885,LOW,APPROVE,0
0.021541537456224166,LOW,APPROVE,0
0.003475661609980664,LOW,APPROVE,0
0.01544589673886914,LOW,APPROVE,0
0.007487393746685024,LOW,APPROVE,0
0.0026900764493057202,LOW,APPROVE,0
0.0032788671554666044,LOW,APPROVE,0
0.005073867868602482,LOW,APPROVE,0
0.19829399723420887,MEDIUM,REVIEW,0
0.0586455731680137,LOW,APPROVE,0
0.009007091788635237,LOW,APPROVE,0
0.0036781384467058803,LOW,APPROVE,0
0.006611667691597036,LOW,APPROVE,0
0.024842216046170863,LOW,APPROVE,0
0.005446436164258489,LOW,APPROVE,0
0.0043560429479291415,LOW,APPROVE,0
0.002427244217597371,LOW,APPROVE,0
0.0003226009468016051,LOW,APPROVE,0
0.0085604871553646,LOW,APPROVE,0
0.03235505992647012,LOW,APPROVE,0
0.003323981654952454,LOW,APPROVE,0
0.010932562569834887,LOW,APPROVE,0
0.002553538347299146,LOW,APPROVE,0
0.02950864290827513,LOW,APPROVE,0
0.006640207986088956,LOW,APPROVE,0
0.02880860395545567,LOW,APPROVE,0
0.0005690737499610642,LOW,APPROVE,0
0.0015734938200800735,LOW,APPROVE,0
0.007764193366745869,LOW,APPROVE,0
0.014026374464049021,LOW,APPROVE,0
0.015947501928600224,LOW,APPROVE,0
0.017735501003545665,LOW,APPROVE,0
0.009120892417422269,LOW,APPROVE,0
0.011636001291669881,LOW,APPROVE,0
0.0015734938200800735,LOW,APPROVE,0
0.005515136864719493,LOW,APPROVE,0
0.0036540457285318784,LOW,APPROVE,0
0.020141824092131902,LOW,APPROVE,0
0.05719175486957768,LOW,APPROVE,0
0.0012704222745431209,LOW,APPROVE,0
0.006501337045306891,LOW,APPROVE,0
0.014021441168540268,LOW,APPROVE,0
0.0063413482679693985,LOW,APPROVE,0
0.006870220685836441,LOW,APPROVE,0
0.004118943859772455,LOW,APPROVE,0
0.0020680570920196583,LOW,APPROVE,0
0.001997588102763895,LOW,APPROVE,0
0.0073907047353575644,LOW,APPROVE,0
0.00690491609505811,LOW,APPROVE,0
0.0012477705963143426,LOW,APPROVE,0
0.0032744456042834683,LOW,APPROVE,0
0.0015734938200800735,LOW,APPROVE,0
0.00256949613698868,LOW,APPROVE,0
0.0017109216257925905,LOW,APPROVE,0
0.003953007488540583,LOW,APPROVE,0
0.15630206506470945,MEDIUM,REVIEW,0
0.021716977427750157,LOW,APPROVE,0
0.00690491609505811,LOW,APPROVE,0
0.006870220685836441,LOW,APPROVE,0
0.0015690672217691978,LOW,APPROVE,0
0.00572069630709646,LOW,APPROVE,0
0.010390449707561334,LOW,APPROVE,0
0.03297349965996617,LOW,APPROVE,0
0.02991779672964617,LOW,APPROVE,0
0.012883512248150925,LOW,APPROVE,0
0.004117750447115103,LOW,APPROVE,0
0.0015690672217691978,LOW,APPROVE,0
0.0015734938200800735,LOW,APPROVE,0
0.01123660435211025,LOW,APPROVE,0
0.0023900421770430536,LOW,APPROVE,0
0.020763331279097835,LOW,APPROVE,0
0.0028522150754441227,LOW,APPROVE,0
0.006247261045341298,LOW,APPROVE,0
0.01175395030540436,LOW,APPROVE,0
0.0059189484219137915,LOW,APPROVE,0
0.010043605341893566,LOW,APPROVE,0
0.02920728806502231,LOW,APPROVE,0
0.0012704222745431209,LOW,APPROVE,0
0.0437654530635943,LOW,APPROVE,0
0.0036055030532143287,LOW,APPROVE,0
0.003284952082106857,LOW,APPROVE,0
0.014284715863391095,LOW,APPROVE,0
0.0017513038386094471,LOW,APPROVE,0
0.050440459940484385,LOW,APPROVE,0
0.014361940460783389,LOW,APPROVE,0
0.013669200032875967,LOW,APPROVE,0
0.014575980576897709,LOW,APPROVE,0
0.001993571953965436,LOW,APPROVE,0
0.13951277514734525,MEDIUM,REVIEW,0
0.004394883814845559,LOW,APPROVE,0
0.0002948641906043128,LOW,APPROVE,0
0.0035478175705789335,LOW,APPROVE,0
0.0002948641906043128,LOW,APPROVE,0
0.0019515148978613303,LOW,APPROVE,0
0.0015734938200800735,LOW,APPROVE,0
0.003097910558763221,LOW,APPROVE,0
0.0018038503768352775,LOW,APPROVE,0
0.0002948641906043128,LOW,APPROVE,0
0.003153483766997186,LOW,APPROVE,0
0.007478993167185169,LOW,APPROVE,0
0.004324476742054032,LOW,APPROVE,0
0.028415667015413072,LOW,APPROVE,0
0.01537784255524377,LOW,APPROVE,0
0.0065955042605964805,LOW,APPROVE,0
0.02920728806502231,LOW,APPROVE,0
0.031982520995058834,LOW,APPROVE,0
0.0011804812199686344,LOW,APPROVE,0
0.0010300594213583129,LOW,APPROVE,0
0.005309197520419385,LOW,APPROVE,0
0.7030181853794657,HIGH,BLOCK,1
0.016765830141659693,LOW,APPROVE,0
0.012885131758630918,LOW,APPROVE,0
0.0031207535046997646,LOW,APPROVE,0
0.00559093445825337,LOW,APPROVE,0
0.006538421824577586,LOW,APPROVE,0
0.0018740060742857476,LOW,APPROVE,0
0.008300135273218602,LOW,APPROVE,0
0.0104787450067827,LOW,APPROVE,0
0.01022558154187904,LOW,APPROVE,0
0.003059070210667997,LOW,APPROVE,0
0.0021966627663587094,LOW,APPROVE,0
0.0034508550821800363,LOW,APPROVE,0
0.0023884044370841694,LOW,APPROVE,0
0.2590020897297589,MEDIUM,REVIEW,1
0.007134630996913417,LOW,APPROVE,0
0.008587585177246287,LOW,APPROVE,0
0.0010897898462726109,LOW,APPROVE,0
0.0024727197747753133,LOW,APPROVE,0
0.0006776775702133657,LOW,APPROVE,0
0.010434923764813907,LOW,APPROVE,0
0.009697894336492069,LOW,APPROVE,0
0.011269927603543218,LOW,APPROVE,0
0.007191853338382634,LOW,APPROVE,0
0.0028466493637644297,LOW,APPROVE,0
0.016517271792086553,LOW,APPROVE,0
0.0060270105849896775,LOW,APPROVE,0
0.0055199384753119194,LOW,APPROVE,0
0.0052407131154307614,LOW,APPROVE,0
0.022560491233417027,LOW,APPROVE,0
0.004185990187772102,LOW,APPROVE,0
0.013142657521064019,LOW,APPROVE,0
0.0002948641906043128,LOW,APPROVE,0
0.009325256319509383,LOW,APPROVE,0
0.0283053000292189,LOW,APPROVE,0
0.05023318827271448,LOW,APPROVE,1
0.00911174793930429,LOW,APPROVE,0
0.006546312286177582,LOW,APPROVE,0
0.0037999656640070045,LOW,APPROVE,0
0.0021942997743583906,LOW,APPROVE,0
0.04121737322493789,LOW,APPROVE,0
0.0025875793587543544,LOW,APPROVE,0
0.017754347719075733,LOW,APPROVE,0
0.016543685231140384,LOW,APPROVE,0
0.0009332427462271767,LOW,APPROVE,0
0.029941286698778602,LOW,APPROVE,0
0.012735261034744065,LOW,APPROVE,0
0.002126321648076365,LOW,APPROVE,0
0.01240036703110843,LOW,APPROVE,0
0.003911140336745127,LOW,APPROVE,0
0.026854275832122868,LOW,APPROVE,0
0.003994883236028622,LOW,APPROVE,0
0.00662226541504375,LOW,APPROVE,0
0.002198311072242064,LOW,APPROVE,0
0.003950569898221212,LOW,APPROVE,0
0.01674438518928756,LOW,APPROVE,0
0.0030469146791862697,LOW,APPROVE,0
0.010621024894109944,LOW,APPROVE,0
0.004479865707058034,LOW,APPROVE,0
0.0019516902238297285,LOW,APPROVE,0
0.010434923764813907,LOW,APPROVE,0
0.007985400883818472,LOW,APPROVE,0
0.0026536736923164508,LOW,APPROVE,0
0.004250838736949192,LOW,APPROVE,0
0.02467722469386927,LOW,APPROVE,0
0.0863938785307232,LOW,APPROVE,0
0.014679788178917451,LOW,APPROVE,0
0.0034200487981668466,LOW,APPROVE,0
0.016956474154351614,LOW,APPROVE,0
0.005403299279028072,LOW,APPROVE,0
0.0004993791150176193,LOW,APPROVE,0
0.007332741468443295,LOW,APPROVE,0
0.011009159880910283,LOW,APPROVE,0
0.005615006717549075,LOW,APPROVE,0
0.024322031648113918,LOW,APPROVE,0
0.003978279197243739,LOW,APPROVE,0
0.02353110638855748,LOW,APPROVE,0
0.005235542102823892,LOW,APPROVE,0
0.005521694423262712,LOW,APPROVE,0
0.0025194069349078587,LOW,APPROVE,0
0.125744377006608,MEDIUM,REVIEW,0
0.04309067035350568,LOW,APPROVE,0
0.006513898558068064,LOW,APPROVE,0
0.0629130428681502,LOW,APPROVE,1
0.07374107590017422,LOW,APPROVE,0
0.005462786272638762,LOW,APPROVE,0
0.012133351673665476,LOW,APPROVE,0
0.0060834268186259624,LOW,APPROVE,0
0.006634023520673844,LOW,APPROVE,0
0.004922087007207427,LOW,APPROVE,0
0.008090635695018791,LOW,APPROVE,0
0.008786089238447774,LOW,APPROVE,0
0.0034842273690598277,LOW,APPROVE,0
0.011576955319931212,LOW,APPROVE,0
0.012340653608938818,LOW,APPROVE,0
0.005697668949911187,LOW,APPROVE,0
0.007615128314808618,LOW,APPROVE,0
0.001509679120868651,LOW,APPROVE,0
0.004477725500064581,LOW,APPROVE,0
0.025232695649024136,LOW,APPROVE,0
0.04291083952289351,LOW,APPROVE,0
0.005084035661603433,LOW,APPROVE,0
0.006677058208901514,LOW,APPROVE,0
0.01106586608307219,LOW,APPROVE,0
0.0043202929682856755,LOW,APPROVE,0
0.0011926233629973328,LOW,APPROVE,0
0.010842241461873207,LOW,APPROVE,0
0.00312739203422632,LOW,APPROVE,0
0.005251929101426953,LOW,APPROVE,0
0.027969836702631465,LOW,APPROVE,0
0.007246429650627336,LOW,APPROVE,0
0.005171107406702361,LOW,APPROVE,0
0.001556678199466291,LOW,APPROVE,0
0.008114588112860234,LOW,APPROVE,0
0.0013432274711793887,LOW,APPROVE,0
0.003205184798466181,LOW,APPROVE,0
0.0051742121513436625,LOW,APPROVE,0
0.06922259546761089,LOW,APPROVE,0
0.009867388408283433,LOW,APPROVE,0
0.002479160122681309,LOW,APPROVE,0
0.011635121451680644,LOW,APPROVE,0
0.01930953925489449,LOW,APPROVE,0
0.005485134510786762,LOW,APPROVE,0
0.004645502072190871,LOW,APPROVE,0
0.003569471030933628,LOW,APPROVE,0
0.02453784612641191,LOW,APPROVE,0
0.00964127168043068,LOW,APPROVE,0
0.004583365731133428,LOW,APPROVE,0
0.007213157545738964,LOW,APPROVE,0
0.004944357906625529,LOW,APPROVE,0
0.014601848284011166,LOW,APPROVE,0
0.003713751324348493,LOW,APPROVE,0
0.0009507826910654972,LOW,APPROVE,0
0.00565546706218359,LOW,APPROVE,0
0.004478994506608912,LOW,APPROVE,0
0.004546829292714737,LOW,APPROVE,0
0.0010462254207438345,LOW,APPROVE,0
0.005359029852785538,LOW,APPROVE,0
0.023669125909427675,LOW,APPROVE,1
0.001835563480146127,LOW,APPROVE,0
0.006798503858661868,LOW,APPROVE,0
0.010405327802929727,LOW,APPROVE,0
0.023669125909427675,LOW,APPROVE,0
0.0064788438756690605,LOW,APPROVE,0
0.0022662123231191886,LOW,APPROVE,0
0.012311790550467916,LOW,APPROVE,0
0.0033880810842740875,LOW,APPROVE,0
0.0002948641906043128,LOW,APPROVE,0
0.013673910514922161,LOW,APPROVE,0
0.013229361480702409,LOW,APPROVE,0
0.006312543434841954,LOW,APPROVE,0
0.023669125909427675,LOW,APPROVE,0
0.015542578022585499,LOW,APPROVE,0
0.004830076265268471,LOW,APPROVE,0
0.008765680963596246,LOW,APPROVE,0
0.002052490910162122,LOW,APPROVE,0
0.01712651817178719,LOW,APPROVE,0
0.0002948641906043128,LOW,APPROVE,0
0.06278354881435591,LOW,APPROVE,0
0.008536465163314588,LOW,APPROVE,0
0.016964174996657214,LOW,APPROVE,0
0.011052002997355733,LOW,APPROVE,0
0.004556126760852558,LOW,APPROVE,0
0.06278354881435591,LOW,APPROVE,0
0.0042167068974515555,LOW,APPROVE,0
0.0018296789529511676,LOW,APPROVE,0
0.022802170893446393,LOW,APPROVE,0
0.0019808288872844356,LOW,APPROVE,0
0.0043762342823745045,LOW,APPROVE,0
0.012724336073538256,LOW,APPROVE,0
0.005086368252408604,LOW,APPROVE,0
0.02931450273677772,LOW,APPROVE,0
0.012936263452100093,LOW,APPROVE,0
0.036584276625548647,LOW,APPROVE,0
0.003308955468890271,LOW,APPROVE,0
0.0053618618200230415,LOW,APPROVE,0
0.04644452750888857,LOW,APPROVE,0
0.001984334702774082,LOW,APPROVE,0
0.0032398763505337076,LOW,APPROVE,0
0.006872523528450912,LOW,APPROVE,0
0.01674293958418874,LOW,APPROVE,0
0.009415952686691724,LOW,APPROVE,0
0.019269068623263073,LOW,APPROVE,0
0.004220455283366727,LOW,APPROVE,0
0.003546865399643136,LOW,APPROVE,0
0.0002948641906043128,LOW,APPROVE,0
0.004429040136251739,LOW,APPROVE,0
0.02698843633827157,LOW,APPROVE,0
0.0012592989522047131,LOW,APPROVE,0
0.0013774833541081275,LOW,APPROVE,0
0.03099684814001093,LOW,APPROVE,0
0.0011958468679488317,LOW,APPROVE,0
0.026396077685007076,LOW,APPROVE,0
0.0027342905408957673,LOW,APPROVE,0
0.0030746117637269186,LOW,APPROVE,0
0.014139139525229775,LOW,APPROVE,0
0.01476762677355869,LOW,APPROVE,0
0.0002948641906043128,LOW,APPROVE,0
0.01712749007191996,LOW,APPROVE,1
0.009859594153681563,LOW,APPROVE,0
0.004211089709558168,LOW,APPROVE,0
0.056883787585152626,LOW,APPROVE,0
0.014744499968277919,LOW,APPROVE,0
0.00881450205193401,LOW,APPROVE,0
0.24208741418709312,MEDIUM,REVIEW,0
0.0013168354686644889,LOW,APPROVE,0
0.008256151366252837,LOW,APPROVE,0
0.006362139239775689,LOW,APPROVE,0
0.010160598829487723,LOW,APPROVE,0
0.005500148965776901,LOW,APPROVE,0
0.0040261446569157385,LOW,APPROVE,0
0.005347462023841189,LOW,APPROVE,0
0.11011134665847445,MEDIUM,REVIEW,0
0.013257068706360571,LOW,APPROVE,0
0.006880132223360593,LOW,APPROVE,0
0.026286500068281825,LOW,APPROVE,0
0.001475281069400089,LOW,APPROVE,0
0.004202128176509564,LOW,APPROVE,0
0.02071385721685516,LOW,APPROVE,0
0.01961507689194789,LOW,APPROVE,0
0.007724015989269625,LOW,APPROVE,0
0.01628971861744797,LOW,APPROVE,0
0.0013989063282628309,LOW,APPROVE,0
0.003725092481593929,LOW,APPROVE,0
0.2590020897297589,MEDIUM,REVIEW,1
0.006527959615635041,LOW,APPROVE,0
0.005543016825596831,LOW,APPROVE,0
0.002877144015152848,LOW,APPROVE,0
0.023646251932510347,LOW,APPROVE,0
0.16854589235002185,MEDIUM,REVIEW,0
0.01852202995532974,LOW,APPROVE,0
0.0199215761232528,LOW,APPROVE,0
0.003715962537399404,LOW,APPROVE,0
0.00559919775464938,LOW,APPROVE,0
0.010187543252568107,LOW,APPROVE,0
0.003419102299990718,LOW,APPROVE,0
0.013136728057971813,LOW,APPROVE,0
0.005596004703965292,LOW,APPROVE,0
0.0013841262472115581,LOW,APPROVE,0
0.00374488484511019,LOW,APPROVE,0
0.005521584421939213,LOW,APPROVE,0
0.0031011146105663374,LOW,APPROVE,0
0.05079329521007911,LOW,APPROVE,0
0.014814086301352227,LOW,APPROVE,0
0.010442940563747786,LOW,APPROVE,0
0.0031783030007344385,LOW,APPROVE,0
0.01327408919963786,LOW,APPROVE,0
0.0016256169317797066,LOW,APPROVE,0
0.0011958468679488317,LOW,APPROVE,0
0.014265544727459303,LOW,APPROVE,0
0.0006957821256603302,LOW,APPROVE,0
0.0006451607068783484,LOW,APPROVE,0
0.004490645637628995,LOW,APPROVE,0
0.008247869323647811,LOW,APPROVE,0
0.014722031797562993,LOW,APPROVE,0
0.001035563313354074,LOW,APPROVE,0
0.0036911025093607974,LOW,APPROVE,0
0.009109101704843723,LOW,APPROVE,0
0.008531174532864064,LOW,APPROVE,0
0.005405181168660295,LOW,APPROVE,0
0.05639766956575122,LOW,APPROVE,0
0.009414863901129734,LOW,APPROVE,0
0.7030181853794657,HIGH,BLOCK,1
0.04888254704352633,LOW,APPROVE,0
0.0011583617087155796,LOW,APPROVE,0
0.006176811069238464,LOW,APPROVE,0
0.005892181983307378,LOW,APPROVE,0
0.007379688246082666,LOW,APPROVE,0
0.021983715742099563,LOW,APPROVE,0
0.013431135115956862,LOW,APPROVE,0
0.011539144733663702,LOW,APPROVE,0
0.0012948749972945001,LOW,APPROVE,0
0.0073473785090173716,LOW,APPROVE,0
0.0034200487981668466,LOW,APPROVE,0
0.04271871265513194,LOW,APPROVE,0
0.0766924492594318,LOW,APPROVE,0
0.04941091473725161,LOW,APPROVE,0
0.0074809917582951595,LOW,APPROVE,0
0.011756223052978746,LOW,APPROVE,0
0.033270139922239865,LOW,APPROVE,0
0.002250324007076496,LOW,APPROVE,0
0.021697641459598058,LOW,APPROVE,0
0.01227611086998232,LOW,APPROVE,0
0.012561184394081612,LOW,APPROVE,0
0.003979786199690503,LOW,APPROVE,0
0.021518925325077022,LOW,APPROVE,0
0.07656936258490753,LOW,APPROVE,0
0.003700232621101779,LOW,APPROVE,0
0.0033491457521646127,LOW,APPROVE,0
0.009436179424139258,LOW,APPROVE,0
0.2590020897297589,MEDIUM,REVIEW,1
0.005767104927406157,LOW,APPROVE,0
0.00900407589245494,LOW,APPROVE,0
0.028558424306401063,LOW,APPROVE,0
0.005852567426635327,LOW,APPROVE,0
0.01450925599520822,LOW,APPROVE,0
0.0031697640913659767,LOW,APPROVE,0
0.017878709432206315,LOW,APPROVE,0
0.029233154188178186,LOW,APPROVE,0
0.001941983953095075,LOW,APPROVE,0
0.0395783039668866,LOW,APPROVE,1
0.0018637728608604104,LOW,APPROVE,0
0.009642218344534095,LOW,APPROVE,0
0.03648874297302192,LOW,APPROVE,1
0.0035808487434496263,LOW,APPROVE,0
0.0019608905397522523,LOW,APPROVE,0
0.009848266185986701,LOW,APPROVE,0
0.001585290331874476,LOW,APPROVE,0
0.0029090743198528154,LOW,APPROVE,0
0.004235741039810295,LOW,APPROVE,0
0.08608577835648809,LOW,APPROVE,0
0.00899595310237675,LOW,APPROVE,0
0.037811401403868246,LOW,APPROVE,0
0.014934024264067787,LOW,APPROVE,0
0.009059567205086798,LOW,APPROVE,0
0.0016660122033751227,LOW,APPROVE,0
0.006559925101124297,LOW,APPROVE,0
0.01580426378716971,LOW,APPROVE,0
0.017937264602984053,LOW,APPROVE,0
0.0013510284377954375,LOW,APPROVE,0
0.014411485134615945,LOW,APPROVE,0
0.0162028995329737,LOW,APPROVE,0
0.007717347128735574,LOW,APPROVE,0
0.018455245679506817,LOW,APPROVE,0
0.0009522074878080337,LOW,APPROVE,0
0.02075658982131178,LOW,APPROVE,0
0.011738705302122348,LOW,APPROVE,0
0.0031261240392546595,LOW,APPROVE,0
0.001976028656371276,LOW,APPROVE,0
0.0021040681808176865,LOW,APPROVE,0
0.011699178177792556,LOW,APPROVE,0
0.0015203304154828017,LOW,APPROVE,0
0.005163962756603759,LOW,APPROVE,0
0.04003047160559484,LOW,APPROVE,0
0.0012009828547549012,LOW,APPROVE,0
0.118708479974698,MEDIUM,REVIEW,0
0.006534810513647777,LOW,APPROVE,0
0.04941091473725161,LOW,APPROVE,0
0.004166729812895805,LOW,APPROVE,0
0.20078975680263278,MEDIUM,REVIEW,0
0.0068068181402025935,LOW,APPROVE,0
0.02486235822216469,LOW,APPROVE,0
0.7156412858076051,HIGH,BLOCK,1
0.1123045878012679,MEDIUM,REVIEW,1
0.005267947397095847,LOW,APPROVE,0
0.006445689080525595,LOW,APPROVE,0
0.010047206471789173,LOW,APPROVE,0
0.05341622822171948,LOW,APPROVE,0
0.008454870822674975,LOW,APPROVE,0
0.006084385026655019,LOW,APPROVE,0
0.024286882323459866,LOW,APPROVE,1
0.002728717056073874,LOW,APPROVE,0
0.012558475434259931,LOW,APPROVE,0
0.022338115833420966,LOW,APPROVE,0
0.009962532334231382,LOW,APPROVE,0
0.009535942129395765,LOW,APPROVE,0
0.0036171422734241868,LOW,APPROVE,0
0.00524240812417924,LOW,APPROVE,0
0.020995716435442117,LOW,APPROVE,0
0.015203423875696424,LOW,APPROVE,0
0.00495472297770127,LOW,APPROVE,0
0.0012638467552076658,LOW,APPROVE,0
0.005672378027552581,LOW,APPROVE,0
0.007116657321218244,LOW,APPROVE,0
0.00609970219379335,LOW,APPROVE,0
0.009142550973369575,LOW,APPROVE,0
0.003162843493233123,LOW,APPROVE,0
0.006996109083321108,LOW,APPROVE,0
0.007817818807513048,LOW,APPROVE,0
0.00524240812417924,LOW,APPROVE,0
0.02019437623511466,LOW,APPROVE,0
0.00706925227210624,LOW,APPROVE,0
0.03221577329016796,LOW,APPROVE,1
0.003333199789908819,LOW,APPROVE,0
0.013967686404982783,LOW,APPROVE,0
0.00047786269331483904,LOW,APPROVE,0
0.002546732958473085,LOW,APPROVE,0
0.0020215274218075906,LOW,APPROVE,0
0.012935539852398252,LOW,APPROVE,0
0.0065121755480819716,LOW,APPROVE,0
0.004434679599447473,LOW,APPROVE,0
0.010991528420048365,LOW,APPROVE,0
0.02276566597054513,LOW,APPROVE,0
0.015264700815042857,LOW,APPROVE,0
0.007605799626426369,LOW,APPROVE,0
0.061635356751124984,LOW,APPROVE,0
0.0049846234151513895,LOW,APPROVE,0
0.011641474505151576,LOW,APPROVE,0
0.015490889723135018,LOW,APPROVE,0
0.034655555235511636,LOW,APPROVE,0
0.011224231981377822,LOW,APPROVE,0
0.004956523360879787,LOW,APPROVE,0
0.018455245679506817,LOW,APPROVE,0
0.038135676855232434,LOW,APPROVE,1
0.013967686404982783,LOW,APPROVE,0
0.00766621105158253,LOW,APPROVE,0
0.009379241194436122,LOW,APPROVE,0
0.011641474505151576,LOW,APPROVE,0
0.0007293035174346023,LOW,APPROVE,0
0.017970683734382972,LOW,APPROVE,0
0.00477791864420128,LOW,APPROVE,0
0.0010721569792638097,LOW,APPROVE,0
0.005563289544194639,LOW,APPROVE,0
0.011641474505151576,LOW,APPROVE,0
0.04355800090030836,LOW,APPROVE,0
0.021019205110623017,LOW,APPROVE,0
0.0060988135927803585,LOW,APPROVE,0
0.015969611905053416,LOW,APPROVE,0
0.006355151633055186,LOW,APPROVE,0
0.008044243820486796,LOW,APPROVE,0
0.013845649812194997,LOW,APPROVE,0
0.006555827413706893,LOW,APPROVE,0
0.0066423100281371395,LOW,APPROVE,0
0.005844443903297241,LOW,APPROVE,0
0.7030181853794657,HIGH,BLOCK,1
0.009857990684440715,LOW,APPROVE,0
0.06274560723371973,LOW,APPROVE,0
0.002407223453280692,LOW,APPROVE,0
0.004515224369218472,LOW,APPROVE,0
0.001724446494908785,LOW,APPROVE,0
0.0034107226224634572,LOW,APPROVE,0
0.00524240812417924,LOW,APPROVE,0
0.013454816739166037,LOW,APPROVE,0
0.005593966518732427,LOW,APPROVE,0
0.004705163003389744,LOW,APPROVE,0
0.012079196681819736,LOW,APPROVE,0
0.002125596025686102,LOW,APPROVE,0
0.01227611086998232,LOW,APPROVE,0
0.04929964540685694,LOW,APPROVE,0
0.0017775023454103564,LOW,APPROVE,0
0.002028400917116221,LOW,APPROVE,0
0.007003967720003665,LOW,APPROVE,0
0.018212970143550385,LOW,APPROVE,0
0.01010275964833787,LOW,APPROVE,0
0.005593966518732427,LOW,APPROVE,0
0.004343412818962714,LOW,APPROVE,0
0.06794603387411208,LOW,APPROVE,0
0.0034421934958818873,LOW,APPROVE,0
0.021181880992256312,LOW,APPROVE,0
0.019108045699923172,LOW,APPROVE,0
0.016239779013325614,LOW,APPROVE,0
0.003366205090273455,LOW,APPROVE,0
0.006471580242409127,LOW,APPROVE,0
0.00504423423207044,LOW,APPROVE,0
0.0015240132863167952,LOW,APPROVE,0
0.008245477358530446,LOW,APPROVE,0
0.030735802309322727,LOW,APPROVE,0
0.00524240812417924,LOW,APPROVE,0
0.009489618192698071,LOW,APPROVE,0
0.005354015916137297,LOW,APPROVE,0
0.01439083397228572,LOW,APPROVE,0
0.019862132444439417,LOW,APPROVE,0
0.006173864192663457,LOW,APPROVE,0
0.007189858329978582,LOW,APPROVE,0
0.004682542829590299,LOW,APPROVE,0
0.01422149270616222,LOW,APPROVE,0
0.005431179127134103,LOW,APPROVE,0
0.02943927305938637,LOW,APPROVE,0
0.02716320048187038,LOW,APPROVE,0
0.021314042224905082,LOW,APPROVE,0
0.005593966518732427,LOW,APPROVE,0
0.008108557467348827,LOW,APPROVE,0
0.01649544950775442,LOW,APPROVE,0
0.007168073805248806,LOW,APPROVE,0
0.018463061544792353,LOW,APPROVE,1
0.003214036832234284,LOW,APPROVE,0
0.006187235450938195,LOW,APPROVE,0
0.03922760769913084,LOW,APPROVE,0
0.0020817068729236015,LOW,APPROVE,0
0.008869311778401045,LOW,APPROVE,0
0.07240601866321328,LOW,APPROVE,0
0.010716865296946562,LOW,APPROVE,0
0.017503830024590286,LOW,APPROVE,0
0.018463061544792353,LOW,APPROVE,1
0.02280302227779474,LOW,APPROVE,0
0.002407415259562041,LOW,APPROVE,0
0.008100880715128966,LOW,APPROVE,0
0.0089786074578379,LOW,APPROVE,0
0.04957403608235054,LOW,APPROVE,0
0.015105617499093154,LOW,APPROVE,1
0.008053071451067026,LOW,APPROVE,0
0.0089786074578379,LOW,APPROVE,0
0.033124615421347314,LOW,APPROVE,0
0.0050981804639773426,LOW,APPROVE,0
0.0089786074578379,LOW,APPROVE,0
0.0019567298579817364,LOW,APPROVE,0
0.01052276637616699,LOW,APPROVE,0
0.010636488132951174,LOW,APPROVE,0
0.006965760881750043,LOW,APPROVE,0
0.0318075189940439,LOW,APPROVE,0
0.005076229134030169,LOW,APPROVE,0
0.019066022059346543,LOW,APPROVE,0
0.03484345489589061,LOW,APPROVE,1
0.004082585944657139,LOW,APPROVE,0
0.006117172230094219,LOW,APPROVE,0
0.02539171802238056,LOW,APPROVE,0
0.005129054010609632,LOW,APPROVE,0
0.004671397742743298,LOW,APPROVE,0
0.010323563201447247,LOW,APPROVE,0
0.001325479345143083,LOW,APPROVE,0
0.027470812624787126,LOW,APPROVE,1
0.009220057268297952,LOW,APPROVE,0
0.0020957324302785813,LOW,APPROVE,0
0.025309504469163753,LOW,APPROVE,0
0.0214456503949282,LOW,APPROVE,0
0.013918674552031695,LOW,APPROVE,0
0.0089786074578379,LOW,APPROVE,0
0.046541367627389585,LOW,APPROVE,0
0.0052070016691989724,LOW,APPROVE,0
0.005145960531499743,LOW,APPROVE,0
0.005854305177689041,LOW,APPROVE,0
0.015419699021916092,LOW,APPROVE,0
0.017884543755778897,LOW,APPROVE,0
0.01733642254647276,LOW,APPROVE,0
0.018834672737492293,LOW,APPROVE,0
0.0018409018390197138,LOW,APPROVE,0
0.01604554187656669,LOW,APPROVE,0
0.012408654833365751,LOW,APPROVE,0
0.011382449757246654,LOW,APPROVE,0
0.017884543755778897,LOW,APPROVE,0
0.020017566821880474,LOW,APPROVE,0
0.023518970975473376,LOW,APPROVE,0
0.008861326029286574,LOW,APPROVE,0
0.010462533268741483,LOW,APPROVE,0
0.012087392568216278,LOW,APPROVE,0
0.010607230618075301,LOW,APPROVE,0
0.0025056009154417903,LOW,APPROVE,0
0.01743819958526119,LOW,APPROVE,0
0.005313717480489397,LOW,APPROVE,0
0.006548912586651582,LOW,APPROVE,0
0.010705059294396219,LOW,APPROVE,0
0.001757462076352021,LOW,APPROVE,0
0.004339939801446673,LOW,APPROVE,0
0.010922517585204012,LOW,APPROVE,0
0.01311914347030609,LOW,APPROVE,0
0.001757462076352021,LOW,APPROVE,0
0.0017546777412047734,LOW,APPROVE,0
0.002777947761368565,LOW,APPROVE,0
0.052831200147040895,LOW,APPROVE,0
0.06773449019775332,LOW,APPROVE,0
0.0073338279445178504,LOW,APPROVE,0
0.007265656767992002,LOW,APPROVE,0
0.04532455954268009,LOW,APPROVE,0
0.021986714142054106,LOW,APPROVE,0
0.015743965849049697,LOW,APPROVE,0
0.009799370476870321,LOW,APPROVE,0
0.009381141836079,LOW,APPROVE,0
0.01743819958526119,LOW,APPROVE,0
0.09614318240425926,LOW,APPROVE,0
0.0040494512673306254,LOW,APPROVE,0
0.01560186691834667,LOW,APPROVE,0
0.0017621293881332262,LOW,APPROVE,0
0.012245662553159429,LOW,APPROVE,0
0.008548645431113878,LOW,APPROVE,0
0.01435483584594342,LOW,APPROVE,0
0.006755538619158602,LOW,APPROVE,0
0.010098066171176208,LOW,APPROVE,0
0.015346526191942865,LOW,APPROVE,0
0.004528888109110646,LOW,APPROVE,0
0.0359143913115982,LOW,APPROVE,0
0.015140789854201246,LOW,APPROVE,0
0.004940305058749785,LOW,APPROVE,0
0.002598047499805763,LOW,APPROVE,0
0.0034828970053098745,LOW,APPROVE,0
0.006153588561392411,LOW,APPROVE,0
0.7074772566882072,HIGH,BLOCK,1
0.001786142043740608,LOW,APPROVE,0
0.0048147864862786134,LOW,APPROVE,0
0.002982423937022045,LOW,APPROVE,0
0.0022159067774942414,LOW,APPROVE,0
0.016228473351868958,LOW,APPROVE,0
0.0044291099307133845,LOW,APPROVE,0
0.007968906798376627,LOW,APPROVE,0
0.00453208845369987,LOW,APPROVE,0
0.006364660022350385,LOW,APPROVE,0
0.001115885156490585,LOW,APPROVE,0
0.013010529247939339,LOW,APPROVE,0
0.0031381043321880636,LOW,APPROVE,0
0.009220057268297952,LOW,APPROVE,0
0.0013530735235365045,LOW,APPROVE,0
0.01743819958526119,LOW,APPROVE,0
0.03395085510711379,LOW,APPROVE,0
0.0038055530281107756,LOW,APPROVE,0
0.004685142056558161,LOW,APPROVE,0
0.006416922218981412,LOW,APPROVE,0
0.00907744073532432,LOW,APPROVE,0
0.0028790708676128957,LOW,APPROVE,0
0.018120190449624037,LOW,APPROVE,0
0.017353300278512725,LOW,APPROVE,0
0.009474677688374317,LOW,APPROVE,0
0.014255371006824892,LOW,APPROVE,0
0.008532476975754363,LOW,APPROVE,0
0.0068888947627982425,LOW,APPROVE,0
0.011387730092987505,LOW,APPROVE,0
0.014994497551173295,LOW,APPROVE,0
0.0034141103857692682,LOW,APPROVE,0
0.0010591621928508867,LOW,APPROVE,0
0.0014158263991932256,LOW,APPROVE,0
0.015140789854201246,LOW,APPROVE,0
0.0059765040220686435,LOW,APPROVE,0
0.007414214227420538,LOW,APPROVE,0
0.01127682417947616,LOW,APPROVE,0
0.0040382191882029255,LOW,APPROVE,0
0.00739704149657246,LOW,APPROVE,0
0.004664554009090871,LOW,APPROVE,0
0.0024419283304244416,LOW,APPROVE,0
0.0024384583728543773,LOW,APPROVE,0
0.013272312759251101,LOW,APPROVE,0
0.016747031575471333,LOW,APPROVE,0
0.028801090940406247,LOW,APPROVE,0
0.007733006987338681,LOW,APPROVE,0
0.005392128856294518,LOW,APPROVE,0
0.010387042781863257,LOW,APPROVE,0
0.000263811177141123,LOW,APPROVE,0
0.0014234332917276975,LOW,APPROVE,0
0.009618014574799981,LOW,APPROVE,0
0.011354144835116953,LOW,APPROVE,0
0.023546884464705296,LOW,APPROVE,0
0.0010591621928508867,LOW,APPROVE,0
0.021353234753429363,LOW,APPROVE,0
0.0012676262856482134,LOW,APPROVE,0
0.006462608873648513,LOW,APPROVE,0
0.0035814705236992734,LOW,APPROVE,0
0.003767122941244181,LOW,APPROVE,0
0.007451863009872175,LOW,APPROVE,0
0.004450391964036152,LOW,APPROVE,0
0.005001123755460765,LOW,APPROVE,0
0.0022293555679231813,LOW,APPROVE,0
0.0020780753707094982,LOW,APPROVE,0
0.0007373803170746196,LOW,APPROVE,0
0.011273358785070967,LOW,APPROVE,0
0.004911224316927565,LOW,APPROVE,0
0.029172834707557643,LOW,APPROVE,0
0.0066041482116042305,LOW,APPROVE,0
0.004761531495550124,LOW,APPROVE,0
0.028360181199711447,LOW,APPROVE,0
0.0069965109700748426,LOW,APPROVE,0
0.011395651740330378,LOW,APPROVE,0
0.005792480645367101,LOW,APPROVE,0
0.007242428399998301,LOW,APPROVE,0
0.001768304821663777,LOW,APPROVE,0
0.004167071646412622,LOW,APPROVE,0
0.01743819958526119,LOW,APPROVE,0
0.13808819800004513,MEDIUM,REVIEW,0
0.01718301647006741,LOW,APPROVE,0
0.01833273199341721,LOW,APPROVE,0
0.0035629143863537024,LOW,APPROVE,0
0.013051167809891344,LOW,APPROVE,0
0.013440957012137274,LOW,APPROVE,0
0.002724256460034015,LOW,APPROVE,0
0.0021791192935989106,LOW,APPROVE,0
0.030084409069603316,LOW,APPROVE,0
0.005975751036600331,LOW,APPROVE,0
0.0008266029328866916,LOW,APPROVE,0
0.029361936776722913,LOW,APPROVE,0
0.009526428424023733,LOW,APPROVE,0
0.10190968350204789,MEDIUM,REVIEW,0
0.020651668462076833,LOW,APPROVE,0
0.010138146285309539,LOW,APPROVE,0
0.005873244757814607,LOW,APPROVE,0
0.022892863743486577,LOW,APPROVE,0
0.0008266029328866916,LOW,APPROVE,0
0.007922690982961474,LOW,APPROVE,0
0.007821794996745601,LOW,APPROVE,0
0.07038952155528083,LOW,APPROVE,0
0.002482808630494908,LOW,APPROVE,0
0.0033518648668904765,LOW,APPROVE,0
0.005596166084411877,LOW,APPROVE,0
0.0012810730263062011,LOW,APPROVE,0
0.01387722508858421,LOW,APPROVE,0
0.005187410128249276,LOW,APPROVE,0
0.026457277628706505,LOW,APPROVE,0
0.008070571808626498,LOW,APPROVE,0
0.0012810730263062011,LOW,APPROVE,0
0.0036333083571505513,LOW,APPROVE,0
0.01613624641468881,LOW,APPROVE,0
0.0060571107499802586,LOW,APPROVE,0
0.0030735168008596816,LOW,APPROVE,0
0.00383760724608007,LOW,APPROVE,0
0.012901678915905341,LOW,APPROVE,0
0.06604790437282412,LOW,APPROVE,0
0.004167071646412622,LOW,APPROVE,0
0.002482808630494908,LOW,APPROVE,0
0.004057137664733801,LOW,APPROVE,0
0.0011958468679488317,LOW,APPROVE,0
0.001434597839345163,LOW,APPROVE,0
0.005840915445746097,LOW,APPROVE,0
0.44175835166149524,MEDIUM,REVIEW,1
0.0013507307383035043,LOW,APPROVE,0
0.0027616250757413973,LOW,APPROVE,0
0.006943474322681165,LOW,APPROVE,0
0.02355270825393618,LOW,APPROVE,0
0.0016853697322080437,LOW,APPROVE,0
0.0042931567367459934,LOW,APPROVE,0
0.004887214754544244,LOW,APPROVE,0
0.020093602966403085,LOW,APPROVE,0
0.014822824032917683,LOW,APPROVE,0
0.010039052406682495,LOW,APPROVE,0
0.02099536410077057,LOW,APPROVE,0
0.010039052406682495,LOW,APPROVE,0
0.0032895887747910026,LOW,APPROVE,0
0.005520639142034682,LOW,APPROVE,0
0.0015633535262664189,LOW,APPROVE,0
0.0848746016952089,LOW,APPROVE,0
0.004746000578882057,LOW,APPROVE,0
0.006674826896708545,LOW,APPROVE,0
0.01508239076707118,LOW,APPROVE,0
0.024046886626509296,LOW,APPROVE,0
0.010039052406682495,LOW,APPROVE,0
0.00927192217690628,LOW,APPROVE,0
0.007681647871908426,LOW,APPROVE,0
0.009849861499573235,LOW,APPROVE,0
0.006425965251876138,LOW,APPROVE,0
0.01412476634494723,LOW,APPROVE,0
0.06684525517484013,LOW,APPROVE,0
0.008223987135273626,LOW,APPROVE,0
0.0038967596930014788,LOW,APPROVE,0
0.002421364274341952,LOW,APPROVE,0
0.0019150127999962522,LOW,APPROVE,0
0.0052399815397860955,LOW,APPROVE,0
0.007796462171411089,LOW,APPROVE,0
0.0322786714976819,LOW,APPROVE,0
0.022641945736302727,LOW,APPROVE,0
0.017290715686733342,LOW,APPROVE,0
0.002223874642255874,LOW,APPROVE,0
0.0018814858648029736,LOW,APPROVE,0
0.09344145452195696,LOW,APPROVE,0
0.0018780686494019219,LOW,APPROVE,0
0.007640973209176683,LOW,APPROVE,0
0.002023027279104601,LOW,APPROVE,0
0.004392217101714648,LOW,APPROVE,0
0.0043303963571461575,LOW,APPROVE,0
0.006252232372834912,LOW,APPROVE,0
0.03652472317058054,LOW,APPROVE,0
0.011262748955649823,LOW,APPROVE,0
0.004398982511591119,LOW,APPROVE,0
0.031247092586321166,LOW,APPROVE,0
0.13214748335870552,MEDIUM,REVIEW,0
0.004536139569092919,LOW,APPROVE,0
0.00910541556546003,LOW,APPROVE,0
0.0034284789319386274,LOW,APPROVE,0
0.004424152556824189,LOW,APPROVE,0
0.004837636999024089,LOW,APPROVE,0
0.002549873655054938,LOW,APPROVE,0
0.003438862664707672,LOW,APPROVE,0
0.00981279376468767,LOW,APPROVE,0
0.008807964653926813,LOW,APPROVE,0
0.005253435318352731,LOW,APPROVE,0
0.0016377520460504893,LOW,APPROVE,0
0.03294396918529437,LOW,APPROVE,0
0.00943785666913496,LOW,APPROVE,0
0.0033360647399180545,LOW,APPROVE,0
0.009202095596166407,LOW,APPROVE,0
0.007663582735548253,LOW,APPROVE,0
0.01000559016656945,LOW,APPROVE,0
0.015641473086124534,LOW,APPROVE,0
0.0030428713528674366,LOW,APPROVE,0
0.028223618641999366,LOW,APPROVE,0
0.014279328643326088,LOW,APPROVE,0
0.0041712637898588785,LOW,APPROVE,0
0.0048022860292996844,LOW,APPROVE,0
0.007265339809014715,LOW,APPROVE,0
0.008758451831373656,LOW,APPROVE,0
0.024020911711072453,LOW,APPROVE,0
0.008868681165044844,LOW,APPROVE,0
0.007972422260883186,LOW,APPROVE,0
0.06689852193074598,LOW,APPROVE,0
0.00905639297679231,LOW,APPROVE,0
0.006010344576491068,LOW,APPROVE,0
0.002508975172245263,LOW,APPROVE,0
0.08965298080888437,LOW,APPROVE,0
0.004559615135662685,LOW,APPROVE,0
0.00666390016750911,LOW,APPROVE,0
0.0010401420455328513,LOW,APPROVE,0
0.026558610456768064,LOW,APPROVE,0
0.007058104933047694,LOW,APPROVE,0
0.002708400874004548,LOW,APPROVE,0
0.009890067862180227,LOW,APPROVE,0
0.014135670592329522,LOW,APPROVE,0
0.012280837438243163,LOW,APPROVE,0
0.015679772807183873,LOW,APPROVE,0
0.011671661024153615,LOW,APPROVE,0
0.007257862363643834,LOW,APPROVE,0
0.0020281631765413813,LOW,APPROVE,0
0.013614950719266822,LOW,APPROVE,0
0.014885834874746477,LOW,APPROVE,0
0.0015839716087243864,LOW,APPROVE,0
0.06768889099304937,LOW,APPROVE,0
0.002230256228244378,LOW,APPROVE,0
0.007618588418046378,LOW,APPROVE,0
0.011088646113575905,LOW,APPROVE,0
0.013760455214897115,LOW,APPROVE,0
0.009981694648146308,LOW,APPROVE,0
0.007880741842856365,LOW,APPROVE,0
0.001208238855038311,LOW,APPROVE,0
0.040260856644648076,LOW,APPROVE,0
0.0012886536514807691,LOW,APPROVE,0
0.03821634101830208,LOW,APPROVE,0
0.015033984704042653,LOW,APPROVE,0
0.04190559347794521,LOW,APPROVE,0
0.001208238855038311,LOW,APPROVE,0
0.03864622094186009,LOW,APPROVE,0
0.00323109877596203,LOW,APPROVE,0
0.0008612271604178264,LOW,APPROVE,0
0.005816403690200119,LOW,APPROVE,0
0.0038630795874944495,LOW,APPROVE,0
0.021236002388793647,LOW,APPROVE,0
0.05070276034639392,LOW,APPROVE,0
0.015059051543493995,LOW,APPROVE,0
0.005419435074296846,LOW,APPROVE,0
0.00709270513734709,LOW,APPROVE,0
0.0069371003063162925,LOW,APPROVE,0
0.007082192523945242,LOW,APPROVE,0
0.00464973487398737,LOW,APPROVE,0
0.002311605938672219,LOW,APPROVE,0
0.09576707363419412,LOW,APPROVE,0
0.012483599199138946,LOW,APPROVE,0
0.0012298781086260665,LOW,APPROVE,0
0.0027574058803928095,LOW,APPROVE,0
0.0020759415153856374,LOW,APPROVE,0
0.006812253813239129,LOW,APPROVE,0
0.001428917737825265,LOW,APPROVE,0
0.020228380079219576,LOW,APPROVE,0
0.003759227642601946,LOW,APPROVE,0
0.007082192523945242,LOW,APPROVE,0
0.0009125753629417856,LOW,APPROVE,0
0.005277311785229879,LOW,APPROVE,0
0.004378146893392183,LOW,APPROVE,0
0.008285412664098612,LOW,APPROVE,0
0.010039052406682495,LOW,APPROVE,1
0.030181263369508427,LOW,APPROVE,0
0.0029432932926401374,LOW,APPROVE,0
0.002507468620346456,LOW,APPROVE,0
0.019213665121852585,LOW,APPROVE,0
0.011424372473940209,LOW,APPROVE,0
0.03977782697495805,LOW,APPROVE,0
0.006256297822379782,LOW,APPROVE,0
0.011506973224343391,LOW,APPROVE,0
0.004776952286783656,LOW,APPROVE,0
0.0018558096578323742,LOW,APPROVE,0
0.010677409509537321,LOW,APPROVE,0
0.009059657958191204,LOW,APPROVE,0
0.040260856644648076,LOW,APPROVE,0
0.008498384819566388,LOW,APPROVE,0
0.0034859037827213338,LOW,APPROVE,0
0.008540800480950995,LOW,APPROVE,0
0.016434375658997177,LOW,APPROVE,0
0.006173632913683164,LOW,APPROVE,0
0.011506973224343391,LOW,APPROVE,0
0.0034532280181736744,LOW,APPROVE,0
0.007734868694743404,LOW,APPROVE,0
0.04750866296497275,LOW,APPROVE,0
0.0052338663454825785,LOW,APPROVE,0
0.00436234138494958,LOW,APPROVE,0
0.0019263678611040479,LOW,APPROVE,0
0.0014879776980133447,LOW,APPROVE,0
0.001840394999671685,LOW,APPROVE,0
0.007998654048499775,LOW,APPROVE,0
0.04047932253359641,LOW,APPROVE,0
0.01049243062478484,LOW,APPROVE,0
0.008626283559251326,LOW,APPROVE,0
0.02555207805157762,LOW,APPROVE,0
0.007818514372483404,LOW,APPROVE,0
0.0033260319805220365,LOW,APPROVE,0
0.009051565376582218,LOW,APPROVE,0
0.05333644098029813,LOW,APPROVE,0
0.0055533388509681906,LOW,APPROVE,0
0.00436234138494958,LOW,APPROVE,0
0.014974093082768975,LOW,APPROVE,0
0.007683390248954615,LOW,APPROVE,0
0.00596069638461223,LOW,APPROVE,0
0.007136234919098547,LOW,APPROVE,0
0.005311249386350708,LOW,APPROVE,0
0.011506973224343391,LOW,APPROVE,0
0.013677687095876507,LOW,APPROVE,0
0.005568066824758614,LOW,APPROVE,0
0.0027833766031243583,LOW,APPROVE,0
0.005469116400618364,LOW,APPROVE,0
0.004776032962639146,LOW,APPROVE,0
0.006957338753085129,LOW,APPROVE,0
0.011506973224343391,LOW,APPROVE,0
0.022564164181352785,LOW,APPROVE,0
0.011123201866824955,LOW,APPROVE,0
0.015346031366601873,LOW,APPROVE,1
0.13243362243241755,MEDIUM,REVIEW,0
0.001923942947571898,LOW,APPROVE,0
0.02689519966783309,LOW,APPROVE,0
0.00397481442765718,LOW,APPROVE,0
0.016113823694224608,LOW,APPROVE,0
0.0021715038726985254,LOW,APPROVE,0
0.0074938164698355875,LOW,APPROVE,0
0.010172899668773706,LOW,APPROVE,0
0.012609833066394245,LOW,APPROVE,0
0.0013092965708019193,LOW,APPROVE,0
0.0010498068149498061,LOW,APPROVE,0
0.00397481442765718,LOW,APPROVE,0
0.00797962803447398,LOW,APPROVE,0
0.004503409197769479,LOW,APPROVE,0
0.02164168526547649,LOW,APPROVE,0
0.0009534337778324715,LOW,APPROVE,0
0.002833626050269741,LOW,APPROVE,0
0.10177211798875288,MEDIUM,REVIEW,0
0.038017975308492734,LOW,APPROVE,0
0.0020759415153856374,LOW,APPROVE,0
0.005047993518069293,LOW,APPROVE,0
0.015253107166550674,LOW,APPROVE,0
0.00326974078282938,LOW,APPROVE,0
0.00214000071067136,LOW,APPROVE,0
0.004832295662022975,LOW,APPROVE,0
0.009012056174826982,LOW,APPROVE,0
0.019696716386341472,LOW,APPROVE,0
0.03608056968962437,LOW,APPROVE,0
0.009948826926553904,LOW,APPROVE,0
0.002981065569210813,LOW,APPROVE,0
0.0022760468208172626,LOW,APPROVE,0
0.032761345331803665,LOW,APPROVE,0
0.10373073611123369,MEDIUM,REVIEW,1
0.014363034259282885,LOW,APPROVE,0
0.013614950719266822,LOW,APPROVE,0
0.002576880236851438,LOW,APPROVE,0
0.008453638827696704,LOW,APPROVE,0
0.002570981504078947,LOW,APPROVE,0
0.0014828348244086847,LOW,APPROVE,0
0.0022760468208172626,LOW,APPROVE,0
0.008356565213713998,LOW,APPROVE,0
0.009692035397098306,LOW,APPROVE,0
0.011391455504406556,LOW,APPROVE,0
0.05113094535363235,LOW,APPROVE,0
0.0019248446090850476,LOW,APPROVE,0
0.008939229084926701,LOW,APPROVE,0
0.045167475941962194,LOW,APPROVE,0
0.0158780159150413,LOW,APPROVE,0
0.11619417891796242,MEDIUM,REVIEW,0
0.018855517063062734,LOW,APPROVE,0
0.015837165757061802,LOW,APPROVE,0
0.02061852600073285,LOW,APPROVE,0
0.009711027714670825,LOW,APPROVE,0
0.00452612247164279,LOW,APPROVE,0
0.007617624202839584,LOW,APPROVE,0
0.0068755233714646,LOW,APPROVE,0
0.008098086501263844,LOW,APPROVE,0
0.0018443814135322679,LOW,APPROVE,0
0.013781471650489133,LOW,APPROVE,0
0.0006184812504256309,LOW,APPROVE,0
0.006859618005617199,LOW,APPROVE,0
0.016493916004119452,LOW,APPROVE,0
0.010013620498281153,LOW,APPROVE,0
0.02243837406861017,LOW,APPROVE,0
0.0553499415193425,LOW,APPROVE,0
0.002334846368301158,LOW,APPROVE,0
0.014965792259517208,LOW,APPROVE,0
0.0020580303278929916,LOW,APPROVE,0
0.01309248274091871,LOW,APPROVE,0
0.040333762041037835,LOW,APPROVE,0
0.012365182431258226,LOW,APPROVE,0
0.05547960048577444,LOW,APPROVE,0
0.002513130597164217,LOW,APPROVE,0
0.016545857176452378,LOW,APPROVE,0
0.29516986951042234,MEDIUM,REVIEW,1
0.00309411653616244,LOW,APPROVE,0
0.0052482940166294996,LOW,APPROVE,0
0.009109314913662563,LOW,APPROVE,0
0.0025104504748670515,LOW,APPROVE,0
0.0032360178482107524,LOW,APPROVE,0
0.004935895543759882,LOW,APPROVE,0
0.005752575083569526,LOW,APPROVE,0
0.0025670861438322197,LOW,APPROVE,0
0.002598273549650169,LOW,APPROVE,0
0.007545714114176699,LOW,APPROVE,0
0.002641776515439464,LOW,APPROVE,0
0.012733004819103586,LOW,APPROVE,0
0.008221679401651354,LOW,APPROVE,0
0.03732933592442745,LOW,APPROVE,0
0.006561309012603379,LOW,APPROVE,0
0.006611706591443919,LOW,APPROVE,0
0.001111706412873882,LOW,APPROVE,0
0.003235987138055805,LOW,APPROVE,0
0.006783675048054098,LOW,APPROVE,0
0.02768987932204967,LOW,APPROVE,0
0.10398287171943571,MEDIUM,REVIEW,1
0.006023053582627771,LOW,APPROVE,0
0.013440592677970537,LOW,APPROVE,0
0.002745592068311185,LOW,APPROVE,0
0.008702566771087265,LOW,APPROVE,0
0.005930790912673704,LOW,APPROVE,0
0.007351689785844962,LOW,APPROVE,0
0.024759719188193714,LOW,APPROVE,0
0.0018932402679001715,LOW,APPROVE,0
0.006256786590207537,LOW,APPROVE,0
0.008099762831637153,LOW,APPROVE,0
0.0037065520767061624,LOW,APPROVE,0
0.0005285929020767498,LOW,APPROVE,0
0.0497541970951273,LOW,APPROVE,0
0.006743978890534613,LOW,APPROVE,0
0.01955033094897408,LOW,APPROVE,0
0.00029289310452086594,LOW,APPROVE,0
0.0015400908470524,LOW,APPROVE,0
0.002832582824988414,LOW,APPROVE,0
0.0019723104506528394,LOW,APPROVE,0
0.006531400402982561,LOW,APPROVE,0
0.00746609740121561,LOW,APPROVE,0
0.01270112797720737,LOW,APPROVE,0
0.004086495117933171,LOW,APPROVE,0
0.0076192690114700225,LOW,APPROVE,0
0.005728303148472829,LOW,APPROVE,0
0.004977871507663877,LOW,APPROVE,0
0.001871174462726284,LOW,APPROVE,0
0.035866189212269875,LOW,APPROVE,0
0.005984442306289956,LOW,APPROVE,0
0.032784798156383944,LOW,APPROVE,0
0.007150168932713156,LOW,APPROVE,0
0.0020121570151066864,LOW,APPROVE,0
0.00752351011840485,LOW,APPROVE,0
0.00042782156027240437,LOW,APPROVE,0
0.01232469972295821,LOW,APPROVE,0
0.018027279755793362,LOW,APPROVE,0
0.007659543617224846,LOW,APPROVE,0
0.0069890349048068404,LOW,APPROVE,0
0.06382411729181238,LOW,APPROVE,0
0.016356400991120276,LOW,APPROVE,0
0.029603012188621467,LOW,APPROVE,0
0.01562644810810951,LOW,APPROVE,0
0.021802024532644064,LOW,APPROVE,0
0.01777627827815362,LOW,APPROVE,0
0.005514965745309225,LOW,APPROVE,0
0.014395374745184453,LOW,APPROVE,0
0.019941945366699083,LOW,APPROVE,0
0.006462919759136398,LOW,APPROVE,0
0.01080026863143558,LOW,APPROVE,0
0.012190624948260606,LOW,APPROVE,0
0.004988456170785628,LOW,APPROVE,0
0.014137639644774451,LOW,APPROVE,0
0.001826998676693509,LOW,APPROVE,0
0.00555946845800875,LOW,APPROVE,0
0.009791977430647726,LOW,APPROVE,0
0.004589310292360036,LOW,APPROVE,0
0.0022915372592794557,LOW,APPROVE,0
0.012697562853773608,LOW,APPROVE,0
0.006026042208037168,LOW,APPROVE,0
0.006321629076687907,LOW,APPROVE,0
0.03523491272416285,LOW,APPROVE,0
0.01092144921574532,LOW,APPROVE,0
0.0012425861934337711,LOW,APPROVE,0
0.014932575390104771,LOW,APPROVE,0
0.0060294548361356625,LOW,APPROVE,0
0.01668895603878028,LOW,APPROVE,0
0.004942824490239574,LOW,APPROVE,0
0.03787537130872302,LOW,APPROVE,0
0.0020416062380082733,LOW,APPROVE,0
0.008716947195562362,LOW,APPROVE,0
0.017974953174259966,LOW,APPROVE,0
0.004194503742714919,LOW,APPROVE,0
0.006176806549646597,LOW,APPROVE,0
0.005672320518028254,LOW,APPROVE,0
0.01073482690189474,LOW,APPROVE,0
0.006318075669743238,LOW,APPROVE,0
0.0003716747874931151,LOW,APPROVE,0
0.035510685813287424,LOW,APPROVE,0
0.00650467782675602,LOW,APPROVE,0
0.045821685938072725,LOW,APPROVE,0
0.015876827595424803,LOW,APPROVE,0
0.015315759769336622,LOW,APPROVE,0
0.002314796952426897,LOW,APPROVE,0
0.012615627609593078,LOW,APPROVE,0
0.009063781701513908,LOW,APPROVE,0
0.019569051082262284,LOW,APPROVE,0
0.03714457151048116,LOW,APPROVE,0
0.02842890318736489,LOW,APPROVE,0
0.0190069577819917,LOW,APPROVE,0
0.0022784268798348266,LOW,APPROVE,0
0.00555946845800875,LOW,APPROVE,0
0.0440802223432058,LOW,APPROVE,0
0.03475893242051462,LOW,APPROVE,0
0.006432569569029766,LOW,APPROVE,0
0.00555946845800875,LOW,APPROVE,0
0.00847662942387653,LOW,APPROVE,0
0.016723140677911346,LOW,APPROVE,0
0.014449286075725485,LOW,APPROVE,0
0.010465124793781436,LOW,APPROVE,0
0.0046781961717221624,LOW,APPROVE,0
0.003430581430879966,LOW,APPROVE,0
0.02010120959860405,LOW,APPROVE,0
0.01746211841122828,LOW,APPROVE,0
0.04368491375696253,LOW,APPROVE,1
0.015076348306640999,LOW,APPROVE,0
0.0004376230131951085,LOW,APPROVE,0
0.002552923096841434,LOW,APPROVE,0
0.0006838429283452951,LOW,APPROVE,0
0.0032131231789045253,LOW,APPROVE,0
0.002045014719959066,LOW,APPROVE,0
0.019106611916329553,LOW,APPROVE,0
0.012906772553094893,LOW,APPROVE,0
0.0023824326573893538,LOW,APPROVE,0
0.009265178596981736,LOW,APPROVE,0
0.04339089390210731,LOW,APPROVE,0
0.040144094156159306,LOW,APPROVE,0
0.02593862041435891,LOW,APPROVE,0
0.0019774915302023894,LOW,APPROVE,0
0.0030323262150439203,LOW,APPROVE,0
0.006566401894761577,LOW,APPROVE,0
0.0023373415909259863,LOW,APPROVE,0
0.005606283985543845,LOW,APPROVE,0
0.02142418001043135,LOW,APPROVE,1
0.004092543774914157,LOW,APPROVE,0
0.0030168901039575417,LOW,APPROVE,0
0.030778091226674645,LOW,APPROVE,0
0.008394626899642767,LOW,APPROVE,0
0.014551628953915431,LOW,APPROVE,0
0.01343804670125881,LOW,APPROVE,0
0.02456304626202863,LOW,APPROVE,0
0.005088550991563177,LOW,APPROVE,0
0.001822694606550884,LOW,APPROVE,0
0.0010321625715767238,LOW,APPROVE,0
0.05222506811492926,LOW,APPROVE,0
0.03929101607682184,LOW,APPROVE,0
0.0007445485896636211,LOW,APPROVE,0
0.018921975826540566,LOW,APPROVE,0
0.008927810521701041,LOW,APPROVE,0
0.05701178382556785,LOW,APPROVE,0
0.011175908241758544,LOW,APPROVE,0
0.022045329732255817,LOW,APPROVE,0
0.003157634180594613,LOW,APPROVE,0
0.007909839821033854,LOW,APPROVE,0
0.009490257063252508,LOW,APPROVE,0
0.24260512446085128,MEDIUM,REVIEW,0
0.009200684309521113,LOW,APPROVE,0
0.003441737143165405,LOW,APPROVE,0
0.000710311833083486,LOW,APPROVE,0
0.003975365099941283,LOW,APPROVE,0
0.017124276983033346,LOW,APPROVE,0
0.03621093637947349,LOW,APPROVE,0
0.015005753272975141,LOW,APPROVE,0
0.002022303671543073,LOW,APPROVE,0
0.002401571150749101,LOW,APPROVE,0
0.0040850707654399515,LOW,APPROVE,0
0.0017187342686207257,LOW,APPROVE,0
0.006295213735477024,LOW,APPROVE,0
0.0005705872840251402,LOW,APPROVE,0
0.00962036755897676,LOW,APPROVE,0
0.003745182461784597,LOW,APPROVE,0
0.0014604191055853013,LOW,APPROVE,0
0.004590465935730496,LOW,APPROVE,0
0.004326355144250035,LOW,APPROVE,0
0.014250024265131668,LOW,APPROVE,0
0.0017247105649735141,LOW,APPROVE,0
0.008550336803859165,LOW,APPROVE,0
0.006687637477090748,LOW,APPROVE,0
0.0038867861587026397,LOW,APPROVE,0
0.009439824722024263,LOW,APPROVE,0
0.0070260335923650035,LOW,APPROVE,0
0.0017789756650134533,LOW,APPROVE,0
0.00833953553520108,LOW,APPROVE,0
0.010541707350084783,LOW,APPROVE,0
0.00833953553520108,LOW,APPROVE,0
0.003788676270457672,LOW,APPROVE,0
0.0024870514013749408,LOW,APPROVE,0
0.006739012458246231,LOW,APPROVE,0
0.005506093538324614,LOW,APPROVE,0
0.010084621568475638,LOW,APPROVE,0
0.004928503079179499,LOW,APPROVE,0
0.04406051044468208,LOW,APPROVE,0
0.012881418464916094,LOW,APPROVE,0
0.059104891432953874,LOW,APPROVE,0
0.008156681539708015,LOW,APPROVE,0
0.012472280048597167,LOW,APPROVE,0
0.009888534571091297,LOW,APPROVE,0
0.011276145603391597,LOW,APPROVE,0
0.04005712189155548,LOW,APPROVE,0
0.01938485957753943,LOW,APPROVE,0
0.0024847128939814037,LOW,APPROVE,0
0.04130879316522364,LOW,APPROVE,0
0.06942032188615692,LOW,APPROVE,1
0.01079124560163318,LOW,APPROVE,0
0.03475893242051462,LOW,APPROVE,0
0.014711855823968644,LOW,APPROVE,0
0.004928503079179499,LOW,APPROVE,0
0.016134992900509487,LOW,APPROVE,0
0.007262697871795297,LOW,APPROVE,0
0.0248482006122672,LOW,APPROVE,0
0.02967150598365283,LOW,APPROVE,0
0.0073675181160169825,LOW,APPROVE,0
0.006088456035932687,LOW,APPROVE,0
0.0029859933747737317,LOW,APPROVE,0
0.0041803926732167495,LOW,APPROVE,0
0.0049478199088618105,LOW,APPROVE,0
0.013788255747633208,LOW,APPROVE,0
0.006142592420280927,LOW,APPROVE,0
0.02024690442213247,LOW,APPROVE,0
0.06942032188615692,LOW,APPROVE,1
0.10416500025216366,MEDIUM,REVIEW,0
0.021619834097538423,LOW,APPROVE,0
0.0043445770143109574,LOW,APPROVE,0
0.002731196373222327,LOW,APPROVE,0
0.0018507052192944008,LOW,APPROVE,0
0.06048310267973264,LOW,APPROVE,0
0.01917988878290322,LOW,APPROVE,0
0.015151388918303301,LOW,APPROVE,0
0.010496600214930209,LOW,APPROVE,0
0.04063556328626795,LOW,APPROVE,0
0.08005490070767271,LOW,APPROVE,0
0.0037350823149694574,LOW,APPROVE,0
0.0009836213280711244,LOW,APPROVE,0
0.0018126065839336254,LOW,APPROVE,0
0.00963199338560794,LOW,APPROVE,0
0.0021802467668738897,LOW,APPROVE,0
0.0037350823149694574,LOW,APPROVE,0
0.01079124560163318,LOW,APPROVE,0
0.03690499863464036,LOW,APPROVE,0
0.006788486805664339,LOW,APPROVE,0
0.012278883844506764,LOW,APPROVE,0
0.0037556430938600997,LOW,APPROVE,0
0.04602204432776506,LOW,APPROVE,0
0.03382915081375491,LOW,APPROVE,0
0.0002549564115697969,LOW,APPROVE,0
0.005789538605990962,LOW,APPROVE,0
0.017567225503006944,LOW,APPROVE,0
0.003512469456935287,LOW,APPROVE,0
0.0532922418862177,LOW,APPROVE,0
0.002552923096841434,LOW,APPROVE,0
0.0014082015168261149,LOW,APPROVE,0
0.0034718052369153455,LOW,APPROVE,0
0.006872078280154617,LOW,APPROVE,0
0.008457125955561124,LOW,APPROVE,0
0.002320917346220929,LOW,APPROVE,0
0.016680998858097356,LOW,APPROVE,0
0.01292916321524158,LOW,APPROVE,0
0.0026225196582942336,LOW,APPROVE,0
0.004027089002829615,LOW,APPROVE,0
0.010400622541888489,LOW,APPROVE,0
0.023817615100763915,LOW,APPROVE,0
0.008344042073029944,LOW,APPROVE,0
0.0038620140870398454,LOW,APPROVE,0
0.006285779512699344,LOW,APPROVE,0
0.011138127140142237,LOW,APPROVE,0
0.010787186618191719,LOW,APPROVE,0
0.01281445898486469,LOW,APPROVE,0
0.0029819385901779867,LOW,APPROVE,0
0.008219881179895024,LOW,APPROVE,0
0.008816369828539963,LOW,APPROVE,1
0.026738377008453905,LOW,APPROVE,0
0.009425851238751056,LOW,APPROVE,0
0.003593142101480148,LOW,APPROVE,0
0.018921975826540566,LOW,APPROVE,0
0.00382502930625975,LOW,APPROVE,0
0.03072461408620271,LOW,APPROVE,0
0.0020668291089062612,LOW,APPROVE,0
0.024075141828817415,LOW,APPROVE,0
0.009126670281851471,LOW,APPROVE,0
0.004464059225828521,LOW,APPROVE,0
0.0024924379396946803,LOW,APPROVE,0
0.01874861975043126,LOW,APPROVE,0
0.0026626850721723897,LOW,APPROVE,0
0.03196149556183341,LOW,APPROVE,0
0.10352867955375464,MEDIUM,REVIEW,0
0.005377151240595328,LOW,APPROVE,0
0.004832812798479255,LOW,APPROVE,0
0.0013664082355883767,LOW,APPROVE,0
0.02233243262191477,LOW,APPROVE,0
0.0029701473987206795,LOW,APPROVE,0
0.011949776120576116,LOW,APPROVE,0
0.007051307017335542,LOW,APPROVE,0
0.00481491534623147,LOW,APPROVE,0
0.0023644855406350813,LOW,APPROVE,0
0.006224856446241793,LOW,APPROVE,0
0.0028783847359445964,LOW,APPROVE,0
0.003298812155596631,LOW,APPROVE,0
0.0382293642396058,LOW,APPROVE,0
0.004986709166294392,LOW,APPROVE,0
0.003882833063306257,LOW,APPROVE,0
0.0131363666469815,LOW,APPROVE,0
0.0022800128511989465,LOW,APPROVE,0
0.004495556296519134,LOW,APPROVE,0
0.0015228221406234732,LOW,APPROVE,0
0.05105491480258692,LOW,APPROVE,0
0.0036909527523221923,LOW,APPROVE,0
0.004733874397408802,LOW,APPROVE,0
0.0036039572596763872,LOW,APPROVE,0
0.029141202154967998,LOW,APPROVE,0
0.018999338765034273,LOW,APPROVE,0
0.007229497658869134,LOW,APPROVE,0
0.004007120998819542,LOW,APPROVE,0
0.008813650471410223,LOW,APPROVE,0
0.040757591429618815,LOW,APPROVE,0
0.02172055791304058,LOW,APPROVE,0
0.0057831902931451025,LOW,APPROVE,0
0.0031990679761873878,LOW,APPROVE,0
0.008320257665396473,LOW,APPROVE,0
0.0036117307101791872,LOW,APPROVE,0
0.040757591429618815,LOW,APPROVE,0
0.005435066543002981,LOW,APPROVE,0
0.008390850647099863,LOW,APPROVE,0
0.045100626330170826,LOW,APPROVE,0
0.004204380313591032,LOW,APPROVE,0
0.0043786033846902874,LOW,APPROVE,0
0.007576135385079936,LOW,APPROVE,0
0.00909172172090874,LOW,APPROVE,0
0.00032068591536789343,LOW,APPROVE,0
0.006274048656380938,LOW,APPROVE,0
0.0014728351962931333,LOW,APPROVE,0
0.013966741106110141,LOW,APPROVE,0
0.003361183995987227,LOW,APPROVE,0
0.0021698019463094135,LOW,APPROVE,0
0.008209372917541563,LOW,APPROVE,0
0.01383780783727151,LOW,APPROVE,0
0.0077390619897224995,LOW,APPROVE,0
0.005574573339519633,LOW,APPROVE,0
0.030137991784411435,LOW,APPROVE,0
0.0019234087377943162,LOW,APPROVE,0
0.0020837061016499192,LOW,APPROVE,0
0.05361346122468766,LOW,APPROVE,0
0.03196149556183341,LOW,APPROVE,0
0.0038229986621224144,LOW,APPROVE,0
0.018270303107362967,LOW,APPROVE,0
0.001925901528981757,LOW,APPROVE,0
0.005675914092411992,LOW,APPROVE,0
0.03196149556183341,LOW,APPROVE,0
0.025559786490076546,LOW,APPROVE,0
0.008134059207434494,LOW,APPROVE,0
0.03621093637947349,LOW,APPROVE,0
0.10342399209238426,MEDIUM,REVIEW,0
0.003152060311926035,LOW,APPROVE,0
0.0033337320219428788,LOW,APPROVE,0
0.02945235736636718,LOW,APPROVE,0
0.004319365599321653,LOW,APPROVE,0
0.046821909261822794,LOW,APPROVE,0
0.00829504805924546,LOW,APPROVE,0
0.03473075804202519,LOW,APPROVE,0
0.013502620006359182,LOW,APPROVE,0
0.002645922399161847,LOW,APPROVE,0
0.00396848927520201,LOW,APPROVE,0
0.017611249351560825,LOW,APPROVE,0
0.006816658158557522,LOW,APPROVE,0
0.03621093637947349,LOW,APPROVE,0
0.008654605824467289,LOW,APPROVE,0
0.005688598535575541,LOW,APPROVE,0
0.04670643587891607,LOW,APPROVE,0
0.006480921711006119,LOW,APPROVE,0
0.011683633271194314,LOW,APPROVE,0
0.007687467927690959,LOW,APPROVE,0
0.006220013537660181,LOW,APPROVE,0
0.011150050086353891,LOW,APPROVE,0
0.004871806972086328,LOW,APPROVE,0
0.001803967743762874,LOW,APPROVE,0
0.0026910250441933084,LOW,APPROVE,0
0.018911452798836652,LOW,APPROVE,0
0.0072986348859658875,LOW,APPROVE,0
0.0051216524399174445,LOW,APPROVE,0
0.0012566720647038843,LOW,APPROVE,0
0.004967405088156354,LOW,APPROVE,0
0.0010541639683585733,LOW,APPROVE,0
0.007639536247736055,LOW,APPROVE,0
0.02246587145113102,LOW,APPROVE,0
0.01383780783727151,LOW,APPROVE,0
0.01335718120465113,LOW,APPROVE,0
0.006787216035236827,LOW,APPROVE,0
0.017554245347043654,LOW,APPROVE,0
0.01275244233744406,LOW,APPROVE,0
0.05586349875067456,LOW,APPROVE,0
0.009745069812427188,LOW,APPROVE,0
0.004857311260855238,LOW,APPROVE,0
0.007351371385072315,LOW,APPROVE,0
0.013823137107348454,LOW,APPROVE,0
0.005009311409144025,LOW,APPROVE,0
0.0015307368178207146,LOW,APPROVE,0
0.0022214604215482514,LOW,APPROVE,0
0.008545056950582027,LOW,APPROVE,0
0.03196149556183341,LOW,APPROVE,0
0.007669672572318651,LOW,APPROVE,0
0.0019501449244974465,LOW,APPROVE,0
0.036639925516154935,LOW,APPROVE,0
0.0027063134848718633,LOW,APPROVE,0
0.012504567675149203,LOW,APPROVE,0
0.012222651193793203,LOW,APPROVE,0
0.01938932795163073,LOW,APPROVE,0
0.018447150945959927,LOW,APPROVE,0
0.0030482712697066693,LOW,APPROVE,0
0.03196149556183341,LOW,APPROVE,0
0.008960354189138603,LOW,APPROVE,0
0.003008685374806913,LOW,APPROVE,0
0.036639925516154935,LOW,APPROVE,0
0.004923534429691224,LOW,APPROVE,0
0.12094395833038972,MEDIUM,REVIEW,0
0.005255400472190366,LOW,APPROVE,0
0.0005459129093534721,LOW,APPROVE,0
0.005445543706905916,LOW,APPROVE,0
0.0026072890561430573,LOW,APPROVE,0
0.0652704658236354,LOW,APPROVE,0
0.0042527548225950946,LOW,APPROVE,0
0.0058426753477591065,LOW,APPROVE,0
0.01549985456650113,LOW,APPROVE,0
0.06460391860961645,LOW,APPROVE,0
0.0007205518894042512,LOW,APPROVE,0
0.0024124851437644446,LOW,APPROVE,0
0.009612466036208737,LOW,APPROVE,0
0.0047812281414519745,LOW,APPROVE,0
0.0019197775964331129,LOW,APPROVE,0
0.007510355336600761,LOW,APPROVE,0
0.07741328481606641,LOW,APPROVE,0
0.005657213197482954,LOW,APPROVE,0
0.0018130874488714926,LOW,APPROVE,0
0.0018214168606070901,LOW,APPROVE,0
0.002381309226389897,LOW,APPROVE,0
0.046384807990239064,LOW,APPROVE,0
0.007968427920411185,LOW,APPROVE,0
0.026013689491577677,LOW,APPROVE,0
0.010796063054355327,LOW,APPROVE,0
0.009215480797339817,LOW,APPROVE,0
0.003833159295152716,LOW,APPROVE,0
0.010038264678860728,LOW,APPROVE,0
0.03276619530140946,LOW,APPROVE,0
0.006305409887131049,LOW,APPROVE,0
0.01151023673726504,LOW,APPROVE,0
0.001154731188629354,LOW,APPROVE,0
0.018368948327462487,LOW,APPROVE,0
0.001282117540850162,LOW,APPROVE,0
0.006558393587534422,LOW,APPROVE,0
0.00872835144141476,LOW,APPROVE,0
0.05639547283514589,LOW,APPROVE,0
0.00659482860067305,LOW,APPROVE,0
0.013506948993291901,LOW,APPROVE,0
0.00809726918993102,LOW,APPROVE,0
0.008124331474423563,LOW,APPROVE,0
0.09973093985436325,LOW,APPROVE,0
0.002239609968308345,LOW,APPROVE,0
0.006788093981313184,LOW,APPROVE,0
0.008056171160015077,LOW,APPROVE,0
0.014901242268608577,LOW,APPROVE,0
0.0017170590587408962,LOW,APPROVE,0
0.0035200103661809042,LOW,APPROVE,0
0.03369868213777224,LOW,APPROVE,0
0.00523118407193304,LOW,APPROVE,0
0.07588131615949566,LOW,APPROVE,0
0.00910123394913104,LOW,APPROVE,0
0.08560902061659853,LOW,APPROVE,0
0.0017763376938935273,LOW,APPROVE,0
0.02368168837640723,LOW,APPROVE,0
0.006172001135324185,LOW,APPROVE,0
0.007552527431332094,LOW,APPROVE,0
0.0024778032375491394,LOW,APPROVE,0
0.016458571031768354,LOW,APPROVE,0
0.005905814429262466,LOW,APPROVE,0
0.007552527431332094,LOW,APPROVE,0
0.02502177649386507,LOW,APPROVE,0
0.005740392264017507,LOW,APPROVE,0
0.003253649125622785,LOW,APPROVE,0
0.01281931240718822,LOW,APPROVE,0
0.07329789731083891,LOW,APPROVE,0
0.019407465548191914,LOW,APPROVE,0
0.007471702011580027,LOW,APPROVE,0
0.003224216278192819,LOW,APPROVE,0
0.007109150497026905,LOW,APPROVE,0
0.02183647076341983,LOW,APPROVE,0
0.0032889552878688495,LOW,APPROVE,0
0.003125161050511863,LOW,APPROVE,0
0.005803866139224477,LOW,APPROVE,0
0.007209483492145894,LOW,APPROVE,0
0.006854876703579916,LOW,APPROVE,0
0.0354031805090382,LOW,APPROVE,0
0.0038652425519028755,LOW,APPROVE,0
0.0047873720009604165,LOW,APPROVE,0
0.010951502437495656,LOW,APPROVE,0
0.02330389095589169,LOW,APPROVE,0
0.002225008141711336,LOW,APPROVE,0
0.006082616773740225,LOW,APPROVE,0
0.003018932469874811,LOW,APPROVE,0
0.006619262253284108,LOW,APPROVE,0
0.016004775456248416,LOW,APPROVE,0
0.009110228775814895,LOW,APPROVE,0
0.1722392783433523,MEDIUM,REVIEW,0
0.008580336757299512,LOW,APPROVE,0
0.0015981128155178328,LOW,APPROVE,0
0.0025426823928925363,LOW,APPROVE,0
0.0031419977090388555,LOW,APPROVE,0
0.044867312686698226,LOW,APPROVE,0
0.003946320760591996,LOW,APPROVE,0
0.11247423219884836,MEDIUM,REVIEW,0
0.0023090094015619034,LOW,APPROVE,0
0.021133181197109118,LOW,APPROVE,0
0.009677167308231791,LOW,APPROVE,0
0.002175825816429257,LOW,APPROVE,0
0.00676567953693248,LOW,APPROVE,0
0.004299339599679348,LOW,APPROVE,0
0.01498858210123323,LOW,APPROVE,0
0.0024123941636363558,LOW,APPROVE,0
0.08211960623091948,LOW,APPROVE,0
0.01408828953212101,LOW,APPROVE,0
0.03556564328914355,LOW,APPROVE,0
0.0022750351809473915,LOW,APPROVE,0
0.028857682675442534,LOW,APPROVE,0
0.004398715392127566,LOW,APPROVE,0
0.011752413381969647,LOW,APPROVE,0
0.01437056092951406,LOW,APPROVE,0
0.01343032181970621,LOW,APPROVE,0
0.06579111816343222,LOW,APPROVE,0
0.004309431595722719,LOW,APPROVE,0
0.012338652769807565,LOW,APPROVE,0
0.002463150245707415,LOW,APPROVE,0
0.012063177708258852,LOW,APPROVE,0
0.0037688967480100956,LOW,APPROVE,0
0.012939465532778317,LOW,APPROVE,0
0.0020716416074113768,LOW,APPROVE,0
0.005304801614318358,LOW,APPROVE,0
0.025706346776604404,LOW,APPROVE,0
0.012866927046730654,LOW,APPROVE,0
0.0018189662086930576,LOW,APPROVE,0
0.0032642119508626034,LOW,APPROVE,0
0.009479133550652295,LOW,APPROVE,0
0.036301555256169016,LOW,APPROVE,0
0.08866662032087633,LOW,APPROVE,0
0.0025429099665210445,LOW,APPROVE,0
0.008597367705196363,LOW,APPROVE,0
0.02265973602923428,LOW,APPROVE,0
0.0074186475419582894,LOW,APPROVE,0
0.004912493254644459,LOW,APPROVE,0
0.0014334181940792623,LOW,APPROVE,0
0.018296720273947555,LOW,APPROVE,0
0.010047459851754039,LOW,APPROVE,0
0.01276081451987278,LOW,APPROVE,0
0.003290902973422588,LOW,APPROVE,0
0.01339306997291559,LOW,APPROVE,0
0.021733682505708823,LOW,APPROVE,0
0.002036380262900481,LOW,APPROVE,0
0.004877054818702217,LOW,APPROVE,0
0.0009175009074117393,LOW,APPROVE,0
0.015401815453154229,LOW,APPROVE,0
0.007291811730914617,LOW,APPROVE,0
0.15043829745201476,MEDIUM,REVIEW,0
0.0011771228495753277,LOW,APPROVE,0
0.0048881143794897,LOW,APPROVE,0
0.016743128669092944,LOW,APPROVE,0
0.0061615263159168964,LOW,APPROVE,0
0.008198029934859314,LOW,APPROVE,0
0.03529852507073829,LOW,APPROVE,0
0.004534012753173804,LOW,APPROVE,0
0.001877223010219853,LOW,APPROVE,0
0.007916172091326513,LOW,APPROVE,0
0.0015267948847693614,LOW,APPROVE,0
0.0375194049753629,LOW,APPROVE,0
0.004115598063602554,LOW,APPROVE,0
0.03304172401582299,LOW,APPROVE,0
0.002804836823667527,LOW,APPROVE,0
0.19065571359118033,MEDIUM,REVIEW,0
0.050019836708101194,LOW,APPROVE,0
0.006588820905739478,LOW,APPROVE,0
0.00808331341328903,LOW,APPROVE,0
0.005140634400601293,LOW,APPROVE,0
0.1466539877293671,MEDIUM,REVIEW,0
0.006382802466218489,LOW,APPROVE,0
0.122858887645667,MEDIUM,REVIEW,1
0.022111853965252688,LOW,APPROVE,0
0.0033749155260852895,LOW,APPROVE,0
0.002638117978332414,LOW,APPROVE,0
0.0062089231220356445,LOW,APPROVE,0
0.006112899411107235,LOW,APPROVE,0
0.009169107509289804,LOW,APPROVE,0
0.03851033301552254,LOW,APPROVE,0
0.0034300620189706968,LOW,APPROVE,0
0.02284242640287809,LOW,APPROVE,0
0.005448827066345047,LOW,APPROVE,0
0.026800414511421983,LOW,APPROVE,0
0.2776058185936816,MEDIUM,REVIEW,1
0.00516748050592664,LOW,APPROVE,0
0.03214922105762784,LOW,APPROVE,0
0.018971313941766703,LOW,APPROVE,0
0.02587170851451236,LOW,APPROVE,0
0.011141909023583318,LOW,APPROVE,0
0.00170935165149645,LOW,APPROVE,0
0.023856134946553358,LOW,APPROVE,0
0.0024589582052628733,LOW,APPROVE,0
0.0077799363528926755,LOW,APPROVE,0
0.17812067589097486,MEDIUM,REVIEW,0
0.002463943398748559,LOW,APPROVE,0
0.0102733986107998,LOW,APPROVE,0
0.010380129559512435,LOW,APPROVE,0
0.14690017246579448,MEDIUM,REVIEW,0
0.012776741159853186,LOW,APPROVE,0
0.0016907862310130153,LOW,APPROVE,0
0.008636544223340963,LOW,APPROVE,0
0.08490586995276656,LOW,APPROVE,0
0.01937063354441288,LOW,APPROVE,0
0.008642352974991089,LOW,APPROVE,0
0.012608002049582078,LOW,APPROVE,0
0.0012814560836744775,LOW,APPROVE,0
0.03314765883254525,LOW,APPROVE,0
0.021380073712641813,LOW,APPROVE,0
0.016838497126431026,LOW,APPROVE,0
0.0057089232472070425,LOW,APPROVE,0
0.008064323980448696,LOW,APPROVE,0
0.03507386266725486,LOW,APPROVE,0
0.006196373104066725,LOW,APPROVE,0
0.02852844289892687,LOW,APPROVE,0
0.03789117834977817,LOW,APPROVE,0
0.0727678996748493,LOW,APPROVE,0
0.014034794498120359,LOW,APPROVE,0
0.0042495109259610715,LOW,APPROVE,0
0.004183446555873882,LOW,APPROVE,0
0.003635797960663365,LOW,APPROVE,1
0.004451633216732765,LOW,APPROVE,0
0.10002299941644179,MEDIUM,REVIEW,0
0.006979574582693163,LOW,APPROVE,0
0.002721953658297215,LOW,APPROVE,0
0.07880693680469053,LOW,APPROVE,0
0.007113670902411119,LOW,APPROVE,0
0.004364067257892681,LOW,APPROVE,0
0.008012483173377055,LOW,APPROVE,0
0.005136565073585105,LOW,APPROVE,0
0.0021633490863577445,LOW,APPROVE,0
0.009368736051261418,LOW,APPROVE,0
0.011739670651491133,LOW,APPROVE,0
0.047688621236025866,LOW,APPROVE,0
0.0074225964458969765,LOW,APPROVE,0
0.004298579705869993,LOW,APPROVE,0
0.03193745532062674,LOW,APPROVE,0
0.0046383415279603055,LOW,APPROVE,0
0.08973394541508681,LOW,APPROVE,0
0.06609090084966315,LOW,APPROVE,0
0.014641785333655365,LOW,APPROVE,0
0.009722643891128414,LOW,APPROVE,0
0.025116287389906247,LOW,APPROVE,0
0.0065396753320669625,LOW,APPROVE,0
0.004903677687226924,LOW,APPROVE,0
0.012865947977701723,LOW,APPROVE,0
0.008494098688014571,LOW,APPROVE,0
0.008479641276755297,LOW,APPROVE,0
0.00438546970348943,LOW,APPROVE,0
0.02033526976252421,LOW,APPROVE,0
0.03613898562942224,LOW,APPROVE,0
0.00048383288239055387,LOW,APPROVE,0
0.08015836074422904,LOW,APPROVE,0
0.05552822840246288,LOW,APPROVE,0
0.0075401064367521375,LOW,APPROVE,0
0.0035948757119707376,LOW,APPROVE,0
0.008880979370184562,LOW,APPROVE,0
0.06041861241093943,LOW,APPROVE,0
0.006618989469510995,LOW,APPROVE,0
0.08745494145326084,LOW,APPROVE,0
0.004200876675450521,LOW,APPROVE,0
0.08015836074422904,LOW,APPROVE,0
0.0044754662884756895,LOW,APPROVE,0
0.014111520925701226,LOW,APPROVE,0
0.00581096726987254,LOW,APPROVE,0
0.009234833755709571,LOW,APPROVE,0
0.014574369069538554,LOW,APPROVE,0
0.004334472010498201,LOW,APPROVE,0
0.012428840174457258,LOW,APPROVE,0
0.003936272999043572,LOW,APPROVE,0
0.01614758308837905,LOW,APPROVE,0
0.0064930050371053505,LOW,APPROVE,0
0.022006804468823832,LOW,APPROVE,0
0.007852516630573696,LOW,APPROVE,0
0.012428840174457258,LOW,APPROVE,0
0.0015142513755493536,LOW,APPROVE,0
0.03844751625854652,LOW,APPROVE,0
0.004234935083078745,LOW,APPROVE,0
0.0026471215653276676,LOW,APPROVE,0
0.012931122525420932,LOW,APPROVE,0
0.015234932264428725,LOW,APPROVE,0
0.007495486992909928,LOW,APPROVE,0
0.10536887586934988,MEDIUM,REVIEW,0
0.00586790227998338,LOW,APPROVE,0
0.0013411050610411986,LOW,APPROVE,0
0.004129961519825929,LOW,APPROVE,0
0.007693625000178276,LOW,APPROVE,0
0.010476096715656651,LOW,APPROVE,0
0.01927193475658731,LOW,APPROVE,0
0.00462192211621135,LOW,APPROVE,0
0.008548375670392398,LOW,APPROVE,0
0.021791312317118988,LOW,APPROVE,0
0.00330465383126843,LOW,APPROVE,0
0.012285810661900471,LOW,APPROVE,0
0.00267387833941055,LOW,APPROVE,0
0.0027105299988935383,LOW,APPROVE,0
0.0006256173870161765,LOW,APPROVE,0
0.0013339621736488641,LOW,APPROVE,0
0.0019527400594554188,LOW,APPROVE,0
0.02281175320054368,LOW,APPROVE,0
0.0018083971684360425,LOW,APPROVE,0
0.03861135567661281,LOW,APPROVE,0
0.006778390785797121,LOW,APPROVE,0
0.020102088285639284,LOW,APPROVE,0
0.008002071600413392,LOW,APPROVE,0
0.005355876433645635,LOW,APPROVE,0
0.0006713869373708285,LOW,APPROVE,0
0.018656517673289012,LOW,APPROVE,0
0.028974724269295937,LOW,APPROVE,0
0.0006256173870161765,LOW,APPROVE,0
0.007455284272088817,LOW,APPROVE,0
0.0034631851319839586,LOW,APPROVE,0
0.02809070167842653,LOW,APPROVE,0
0.005235604433906905,LOW,APPROVE,0
0.01718827830694961,LOW,APPROVE,0
0.01638546535176839,LOW,APPROVE,0
0.016575036190474797,LOW,APPROVE,0
0.005490763501528106,LOW,APPROVE,0
0.0010056160028748908,LOW,APPROVE,0
0.005624356236282576,LOW,APPROVE,0
0.02002453991158791,LOW,APPROVE,0
0.07714589883216652,LOW,APPROVE,0
0.015041348434520558,LOW,APPROVE,0
0.002157848740237909,LOW,APPROVE,0
0.00746879333716,LOW,APPROVE,0
0.0064616246327841775,LOW,APPROVE,0
0.004853486140279159,LOW,APPROVE,0
0.00742850333170211,LOW,APPROVE,0
0.007939214172678722,LOW,APPROVE,0
0.014942675599069035,LOW,APPROVE,0
0.0028414275252906765,LOW,APPROVE,0
0.026032218468262935,LOW,APPROVE,1
0.006051609381667844,LOW,APPROVE,0
0.017131588042000587,LOW,APPROVE,0
0.003839242360198486,LOW,APPROVE,0
0.004798026939763814,LOW,APPROVE,0
0.014942675599069035,LOW,APPROVE,0
0.0003231805441537127,LOW,APPROVE,0
0.014989775253229691,LOW,APPROVE,0
0.010145210878561359,LOW,APPROVE,0
0.0018144884783137377,LOW,APPROVE,0
0.14916764128281915,MEDIUM,REVIEW,0
0.003918537414197235,LOW,APPROVE,0
0.012062738294548537,LOW,APPROVE,0
0.0016283748919666632,LOW,APPROVE,0
0.0059855985011459814,LOW,APPROVE,0
0.0022527701392535005,LOW,APPROVE,0
0.00782461184160583,LOW,APPROVE,0
0.0070187496816678805,LOW,APPROVE,0
0.00611398774880239,LOW,APPROVE,0
0.08790173667040217,LOW,APPROVE,1
0.008886738874621285,LOW,APPROVE,0
0.019717054016862315,LOW,APPROVE,0
0.00710387867242094,LOW,APPROVE,0
0.003792141728796009,LOW,APPROVE,0
0.002128808069910079,LOW,APPROVE,0
0.0014409876046642329,LOW,APPROVE,0
0.007797898110196643,LOW,APPROVE,0
0.00462192211621135,LOW,APPROVE,0
0.015603380290902882,LOW,APPROVE,0
0.000511050700849323,LOW,APPROVE,0
0.006724451873726756,LOW,APPROVE,0
0.01756413781646999,LOW,APPROVE,0
0.0922645661619626,LOW,APPROVE,0
0.0020538161329929916,LOW,APPROVE,0
0.003357201665039914,LOW,APPROVE,0
0.00751595436582809,LOW,APPROVE,0
0.04623863908553189,LOW,APPROVE,0
0.003274549671377821,LOW,APPROVE,0
0.011490140674628153,LOW,APPROVE,0
0.0045586816798819695,LOW,APPROVE,0
0.010627008544943148,LOW,APPROVE,1
0.01309568882714146,LOW,APPROVE,0
0.006495102248256518,LOW,APPROVE,0
0.003755726928161519,LOW,APPROVE,0
0.004881722870020552,LOW,APPROVE,0
0.004003534620663471,LOW,APPROVE,0
0.006858596795891252,LOW,APPROVE,0
0.006339856451620339,LOW,APPROVE,0
0.007344605540529633,LOW,APPROVE,0
0.004207483157383534,LOW,APPROVE,0
0.020293779998146303,LOW,APPROVE,0
0.010330103316954947,LOW,APPROVE,0
0.01752541543751428,LOW,APPROVE,0
0.0016402843829104116,LOW,APPROVE,0
0.011898619932663137,LOW,APPROVE,0
0.0138425558108449,LOW,APPROVE,0
0.017957427244878997,LOW,APPROVE,0
0.007581379762143293,LOW,APPROVE,0
0.011040990013904564,LOW,APPROVE,0
0.03414600198884678,LOW,APPROVE,0
0.002520720779965601,LOW,APPROVE,0
0.002192996840514564,LOW,APPROVE,0
0.0030225391833979716,LOW,APPROVE,0
0.0024403924859265594,LOW,APPROVE,0
0.014702026462519863,LOW,APPROVE,0
0.0019307083685614248,LOW,APPROVE,0
0.0014484278116248732,LOW,APPROVE,0
0.021549108722896608,LOW,APPROVE,0
0.0037858466271069088,LOW,APPROVE,0
0.04659429503123962,LOW,APPROVE,0
0.003785920605255035,LOW,APPROVE,0
0.048813355960042125,LOW,APPROVE,0
0.017318041677278316,LOW,APPROVE,0
0.01421697932351473,LOW,APPROVE,0
0.0046571210557788765,LOW,APPROVE,0
0.0153451772485178,LOW,APPROVE,0
0.0008828661535566156,LOW,APPROVE,0
0.004037482382239795,LOW,APPROVE,0
0.011074366383238785,LOW,APPROVE,0
0.022021953071480506,LOW,APPROVE,0
0.00122225410890016,LOW,APPROVE,0
0.0023210024356648588,LOW,APPROVE,0
0.002249609376829572,LOW,APPROVE,0
0.0032760977289131273,LOW,APPROVE,0
0.0074702456019839925,LOW,APPROVE,0
0.0038213744791939183,LOW,APPROVE,0
0.00375022335522754,LOW,APPROVE,0
0.0032096085260674583,LOW,APPROVE,0
0.00300933365781113,LOW,APPROVE,0
0.0017137398373228917,LOW,APPROVE,0
0.01207856787290223,LOW,APPROVE,0
0.05256344618081676,LOW,APPROVE,0
0.008656900255836857,LOW,APPROVE,0
0.010311950459851817,LOW,APPROVE,0
0.006380777992482684,LOW,APPROVE,0
0.015652485064771023,LOW,APPROVE,0
0.02057707740232937,LOW,APPROVE,0
0.006683145105834321,LOW,APPROVE,0
0.013086997398763064,LOW,APPROVE,0
0.007231595825460017,LOW,APPROVE,0
0.0024929347248588995,LOW,APPROVE,0
0.003730969685895876,LOW,APPROVE,0
0.005463080375047771,LOW,APPROVE,0
0.06126585170007783,LOW,APPROVE,0
0.010245051888801511,LOW,APPROVE,0
0.0008316865628622875,LOW,APPROVE,0
0.004831851153682622,LOW,APPROVE,0
0.007851069131292696,LOW,APPROVE,0
0.012008794757163902,LOW,APPROVE,0
0.010114914138531142,LOW,APPROVE,0
0.005544164560903788,LOW,APPROVE,0
0.013829559013442617,LOW,APPROVE,0
0.025720108924483148,LOW,APPROVE,0
0.0507674578365833,LOW,APPROVE,0
0.0002965984465722256,LOW,APPROVE,0
0.00031848320669902584,LOW,APPROVE,0
0.00919939095322265,LOW,APPROVE,0
0.014379850647106297,LOW,APPROVE,0
0.009060192852944078,LOW,APPROVE,0
0.05875840015406117,LOW,APPROVE,0
0.0021154805229369024,LOW,APPROVE,0
0.0022904533030321163,LOW,APPROVE,0
0.02719012268254304,LOW,APPROVE,0
0.01492079472718614,LOW,APPROVE,0
0.005756693104534877,LOW,APPROVE,0
0.0012433109719300975,LOW,APPROVE,0
0.007357548952645128,LOW,APPROVE,0
0.008041446380805744,LOW,APPROVE,0
0.06302216211010116,LOW,APPROVE,0
0.03284331029107366,LOW,APPROVE,0
0.0013111369330940086,LOW,APPROVE,0
0.009698461832560136,LOW,APPROVE,0
0.017213086760161797,LOW,APPROVE,0
0.0013111369330940086,LOW,APPROVE,0
0.00789419835047727,LOW,APPROVE,0
0.009428992758943834,LOW,APPROVE,0
0.004529175700878173,LOW,APPROVE,0
0.018200887845952977,LOW,APPROVE,0
0.006277925684784483,LOW,APPROVE,0
0.00482681835973779,LOW,APPROVE,0
0.00611017365289337,LOW,APPROVE,0
0.0022623427166861667,LOW,APPROVE,0
0.004130401680525704,LOW,APPROVE,0
0.008731237752183409,LOW,APPROVE,0
0.002823280730103807,LOW,APPROVE,0
0.02160134092585057,LOW,APPROVE,0
0.00598986570530054,LOW,APPROVE,0
0.015212347509266639,LOW,APPROVE,0
0.012240231880514768,LOW,APPROVE,0
0.01877373189512324,LOW,APPROVE,0
0.0017311145819354458,LOW,APPROVE,0
0.0006549665941229927,LOW,APPROVE,0
0.002941672119537852,LOW,APPROVE,0
0.006713256986671678,LOW,APPROVE,0
0.004490180010231756,LOW,APPROVE,0
0.04209889227536833,LOW,APPROVE,0
0.009281077256361656,LOW,APPROVE,0
0.008108176711717999,LOW,APPROVE,0
0.021248678832670342,LOW,APPROVE,0
0.060615170106888994,LOW,APPROVE,0
0.003983193579701593,LOW,APPROVE,0
0.031033953835232112,LOW,APPROVE,0
0.017062552962195707,LOW,APPROVE,0
0.0069108952133233315,LOW,APPROVE,0
0.019251612037630924,LOW,APPROVE,0
0.005829533956582802,LOW,APPROVE,0
0.003189135374453712,LOW,APPROVE,0
0.017370894084396203,LOW,APPROVE,0
0.015793642813659983,LOW,APPROVE,0
0.01577719994764858,LOW,APPROVE,0
0.035140150494466615,LOW,APPROVE,0
0.006818236839544518,LOW,APPROVE,0
0.027412814230609355,LOW,APPROVE,0
0.003915757055353799,LOW,APPROVE,0
0.021865999952702535,LOW,APPROVE,0
0.017191911424858985,LOW,APPROVE,0
0.0013000195942727882,LOW,APPROVE,0
0.0036873760126744873,LOW,APPROVE,0
0.004015080155978226,LOW,APPROVE,0
0.009087888106800975,LOW,APPROVE,0
0.03352683227430705,LOW,APPROVE,0
0.0025997767466816616,LOW,APPROVE,0
0.003717394763015657,LOW,APPROVE,0
0.0027735537902630393,LOW,APPROVE,0
0.02060536813804588,LOW,APPROVE,0
0.021686295754846194,LOW,APPROVE,0
0.02261839323541023,LOW,APPROVE,0
0.004245646265063717,LOW,APPROVE,0
0.010225537021632529,LOW,APPROVE,0
0.010119733287226183,LOW,APPROVE,0
0.008327670351073175,LOW,APPROVE,0
0.003666308817998048,LOW,APPROVE,0
0.006319160744023156,LOW,APPROVE,0
0.004017185112168704,LOW,APPROVE,0
0.012733468543924013,LOW,APPROVE,0
0.005727080298485023,LOW,APPROVE,0
0.01212233514588397,LOW,APPROVE,0
0.03731698797053679,LOW,APPROVE,0
0.005413685689785988,LOW,APPROVE,0
0.011272570768808032,LOW,APPROVE,0
0.010627008544943148,LOW,APPROVE,1
0.0014537405157181223,LOW,APPROVE,0
0.0028176335895622397,LOW,APPROVE,0
0.02877417130774874,LOW,APPROVE,0
0.010979738939974568,LOW,APPROVE,0
0.0027790750766387116,LOW,APPROVE,0
0.0019798850856876495,LOW,APPROVE,0
0.005457654226310159,LOW,APPROVE,0
0.017476656798959083,LOW,APPROVE,0
0.008312669803442085,LOW,APPROVE,0
0.017459774843606564,LOW,APPROVE,0
0.027713198210185752,LOW,APPROVE,0
0.02063450331855279,LOW,APPROVE,0
0.003286060613551668,LOW,APPROVE,0
0.008149986861163637,LOW,APPROVE,0
0.010982093052069947,LOW,APPROVE,0
0.02423696476462049,LOW,APPROVE,0
0.022155680506072584,LOW,APPROVE,0
0.0049700729947627685,LOW,APPROVE,0
0.025451264764139194,LOW,APPROVE,0
0.022238621159223638,LOW,APPROVE,0
0.007373230172396841,LOW,APPROVE,0
0.0037961110527662324,LOW,APPROVE,0
0.004452289998533198,LOW,APPROVE,0
0.002874835712669174,LOW,APPROVE,0
0.005108205748773291,LOW,APPROVE,0
0.020235396025385793,LOW,APPROVE,0
0.00520452759944182,LOW,APPROVE,0
0.004758204431715651,LOW,APPROVE,0
0.012733468543924013,LOW,APPROVE,0
0.03669227568861926,LOW,APPROVE,0
0.015542464641769052,LOW,APPROVE,0
0.011431299138216337,LOW,APPROVE,0
0.018177713293727537,LOW,APPROVE,0
0.02625521947851637,LOW,APPROVE,0
0.00911273273268678,LOW,APPROVE,0
0.004116474676485717,LOW,APPROVE,0
0.016048228776623222,LOW,APPROVE,0
0.07080425325986145,LOW,APPROVE,0
0.002303410913698839,LOW,APPROVE,0
0.019504542761963523,LOW,APPROVE,0
0.051688323341026465,LOW,APPROVE,0
0.015431535206163534,LOW,APPROVE,0
0.010731627025073529,LOW,APPROVE,0
0.00146795257931597,LOW,APPROVE,0
0.010513730247152886,LOW,APPROVE,0
0.0036910921470281605,LOW,APPROVE,0
0.011027051527687912,LOW,APPROVE,0
0.018976400459688902,LOW,APPROVE,0
0.0028656108401868097,LOW,APPROVE,0
0.00679672731230222,LOW,APPROVE,0
0.010731627025073529,LOW,APPROVE,0
0.004629749691230141,LOW,APPROVE,0
0.0070480733382414125,LOW,APPROVE,0
0.0032246744020312025,LOW,APPROVE,0
0.011579077453085165,LOW,APPROVE,0
0.013606347843295714,LOW,APPROVE,0
0.005190924424351564,LOW,APPROVE,0
0.008674378290193135,LOW,APPROVE,0
0.0033024024232700924,LOW,APPROVE,0
0.015526780749452214,LOW,APPROVE,0
0.1803412875473002,MEDIUM,REVIEW,1
0.009312986911354208,LOW,APPROVE,0
0.04113783054268528,LOW,APPROVE,0
0.005785977458253948,LOW,APPROVE,0
0.0027769781552692482,LOW,APPROVE,0
0.003335222430916932,LOW,APPROVE,0
0.0027825141873955924,LOW,APPROVE,0
0.001731490270092199,LOW,APPROVE,0
0.008516907970187209,LOW,APPROVE,0
0.01053462057251266,LOW,APPROVE,0
0.006679425279808436,LOW,APPROVE,0
0.0064762989248150615,LOW,APPROVE,0
0.005401294655904315,LOW,APPROVE,0
0.0023953965386420573,LOW,APPROVE,0
0.008817805105497048,LOW,APPROVE,0
0.00324257523006675,LOW,APPROVE,0
0.058714282934447706,LOW,APPROVE,0
0.058356434176103554,LOW,APPROVE,0
0.014440811360692704,LOW,APPROVE,0
0.008519300598094099,LOW,APPROVE,0
0.009312986911354208,LOW,APPROVE,0
0.002468044861423193,LOW,APPROVE,0
0.0025888803812057926,LOW,APPROVE,0
0.014715745402538416,LOW,APPROVE,0
0.002827846882824912,LOW,APPROVE,0
0.0025706698597080554,LOW,APPROVE,0
0.0173426039636659,LOW,APPROVE,0
0.09710631764679017,LOW,APPROVE,0
0.009241288383630664,LOW,APPROVE,0
0.006002057321721447,LOW,APPROVE,0
0.004145449624468453,LOW,APPROVE,0
0.0047905385464908894,LOW,APPROVE,0
0.013920057263047646,LOW,APPROVE,0
0.00662172697398595,LOW,APPROVE,0
0.001651731442885448,LOW,APPROVE,0
0.009819640662126506,LOW,APPROVE,0
0.051809165077285155,LOW,APPROVE,0
0.010071481274894458,LOW,APPROVE,0
0.0857013917301274,LOW,APPROVE,0
0.004923363392761662,LOW,APPROVE,0
0.01057322062957329,LOW,APPROVE,0
0.00782143790959286,LOW,APPROVE,0
0.024070473275166974,LOW,APPROVE,0
0.0061426400594097996,LOW,APPROVE,0
0.0016009466632639904,LOW,APPROVE,0
0.014634962649301664,LOW,APPROVE,0
0.013753064436248033,LOW,APPROVE,0
0.031358995787766616,LOW,APPROVE,0
0.006557597213621568,LOW,APPROVE,0
0.012624836648018965,LOW,APPROVE,0
0.005433497972748102,LOW,APPROVE,0
0.00338948654208222,LOW,APPROVE,0
0.005087752875998511,LOW,APPROVE,0
0.011623251164037297,LOW,APPROVE,0
0.01664368708231227,LOW,APPROVE,0
0.004718154856319998,LOW,APPROVE,0
0.008513088903227805,LOW,APPROVE,0
0.010614520276107441,LOW,APPROVE,0
0.00832711459093289,LOW,APPROVE,0
0.004721473158054384,LOW,APPROVE,0
0.005352890859119834,LOW,APPROVE,0
0.027859127192671237,LOW,APPROVE,0
0.002898769986868163,LOW,APPROVE,0
0.017075977197770906,LOW,APPROVE,0
0.03298997057747775,LOW,APPROVE,0
0.004940772062101861,LOW,APPROVE,0
0.0068651980490940685,LOW,APPROVE,0
0.7384197142084453,HIGH,BLOCK,1
0.008437155764642656,LOW,APPROVE,0
0.01404952026926109,LOW,APPROVE,0
0.025244779404571368,LOW,APPROVE,0
0.0037257322796199173,LOW,APPROVE,0
0.007865540234717548,LOW,APPROVE,0
0.008038491751823681,LOW,APPROVE,0
0.0017609074728959756,LOW,APPROVE,0
0.011895946227745077,LOW,APPROVE,0
0.020629996290059106,LOW,APPROVE,0
0.003118289647229203,LOW,APPROVE,0
0.027955314035698578,LOW,APPROVE,0
0.028569995345665792,LOW,APPROVE,0
0.016397144983885135,LOW,APPROVE,0
0.011356216780797512,LOW,APPROVE,0
0.006567240564419396,LOW,APPROVE,0
0.003514969699092769,LOW,APPROVE,0
0.007802062524467953,LOW,APPROVE,0
0.0013620425840964727,LOW,APPROVE,0
0.005134245600988567,LOW,APPROVE,0
0.002276088578421047,LOW,APPROVE,0
0.0027389213607598175,LOW,APPROVE,0
0.004831077659545513,LOW,APPROVE,0
0.007467741428536862,LOW,APPROVE,0
0.02678786803287703,LOW,APPROVE,0
0.006478875798219656,LOW,APPROVE,0
0.006895368941176408,LOW,APPROVE,0
0.006039037529161447,LOW,APPROVE,0
0.002865996671711698,LOW,APPROVE,0
0.008527936153510805,LOW,APPROVE,0
0.005906930092533088,LOW,APPROVE,0
0.002124418628637666,LOW,APPROVE,0
0.005893171193430088,LOW,APPROVE,0
0.006106038088954211,LOW,APPROVE,0
0.0013620425840964727,LOW,APPROVE,0
0.005551296732017097,LOW,APPROVE,0
0.00224037838118078,LOW,APPROVE,0
0.006806541403438959,LOW,APPROVE,0
0.006450372574591996,LOW,APPROVE,0
0.01814945152605241,LOW,APPROVE,0
0.008617048307227265,LOW,APPROVE,0
0.03382880601056965,LOW,APPROVE,0
0.008612119938112431,LOW,APPROVE,0
0.014125057259878523,LOW,APPROVE,0
0.007656289104639192,LOW,APPROVE,0
0.02397459477096545,LOW,APPROVE,0
0.023178276502296265,LOW,APPROVE,0
0.00632314287007923,LOW,APPROVE,0
0.0021049934098547897,LOW,APPROVE,0
0.02673003444596013,LOW,APPROVE,0
0.8561577555096044,HIGH,BLOCK,1
0.007823043213511882,LOW,APPROVE,0
0.004532916826438026,LOW,APPROVE,0
0.0076585746541552036,LOW,APPROVE,0
0.012201490545509211,LOW,APPROVE,0
0.0009543042668978424,LOW,APPROVE,0
0.017784728064913175,LOW,APPROVE,0
0.002361465712774258,LOW,APPROVE,0
0.01894663673687386,LOW,APPROVE,0
0.009469601089874408,LOW,APPROVE,0
0.004607363304129178,LOW,APPROVE,0
0.007916016005258604,LOW,APPROVE,0
0.005268926009341906,LOW,APPROVE,0
0.011950745394977817,LOW,APPROVE,0
0.0012416788515385105,LOW,APPROVE,0
0.016368870471499493,LOW,APPROVE,0
0.010638833254401911,LOW,APPROVE,0
0.010235595404657604,LOW,APPROVE,0
0.019055698613595698,LOW,APPROVE,0
0.026695775075500403,LOW,APPROVE,0
0.012334059119531109,LOW,APPROVE,0
0.004184579571637572,LOW,APPROVE,0
0.00513794010529069,LOW,APPROVE,0
0.005700978110852272,LOW,APPROVE,0
0.007643272302098682,LOW,APPROVE,0
0.004483849567744851,LOW,APPROVE,0
0.0036147341513930297,LOW,APPROVE,0
0.004633343068559816,LOW,APPROVE,0
0.0050454387428751375,LOW,APPROVE,0
0.0062965033698651465,LOW,APPROVE,0
0.007009136609491182,LOW,APPROVE,0
0.004191659311901733,LOW,APPROVE,0
0.015157844398050298,LOW,APPROVE,0
0.00047712787285496435,LOW,APPROVE,0
0.007422610839734501,LOW,APPROVE,0
0.01538733116138631,LOW,APPROVE,0
0.0036257445219473423,LOW,APPROVE,0
0.007316622176764447,LOW,APPROVE,0
0.01542360639390983,LOW,APPROVE,0
0.003502450363414307,LOW,APPROVE,0
0.010274716771766989,LOW,APPROVE,0
0.0049998658937919155,LOW,APPROVE,0
0.007024400593414886,LOW,APPROVE,0
0.02835326827153306,LOW,APPROVE,0
0.0019698565007451943,LOW,APPROVE,0
0.013714033823694391,LOW,APPROVE,0
0.0110740448095821,LOW,APPROVE,0
0.021101629140639903,LOW,APPROVE,0
0.02312905664854692,LOW,APPROVE,0
0.003290784829986982,LOW,APPROVE,0
0.009105865488218661,LOW,APPROVE,0
0.027013713662882143,LOW,APPROVE,0
0.0018212067095593676,LOW,APPROVE,0
0.004142242674216067,LOW,APPROVE,0
0.012695216650753923,LOW,APPROVE,0
0.002581899486302481,LOW,APPROVE,0
0.007507074302787936,LOW,APPROVE,0
0.00411603246551984,LOW,APPROVE,0
0.008784060669523636,LOW,APPROVE,0
0.01008164997038922,LOW,APPROVE,0
0.03557277723029448,LOW,APPROVE,0
0.009634171272964917,LOW,APPROVE,0
0.0040948671993181075,LOW,APPROVE,0
0.011970337311388796,LOW,APPROVE,0
0.00808836374967332,LOW,APPROVE,0
0.03906284981325688,LOW,APPROVE,0
0.002922578555215738,LOW,APPROVE,0
0.01088549019330482,LOW,APPROVE,0
0.004967298183024562,LOW,APPROVE,0
0.008237869848650867,LOW,APPROVE,0
0.0051013344041002705,LOW,APPROVE,0
0.0016767617352328728,LOW,APPROVE,0
0.007055890917238776,LOW,APPROVE,0
0.0012086230077246018,LOW,APPROVE,0
0.007455960049289568,LOW,APPROVE,0
0.03590862604703623,LOW,APPROVE,1
0.004386344266741281,LOW,APPROVE,0
0.011102268197172093,LOW,APPROVE,0
0.004257309579342736,LOW,APPROVE,0
0.007557851611091815,LOW,APPROVE,0
0.0231740090342863,LOW,APPROVE,0
0.004507808701227475,LOW,APPROVE,0
0.004364342268631598,LOW,APPROVE,0
0.02271339229509755,LOW,APPROVE,0
0.0008263159584949828,LOW,APPROVE,0
0.006258793766713455,LOW,APPROVE,0
0.0077325159955264995,LOW,APPROVE,0
0.0031427051103699167,LOW,APPROVE,0
0.003845642045036285,LOW,APPROVE,0
0.013537975542478167,LOW,APPROVE,0
0.003012520538726098,LOW,APPROVE,0
0.0048043282399676075,LOW,APPROVE,0
0.008586883500213619,LOW,APPROVE,0
0.002528338340759711,LOW,APPROVE,0
0.016853570850001588,LOW,APPROVE,0
0.0007294474317760352,LOW,APPROVE,0
0.004217538232570302,LOW,APPROVE,0
0.006524766082054251,LOW,APPROVE,0
0.002528338340759711,LOW,APPROVE,0
0.02238757355378915,LOW,APPROVE,0
0.0013124764462618085,LOW,APPROVE,0
0.0027134851698344792,LOW,APPROVE,0
0.028379408488522113,LOW,APPROVE,0
0.03520479503755671,LOW,APPROVE,0
0.29393227146603007,MEDIUM,REVIEW,1
0.008328969061239432,LOW,APPROVE,0
0.020467314414369907,LOW,APPROVE,0
0.0032929654214901454,LOW,APPROVE,0
0.01956720237600578,LOW,APPROVE,0
0.0049697413040854736,LOW,APPROVE,0
0.0050929834488328855,LOW,APPROVE,0
0.028284177993201425,LOW,APPROVE,0
0.007427285733104074,LOW,APPROVE,0
0.013012690496921456,LOW,APPROVE,0
0.004053799593556519,LOW,APPROVE,0
0.018802206881673656,LOW,APPROVE,0
0.003845642045036285,LOW,APPROVE,0
0.020404009415990042,LOW,APPROVE,0
0.028674903396705774,LOW,APPROVE,0
0.0038512241408116743,LOW,APPROVE,0
0.0028772070027644147,LOW,APPROVE,0
0.0014588461325966398,LOW,APPROVE,0
0.011223463236962853,LOW,APPROVE,0
0.0013429462983045469,LOW,APPROVE,0
0.004333804929843546,LOW,APPROVE,0
0.020044666268188474,LOW,APPROVE,0
0.0054941017560357925,LOW,APPROVE,0
0.03582074140055602,LOW,APPROVE,0
0.006420244633391213,LOW,APPROVE,0
0.003206424617024312,LOW,APPROVE,0
0.002385209601147246,LOW,APPROVE,0
0.005259144026294081,LOW,APPROVE,0
0.008613521791819257,LOW,APPROVE,0
0.014783489296466288,LOW,APPROVE,0
0.13939472651327978,MEDIUM,REVIEW,0
0.004332339350938044,LOW,APPROVE,0
0.01819393374003207,LOW,APPROVE,0
0.0326138214402604,LOW,APPROVE,0
0.005373846440162831,LOW,APPROVE,0
0.0031693700246642736,LOW,APPROVE,0
0.002900192079583738,LOW,APPROVE,0
0.0033297962308646723,LOW,APPROVE,0
0.0037877448044385184,LOW,APPROVE,0
0.005146930199700521,LOW,APPROVE,0
0.0034817589950439207,LOW,APPROVE,0
0.011189413101126344,LOW,APPROVE,0
0.0744573132243379,LOW,APPROVE,0
0.0026183430101854167,LOW,APPROVE,0
0.011003136761419317,LOW,APPROVE,0
0.015842775924304605,LOW,APPROVE,0
0.016652298311276438,LOW,APPROVE,0
0.007909908528342577,LOW,APPROVE,0
0.005057831271434145,LOW,APPROVE,0
0.00418448359842887,LOW,APPROVE,0
0.038425877904099695,LOW,APPROVE,0
0.0034817589950439207,LOW,APPROVE,0
0.0035962396585223822,LOW,APPROVE,0
0.02836323928953372,LOW,APPROVE,0
0.015041690070715303,LOW,APPROVE,0
0.0023241402607196565,LOW,APPROVE,0
0.004674201391788692,LOW,APPROVE,0
0.0028216016940816302,LOW,APPROVE,0
0.0009216229714947578,LOW,APPROVE,0
0.012831121402160963,LOW,APPROVE,0
0.011994929495178646,LOW,APPROVE,0
0.01805988798736517,LOW,APPROVE,0
0.0027276889811273983,LOW,APPROVE,0
0.02354609740894592,LOW,APPROVE,0
0.009921958364670863,LOW,APPROVE,0
0.006193104682092921,LOW,APPROVE,0
0.0006044382227010815,LOW,APPROVE,0
0.016426583761039053,LOW,APPROVE,0
0.027179352903039584,LOW,APPROVE,0
0.003927701880598793,LOW,APPROVE,0
0.009669775725338217,LOW,APPROVE,0
0.0015162356667342738,LOW,APPROVE,0
0.004579985446871031,LOW,APPROVE,0
0.0016640092093253085,LOW,APPROVE,0
0.0076396467242338265,LOW,APPROVE,0
0.007783145545797265,LOW,APPROVE,0
0.03739289600138638,LOW,APPROVE,0
0.0026175807600691513,LOW,APPROVE,0
0.004214719799055617,LOW,APPROVE,0
0.0016640092093253085,LOW,APPROVE,0
0.004981449316259909,LOW,APPROVE,0
0.01728887770244129,LOW,APPROVE,0
0.0045944494641832,LOW,APPROVE,0
0.0012940155677877165,LOW,APPROVE,0
0.002666189421883291,LOW,APPROVE,0
0.0016941443815476596,LOW,APPROVE,0
0.0031480475236373194,LOW,APPROVE,0
0.0014657563461889897,LOW,APPROVE,0
0.0033421093388771132,LOW,APPROVE,0
0.006383235333968105,LOW,APPROVE,0
0.0031480475236373194,LOW,APPROVE,0
0.003096609555458289,LOW,APPROVE,0
0.04495713698577669,LOW,APPROVE,0
0.0033297962308646723,LOW,APPROVE,0
0.009713316416863996,LOW,APPROVE,0
0.0018822155818893752,LOW,APPROVE,0
0.0016640092093253085,LOW,APPROVE,0
0.005027590901326614,LOW,APPROVE,0
0.002345148016200792,LOW,APPROVE,0
0.0038514665157542913,LOW,APPROVE,0
0.004950921903071671,LOW,APPROVE,0
0.004450122245197864,LOW,APPROVE,0
0.012684034539753865,LOW,APPROVE,0
0.005807163680329601,LOW,APPROVE,0
0.03136666031781163,LOW,APPROVE,0
0.0037953620004489833,LOW,APPROVE,0
0.003343424116985237,LOW,APPROVE,0
0.015379641600103633,LOW,APPROVE,0
0.006296798332480831,LOW,APPROVE,0
0.011731113575571626,LOW,APPROVE,0
0.008675223648277336,LOW,APPROVE,0
0.0011189673407643909,LOW,APPROVE,0
0.010971681004704501,LOW,APPROVE,0
0.015870652260332824,LOW,APPROVE,0
0.0015517870479671875,LOW,APPROVE,0
0.0067086755135078,LOW,APPROVE,0
0.0011189673407643909,LOW,APPROVE,0
0.004263832820031685,LOW,APPROVE,0
0.003628340158248998,LOW,APPROVE,0
0.006334346438214693,LOW,APPROVE,0
0.0015725728860484913,LOW,APPROVE,0
0.004079376126854053,LOW,APPROVE,0
0.01724381340663219,LOW,APPROVE,0
0.0047680145313604904,LOW,APPROVE,0
0.0315148643520722,LOW,APPROVE,0
0.008410435446750134,LOW,APPROVE,0
0.02640688276033986,LOW,APPROVE,0
0.001229011498638302,LOW,APPROVE,0
0.001749511478901321,LOW,APPROVE,0
0.010189540645044627,LOW,APPROVE,0
0.0047680145313604904,LOW,APPROVE,0
0.010150492728760802,LOW,APPROVE,0
0.0061221242997796235,LOW,APPROVE,0
0.005948796006493115,LOW,APPROVE,0
0.011574043032285231,LOW,APPROVE,0
0.005050378015919701,LOW,APPROVE,0
0.014211756182057009,LOW,APPROVE,0
0.00879630786100973,LOW,APPROVE,0
0.011925259044986258,LOW,APPROVE,0
0.015606267936870736,LOW,APPROVE,0
0.03082922981950255,LOW,APPROVE,0
0.018519164805624395,LOW,APPROVE,0
0.003464072406165103,LOW,APPROVE,0
0.004762604677987438,LOW,APPROVE,0
0.005885840296163298,LOW,APPROVE,0
0.002908645009323342,LOW,APPROVE,0
0.08976003116470876,LOW,APPROVE,0
0.006599031077201423,LOW,APPROVE,0
0.004569770026556738,LOW,APPROVE,0
0.0010784243613330823,LOW,APPROVE,0
0.0029581486625729608,LOW,APPROVE,0
0.01545695677236311,LOW,APPROVE,0
0.0015078203477424037,LOW,APPROVE,0
0.012165978537505173,LOW,APPROVE,0
0.021564977746185446,LOW,APPROVE,0
0.014473189610232463,LOW,APPROVE,0
0.022900902879417383,LOW,APPROVE,1
0.023347687369644498,LOW,APPROVE,0
0.006319461924745792,LOW,APPROVE,0
0.0028862275962808284,LOW,APPROVE,0
0.004297267890984108,LOW,APPROVE,0
0.003756900603706551,LOW,APPROVE,0
0.003628340158248998,LOW,APPROVE,0
0.002292260256942717,LOW,APPROVE,0
0.07625638675327819,LOW,APPROVE,0
0.011238265178045583,LOW,APPROVE,0
0.0009893788333058206,LOW,APPROVE,0
0.009117910139569196,LOW,APPROVE,0
0.0038446352959891857,LOW,APPROVE,0
0.009036302975992234,LOW,APPROVE,0
0.01404195234248089,LOW,APPROVE,0
0.005175095527492391,LOW,APPROVE,0
0.025136706135510233,LOW,APPROVE,0
0.003086637506354161,LOW,APPROVE,0
0.005700316744999038,LOW,APPROVE,0
0.008539594101564543,LOW,APPROVE,0
0.0017186405861273717,LOW,APPROVE,0
0.0192082493203508,LOW,APPROVE,0
0.0335326803914788,LOW,APPROVE,0
0.0009642692958426858,LOW,APPROVE,0
0.016930693850926704,LOW,APPROVE,0
0.007890829921580873,LOW,APPROVE,0
0.0015256689339416894,LOW,APPROVE,0
0.005014761783987956,LOW,APPROVE,0
0.0034088529041828115,LOW,APPROVE,0
0.0002861451050380878,LOW,APPROVE,0
0.0032045897503661463,LOW,APPROVE,0
0.0029334699128966183,LOW,APPROVE,0
0.01757508038836763,LOW,APPROVE,0
0.020335899138190856,LOW,APPROVE,0
0.00586486238718342,LOW,APPROVE,0
0.0070067886537221995,LOW,APPROVE,0
0.0037687359246756274,LOW,APPROVE,0
0.049102446731782906,LOW,APPROVE,0
0.00663989763547387,LOW,APPROVE,0
0.013106044620801708,LOW,APPROVE,0
0.019110848801744164,LOW,APPROVE,1
0.003791231009111816,LOW,APPROVE,0
0.0048785816704540914,LOW,APPROVE,0
0.0754066344251058,LOW,APPROVE,0
0.04497922382350148,LOW,APPROVE,1
0.015731031384987246,LOW,APPROVE,0
0.007175559396625592,LOW,APPROVE,0
0.005053316778322705,LOW,APPROVE,0
0.04001602426037495,LOW,APPROVE,0
0.0035860798479079303,LOW,APPROVE,0
0.015281294954543423,LOW,APPROVE,0
0.02180586662310986,LOW,APPROVE,0
0.0027944383800871313,LOW,APPROVE,0
0.023665623510834146,LOW,APPROVE,1
0.0018018198408588989,LOW,APPROVE,0
0.01051327721192851,LOW,APPROVE,0
0.003718883431283437,LOW,APPROVE,0
0.26582547313844057,MEDIUM,REVIEW,0
0.022348560672330382,LOW,APPROVE,0
0.0027440189599153017,LOW,APPROVE,0
0.009292777838792966,LOW,APPROVE,0
0.007859475005610073,LOW,APPROVE,0
0.021010225839961847,LOW,APPROVE,0
0.003923651144980748,LOW,APPROVE,0
0.00431994695009001,LOW,APPROVE,0
0.03915947669003583,LOW,APPROVE,0
0.001820592021848427,LOW,APPROVE,0
0.006194055076981721,LOW,APPROVE,0
0.015250449694584868,LOW,APPROVE,0
0.014147576696349962,LOW,APPROVE,0
0.03492826398289462,LOW,APPROVE,0
0.0010056965877675403,LOW,APPROVE,0
0.001483902016841938,LOW,APPROVE,0
0.0012147977113003928,LOW,APPROVE,0
0.026279534927203693,LOW,APPROVE,0
0.008898537980717693,LOW,APPROVE,0
0.005012588686262965,LOW,APPROVE,0
0.09796751196496514,LOW,APPROVE,0
0.0070820936129096165,LOW,APPROVE,0
0.002879030044335805,LOW,APPROVE,0
0.0015015339648599216,LOW,APPROVE,0
0.004247429490270217,LOW,APPROVE,0
0.0020035119279223994,LOW,APPROVE,0
0.024434863737193033,LOW,APPROVE,0
0.09527419694421561,LOW,APPROVE,1
0.00989601971444523,LOW,APPROVE,0
0.036597352239465246,LOW,APPROVE,0
0.0020391510508608124,LOW,APPROVE,0
0.0027106623642873854,LOW,APPROVE,0
0.10047121034255514,MEDIUM,REVIEW,1
0.005946550516509182,LOW,APPROVE,0
0.0027417552532140424,LOW,APPROVE,0
0.003298144139923076,LOW,APPROVE,0
0.01808887914554703,LOW,APPROVE,0
0.019584735031697564,LOW,APPROVE,0
0.0021183979916121034,LOW,APPROVE,0
0.002819235464676455,LOW,APPROVE,0
0.002879030044335805,LOW,APPROVE,0
0.014971499023649472,LOW,APPROVE,0
0.004617889948822354,LOW,APPROVE,0
0.0061698854010825595,LOW,APPROVE,0
0.0031861285326382767,LOW,APPROVE,0
0.0036858503456599022,LOW,APPROVE,0
0.014577393077639998,LOW,APPROVE,1
0.029458289860381962,LOW,APPROVE,0
0.0061697671159996964,LOW,APPROVE,0
0.002298914107988714,LOW,APPROVE,0
0.0020400086293919867,LOW,APPROVE,0
0.04101121814936263,LOW,APPROVE,0
0.00579816343333154,LOW,APPROVE,0
0.006637797312267011,LOW,APPROVE,0
0.007236993925016382,LOW,APPROVE,0
0.07648226923542908,LOW,APPROVE,0
0.011976852582097363,LOW,APPROVE,0
0.006671038191516465,LOW,APPROVE,0
0.014801841960278804,LOW,APPROVE,0
0.014469119729937871,LOW,APPROVE,0
0.0017819982649699975,LOW,APPROVE,0
0.02168128373797681,LOW,APPROVE,0
0.0034088529041828115,LOW,APPROVE,0
0.00405865529849055,LOW,APPROVE,0
0.021112452966342485,LOW,APPROVE,0
0.006303072101760932,LOW,APPROVE,0
0.008679147103439219,LOW,APPROVE,0
0.003394345941804177,LOW,APPROVE,0
0.0018471067168945646,LOW,APPROVE,0
0.005547986584789586,LOW,APPROVE,0
0.013514012777456334,LOW,APPROVE,0
0.002705471691008272,LOW,APPROVE,0
0.015182021897750482,LOW,APPROVE,0
0.004592519466920391,LOW,APPROVE,0
0.016228185118253958,LOW,APPROVE,0
0.007586397170885315,LOW,APPROVE,0
0.004897044886415371,LOW,APPROVE,0
0.010273225641143788,LOW,APPROVE,0
0.006354231016324948,LOW,APPROVE,0
0.007266667067273707,LOW,APPROVE,0
0.003003362404938508,LOW,APPROVE,0
0.016228185118253958,LOW,APPROVE,0
0.003663626849398758,LOW,APPROVE,0
0.006557430722328488,LOW,APPROVE,0
0.004076773437095538,LOW,APPROVE,0
0.001930609080500719,LOW,APPROVE,0
0.02003791393329467,LOW,APPROVE,0
0.01141548072658249,LOW,APPROVE,0
0.2756979163885635,MEDIUM,REVIEW,1
0.0019243217014717556,LOW,APPROVE,0
0.015298341103207738,LOW,APPROVE,0
0.003839215184110817,LOW,APPROVE,0
0.01790541394406794,LOW,APPROVE,0
0.006692475131808609,LOW,APPROVE,0
0.007347473169165141,LOW,APPROVE,0
0.008375613583910292,LOW,APPROVE,0
0.003627970942064631,LOW,APPROVE,0
0.0018265792282385,LOW,APPROVE,0
0.006365324352957975,LOW,APPROVE,0
0.010480379989599959,LOW,APPROVE,0
0.10278023256022646,MEDIUM,REVIEW,0
0.008767728569502942,LOW,APPROVE,0
0.004873272364797899,LOW,APPROVE,0
0.007506230142810033,LOW,APPROVE,0
0.006187266097809457,LOW,APPROVE,0
0.009211758371550539,LOW,APPROVE,0
0.015348554255502628,LOW,APPROVE,0
0.0019019290093531388,LOW,APPROVE,0
0.08442882739802243,LOW,APPROVE,0
0.0018170816295204186,LOW,APPROVE,0
0.008333500310051582,LOW,APPROVE,0
0.005071393627221657,LOW,APPROVE,1
0.0036082049976003524,LOW,APPROVE,0
0.021856833568887676,LOW,APPROVE,0
0.03544455059499057,LOW,APPROVE,0
0.013146277061791879,LOW,APPROVE,0
0.006820288262215779,LOW,APPROVE,0
0.0021629727448410838,LOW,APPROVE,0
0.003373722139219043,LOW,APPROVE,0
0.0075147694179471675,LOW,APPROVE,0
0.004322398174182565,LOW,APPROVE,0
0.007358503162308084,LOW,APPROVE,0
0.0026563278107114814,LOW,APPROVE,0
0.005468846668915752,LOW,APPROVE,0
0.00984970876914246,LOW,APPROVE,1
0.0077010569435609025,LOW,APPROVE,0
0.0076686544776459545,LOW,APPROVE,0
0.0037727799738355742,LOW,APPROVE,0
0.0354398739103719,LOW,APPROVE,0
0.010609712966200268,LOW,APPROVE,0
0.004066938561605968,LOW,APPROVE,0
0.009685481877383334,LOW,APPROVE,0
0.0077640983178323,LOW,APPROVE,0
0.010993223494055931,LOW,APPROVE,0
0.012007778989923966,LOW,APPROVE,0
0.057220155888176034,LOW,APPROVE,0
0.004724810121253882,LOW,APPROVE,0
0.0060812620580141825,LOW,APPROVE,0
0.002734855791934048,LOW,APPROVE,0
0.009475496950046153,LOW,APPROVE,0
0.00031101586882782906,LOW,APPROVE,0
0.003022990674245497,LOW,APPROVE,0
0.004760547042205279,LOW,APPROVE,0
0.0055021307952141975,LOW,APPROVE,0
0.010982075149063159,LOW,APPROVE,0
0.24543091615468432,MEDIUM,REVIEW,0
0.0012765851074631994,LOW,APPROVE,0
0.0058240708138732784,LOW,APPROVE,0
0.0012544134100512664,LOW,APPROVE,0
0.007575082170514949,LOW,APPROVE,0
0.0023142750633276376,LOW,APPROVE,0
0.024954555664248427,LOW,APPROVE,0
0.008878160963105394,LOW,APPROVE,0
0.0763880544988003,LOW,APPROVE,0
0.006226404623354984,LOW,APPROVE,0
0.0071732683455777374,LOW,APPROVE,0
0.00795522366670932,LOW,APPROVE,0
0.008956260847998642,LOW,APPROVE,0
0.27955165774917695,MEDIUM,REVIEW,0
0.01430305781251908,LOW,APPROVE,0
0.009020815208528182,LOW,APPROVE,0
0.003982155772324753,LOW,APPROVE,0
0.016314761692434218,LOW,APPROVE,0
0.025698228134246,LOW,APPROVE,0
0.0018858273013740022,LOW,APPROVE,0
0.029075524642682593,LOW,APPROVE,0
0.006221408677910704,LOW,APPROVE,0
0.0021065186422208606,LOW,APPROVE,0
0.004649726830994058,LOW,APPROVE,0
0.002181448051275245,LOW,APPROVE,0
0.004791362389048152,LOW,APPROVE,0
0.013766734164495842,LOW,APPROVE,0
0.0013409532659962046,LOW,APPROVE,0
0.009354377776108902,LOW,APPROVE,0
0.005936756181062836,LOW,APPROVE,0
0.0046596794958679,LOW,APPROVE,0
0.004604734339634205,LOW,APPROVE,0
0.0031441351194818937,LOW,APPROVE,0
0.0036214031693804047,LOW,APPROVE,0
0.025698228134246,LOW,APPROVE,0
0.024548280665229325,LOW,APPROVE,0
0.007943712252570859,LOW,APPROVE,0
0.002024725651451237,LOW,APPROVE,0
0.0048598034153467225,LOW,APPROVE,0
0.004939910378910684,LOW,APPROVE,0
0.006740188860663855,LOW,APPROVE,0
0.016701602372827636,LOW,APPROVE,0
0.010909076626656798,LOW,APPROVE,0
0.03230945511660164,LOW,APPROVE,0
0.009463277153610443,LOW,APPROVE,0
0.0019475326784009308,LOW,APPROVE,0
0.008349215986448881,LOW,APPROVE,0
0.002466958914230862,LOW,APPROVE,0
0.007166021965405071,LOW,APPROVE,0
0.008760906480045155,LOW,APPROVE,0
0.006882623836287939,LOW,APPROVE,0
0.011526573593076251,LOW,APPROVE,0
0.0006430589704683721,LOW,APPROVE,0
0.08613855508186881,LOW,APPROVE,0
0.002466958914230862,LOW,APPROVE,0
0.0037293441344658563,LOW,APPROVE,0
0.02783129198916354,LOW,APPROVE,0
0.008483297313131799,LOW,APPROVE,0
0.0026780734800226323,LOW,APPROVE,0
0.008864830907977862,LOW,APPROVE,0
0.014863639455139613,LOW,APPROVE,0
0.020959314230072114,LOW,APPROVE,0
0.0006430589704683721,LOW,APPROVE,0
0.0010670482623398444,LOW,APPROVE,0
0.07258738380642824,LOW,APPROVE,0
0.012367065981591017,LOW,APPROVE,0
0.0034700976077352446,LOW,APPROVE,0
0.004866650626676727,LOW,APPROVE,0
0.0208918586537262,LOW,APPROVE,0
0.011801084451779966,LOW,APPROVE,0
0.005052838663582404,LOW,APPROVE,0
0.042745433486757634,LOW,APPROVE,0
0.008537476189424487,LOW,APPROVE,0
0.09053057577628007,LOW,APPROVE,0
0.04516590459244396,LOW,APPROVE,0
0.004232718133135514,LOW,APPROVE,0
0.010718936010521908,LOW,APPROVE,0
0.0015877302452742804,LOW,APPROVE,0
0.0030055171881297996,LOW,APPROVE,0
0.003108310764482099,LOW,APPROVE,0
0.0031029636452398037,LOW,APPROVE,0
0.04516590459244396,LOW,APPROVE,0
0.01289929741536923,LOW,APPROVE,0
0.009341235860651874,LOW,APPROVE,0
0.026811677527621508,LOW,APPROVE,0
0.004787279334541502,LOW,APPROVE,0
0.0075145809702986035,LOW,APPROVE,0
0.0029363889795281256,LOW,APPROVE,0
0.00413172871213634,LOW,APPROVE,0
0.001956773921103891,LOW,APPROVE,0
0.0009439779316205737,LOW,APPROVE,0
0.003407077792355438,LOW,APPROVE,0
0.029638606998064043,LOW,APPROVE,0
0.0006430589704683721,LOW,APPROVE,0
0.0004054473152013455,LOW,APPROVE,0
0.0074496904039885485,LOW,APPROVE,0
0.02958985992338371,LOW,APPROVE,0
0.004286275542931452,LOW,APPROVE,0
0.020550861548405137,LOW,APPROVE,0
0.007167155580397647,LOW,APPROVE,0
0.009594424853942905,LOW,APPROVE,0
0.024837349831683137,LOW,APPROVE,0
0.004125570821586416,LOW,APPROVE,0
0.002271903147957998,LOW,APPROVE,0
0.020087498357235965,LOW,APPROVE,0
0.007704390937199247,LOW,APPROVE,0
0.02249192977243316,LOW,APPROVE,0
0.003792095325783143,LOW,APPROVE,0
0.004489485926273023,LOW,APPROVE,0
0.005471024564084726,LOW,APPROVE,0
0.025663128413094125,LOW,APPROVE,0
0.03449772987649273,LOW,APPROVE,0
0.016368963668377486,LOW,APPROVE,0
0.0029363889795281256,LOW,APPROVE,0
0.006783087783734684,LOW,APPROVE,0
0.00869042931393652,LOW,APPROVE,0
0.029045589773807896,LOW,APPROVE,0
0.0006430589704683721,LOW,APPROVE,0
0.007907900336038304,LOW,APPROVE,0
0.01971726523408823,LOW,APPROVE,0
0.0097141976034173,LOW,APPROVE,0
0.0042160944813772775,LOW,APPROVE,0
0.0033041535829052503,LOW,APPROVE,0
0.0012131590818664406,LOW,APPROVE,0
0.003114765615788946,LOW,APPROVE,0
0.004243834050589705,LOW,APPROVE,0
0.001789416778919565,LOW,APPROVE,0
0.0017877798100742297,LOW,APPROVE,0
0.003295804338806521,LOW,APPROVE,0
0.004088980236120478,LOW,APPROVE,0
0.0021337306557473053,LOW,APPROVE,0
0.0029363889795281256,LOW,APPROVE,0
0.00046860151233615925,LOW,APPROVE,0
0.004458651030432353,LOW,APPROVE,0
0.006783087783734684,LOW,APPROVE,0
0.015133133844941832,LOW,APPROVE,0
0.010475864565486626,LOW,APPROVE,0
0.010648635588022148,LOW,APPROVE,0
0.007104577102339957,LOW,APPROVE,0
0.008440681132116105,LOW,APPROVE,0
0.012057332249324173,LOW,APPROVE,0
0.038228911042868116,LOW,APPROVE,0
0.013759916114465568,LOW,APPROVE,0
0.014795977007868636,LOW,APPROVE,0
0.0011881168838763397,LOW,APPROVE,0
0.0025416105681418883,LOW,APPROVE,0
0.0008277087599652947,LOW,APPROVE,0
0.004649726830994058,LOW,APPROVE,0
0.012629407487876955,LOW,APPROVE,0
0.00825307129363521,LOW,APPROVE,0
0.03146564623560743,LOW,APPROVE,0
0.0015831993299326472,LOW,APPROVE,0
0.03633219024731131,LOW,APPROVE,0
0.002661115622881105,LOW,APPROVE,0
0.038530023168096,LOW,APPROVE,0
0.004066938561605968,LOW,APPROVE,0
0.0008277087599652947,LOW,APPROVE,0
0.02104138893768698,LOW,APPROVE,0
0.04991684589550271,LOW,APPROVE,0
0.028158821901992318,LOW,APPROVE,0
0.00078285761319487,LOW,APPROVE,0
0.02465531066544912,LOW,APPROVE,0
0.00797780982180529,LOW,APPROVE,0
0.004969300613662482,LOW,APPROVE,0
0.045465077117507566,LOW,APPROVE,0
0.009934702396355176,LOW,APPROVE,0
0.010312297316192246,LOW,APPROVE,0
0.01864376253666946,LOW,APPROVE,0
0.019706172488431505,LOW,APPROVE,0
0.003529288657128784,LOW,APPROVE,0
0.003123185095302714,LOW,APPROVE,0
0.003574974717534451,LOW,APPROVE,0
0.0020591192770873356,LOW,APPROVE,0
0.03132006250558706,LOW,APPROVE,0
0.04272059407619393,LOW,APPROVE,0
0.004749037480963363,LOW,APPROVE,0
0.004185124074518562,LOW,APPROVE,0
0.001169556051023437,LOW,APPROVE,0
0.0014723278993575123,LOW,APPROVE,0
0.001642041528535231,LOW,APPROVE,0
0.0010214987531094388,LOW,APPROVE,0
0.004264338807798391,LOW,APPROVE,0
0.020664211328690184,LOW,APPROVE,0
0.0438734951954603,LOW,APPROVE,0
0.020490179539665018,LOW,APPROVE,0
0.0017066395246467905,LOW,APPROVE,0
0.0016910098353817259,LOW,APPROVE,0
0.003314656799019221,LOW,APPROVE,0
0.0066048602073784215,LOW,APPROVE,0
0.010519090797976126,LOW,APPROVE,0
0.008539124269711689,LOW,APPROVE,0
0.005141652461302075,LOW,APPROVE,0
0.004562183035992289,LOW,APPROVE,0
0.015086986358772501,LOW,APPROVE,0
0.009427418375560055,LOW,APPROVE,0
0.001574785368314151,LOW,APPROVE,0
0.013855477313447698,LOW,APPROVE,0
0.0023035665847184147,LOW,APPROVE,0
0.04072405669455962,LOW,APPROVE,0
0.017429793807700815,LOW,APPROVE,0
0.01114604119598595,LOW,APPROVE,0
0.010825512240054116,LOW,APPROVE,0
0.0019396922806360903,LOW,APPROVE,0
0.008400503841780987,LOW,APPROVE,0
0.04072405669455962,LOW,APPROVE,0
0.011171715028665775,LOW,APPROVE,0
0.0010721097353615671,LOW,APPROVE,0
0.013471186459491143,LOW,APPROVE,0
0.0028964199003030434,LOW,APPROVE,0
0.0035606773812709527,LOW,APPROVE,0
0.022094963785468498,LOW,APPROVE,0
0.0026667162769915924,LOW,APPROVE,0
0.0028964199003030434,LOW,APPROVE,0
0.004289262976688541,LOW,APPROVE,0
0.0039714322101799425,LOW,APPROVE,0
0.02807107210045843,LOW,APPROVE,0
0.004919418402782208,LOW,APPROVE,0
0.0028964199003030434,LOW,APPROVE,0
0.0040334270610758805,LOW,APPROVE,0
0.0014027226284650401,LOW,APPROVE,0
0.02157847925631588,LOW,APPROVE,0
0.005342750488809911,LOW,APPROVE,0
0.009537621607948283,LOW,APPROVE,0
0.0056804001350238345,LOW,APPROVE,0
0.03641325945413407,LOW,APPROVE,0
0.010273677518035337,LOW,APPROVE,0
0.020447953953246997,LOW,APPROVE,0
0.0042385523979884135,LOW,APPROVE,0
0.004073679698240549,LOW,APPROVE,0
0.027154178059639635,LOW,APPROVE,0
0.0040334270610758805,LOW,APPROVE,0
0.017162737642267473,LOW,APPROVE,0
0.001703188308487888,LOW,APPROVE,0
0.02258335291687105,LOW,APPROVE,0
0.01029839275573777,LOW,APPROVE,0
0.0020430406022682646,LOW,APPROVE,0
0.00850911520040024,LOW,APPROVE,0
0.0768087348549255,LOW,APPROVE,0
0.012490371061479268,LOW,APPROVE,0
0.008075888039952552,LOW,APPROVE,0
0.0031482021778165897,LOW,APPROVE,0
0.0028061313774452694,LOW,APPROVE,0
0.01230287194824882,LOW,APPROVE,0
0.013593868115262532,LOW,APPROVE,0
0.01985456680514753,LOW,APPROVE,0
0.0022512738583787065,LOW,APPROVE,0
0.025026382863131028,LOW,APPROVE,0
0.01089891458084502,LOW,APPROVE,0
0.016854966338324655,LOW,APPROVE,0
0.014179727453745976,LOW,APPROVE,0
0.0008329975751677762,LOW,APPROVE,0
0.011563903283444789,LOW,APPROVE,0
0.011268296603350521,LOW,APPROVE,0
0.004506928904870779,LOW,APPROVE,0
0.027702540849891988,LOW,APPROVE,0
0.01230287194824882,LOW,APPROVE,0
0.0031687607032779134,LOW,APPROVE,0
0.0026068752642827266,LOW,APPROVE,0
0.006838226426423386,LOW,APPROVE,0
0.030961867956343807,LOW,APPROVE,0
0.0019272743782370563,LOW,APPROVE,0
0.0019719925706113287,LOW,APPROVE,0
0.010486872776203653,LOW,APPROVE,0
0.0856160090250846,LOW,APPROVE,0
0.002243236625824789,LOW,APPROVE,0
0.005972253592144154,LOW,APPROVE,0
0.0027707974458894263,LOW,APPROVE,0
0.040891621250089404,LOW,APPROVE,0
0.0019970647828837966,LOW,APPROVE,0
0.05109533138664563,LOW,APPROVE,0
0.08122124541793332,LOW,APPROVE,0
0.015122409008839913,LOW,APPROVE,0
0.007126721698582921,LOW,APPROVE,0
0.01230287194824882,LOW,APPROVE,0
0.031975683763261056,LOW,APPROVE,0
0.0027707974458894263,LOW,APPROVE,0
0.025191490964439595,LOW,APPROVE,0
0.004911378692670007,LOW,APPROVE,0
0.037105823326468626,LOW,APPROVE,0
0.005288312732886236,LOW,APPROVE,0
0.05232739130636423,LOW,APPROVE,0
0.0040334270610758805,LOW,APPROVE,0
0.0027707974458894263,LOW,APPROVE,0
0.008429671974708284,LOW,APPROVE,0
0.0027412633074698823,LOW,APPROVE,0
0.007565811059956713,LOW,APPROVE,0
0.0071390377899758295,LOW,APPROVE,0
0.01605698996101864,LOW,APPROVE,0
0.06500064197734376,LOW,APPROVE,0
0.06506181754550464,LOW,APPROVE,0
0.005651735387409906,LOW,APPROVE,0
0.008695976502667293,LOW,APPROVE,0
0.003614086941495925,LOW,APPROVE,0
0.004715965578725579,LOW,APPROVE,0
0.002466050188383873,LOW,APPROVE,0
0.003136356880271861,LOW,APPROVE,0
0.004645485789553145,LOW,APPROVE,0
0.004298931182215885,LOW,APPROVE,0
0.00458814032586697,LOW,APPROVE,0
0.004567159937833689,LOW,APPROVE,0
0.008216992636464467,LOW,APPROVE,0
0.004232552215228698,LOW,APPROVE,0
0.006531813588826566,LOW,APPROVE,0
0.0030752995656949706,LOW,APPROVE,0
0.008902093419687162,LOW,APPROVE,0
0.002731872383818623,LOW,APPROVE,0
0.0016593434030898104,LOW,APPROVE,0
0.009325905504133055,LOW,APPROVE,0
0.004415828710375091,LOW,APPROVE,0
0.0028396944116080625,LOW,APPROVE,0
0.023851537624042105,LOW,APPROVE,1
0.01796539366320982,LOW,APPROVE,0
0.281752408362049,MEDIUM,REVIEW,0
0.06283395996825125,LOW,APPROVE,0
0.005445747343572687,LOW,APPROVE,0
0.023851537624042105,LOW,APPROVE,1
0.0187605947344756,LOW,APPROVE,0
0.0036405111082945495,LOW,APPROVE,0
0.005304694463564762,LOW,APPROVE,0
0.569438693867982,HIGH,BLOCK,1
0.0018560320110312363,LOW,APPROVE,0
0.003937671924201624,LOW,APPROVE,0
0.0002010593953888746,LOW,APPROVE,0
0.023851537624042105,LOW,APPROVE,1
0.0011528540254217784,LOW,APPROVE,0
0.00431367180179309,LOW,APPROVE,0
0.005624808402584904,LOW,APPROVE,0
0.009066155884264522,LOW,APPROVE,0
0.0029187681700475684,LOW,APPROVE,0
0.06788105341624617,LOW,APPROVE,0
0.00866787629768394,LOW,APPROVE,0
0.01478243864435374,LOW,APPROVE,0
0.0018937964609052544,LOW,APPROVE,0
0.13492520956314394,MEDIUM,REVIEW,0
0.0038773446537998394,LOW,APPROVE,0
0.002617135763160362,LOW,APPROVE,0
0.024949266253185897,LOW,APPROVE,0
0.011533454227644607,LOW,APPROVE,0
0.0038773446537998394,LOW,APPROVE,0
0.00957826781761661,LOW,APPROVE,0
0.007004946152722421,LOW,APPROVE,0
0.0038773446537998394,LOW,APPROVE,0
0.011371167128058983,LOW,APPROVE,0
0.004301942360382567,LOW,APPROVE,0
0.0029115404774160826,LOW,APPROVE,0
0.005645528230343455,LOW,APPROVE,0
0.012760775309715871,LOW,APPROVE,0
0.009105813554169789,LOW,APPROVE,0
0.003810209196252187,LOW,APPROVE,0
0.00334989071840389,LOW,APPROVE,0
0.018410609248538927,LOW,APPROVE,0
0.020022522481039865,LOW,APPROVE,0
0.004046154039396594,LOW,APPROVE,0
0.003234633870112463,LOW,APPROVE,0
0.0060607167482796785,LOW,APPROVE,0
0.030373378637892075,LOW,APPROVE,0
0.008097502959094975,LOW,APPROVE,0
0.004475934464317082,LOW,APPROVE,0
0.005775063437058309,LOW,APPROVE,0
0.06657105540506861,LOW,APPROVE,0
0.008207719690356515,LOW,APPROVE,0
0.004753688390247141,LOW,APPROVE,0
0.010181667973066319,LOW,APPROVE,0
0.002114745660468602,LOW,APPROVE,0
0.009878402353035519,LOW,APPROVE,0
0.008097502959094975,LOW,APPROVE,0
0.0040117190166593045,LOW,APPROVE,0
0.04128341645410169,LOW,APPROVE,0
0.0013839653452716143,LOW,APPROVE,0
0.008210488115757583,LOW,APPROVE,0
0.01841259272277023,LOW,APPROVE,0
0.009691944474113924,LOW,APPROVE,0
0.0015157675859039485,LOW,APPROVE,0
0.03956222478236086,LOW,APPROVE,0
0.019329558623914455,LOW,APPROVE,1
0.0038973981106165535,LOW,APPROVE,0
0.03381441747707254,LOW,APPROVE,0
0.007242571738965949,LOW,APPROVE,0
0.007715964630464509,LOW,APPROVE,0
0.002888175776729563,LOW,APPROVE,0
0.006940777750778289,LOW,APPROVE,0
0.006470482509040041,LOW,APPROVE,0
0.01974125741224007,LOW,APPROVE,0
0.02690694462497861,LOW,APPROVE,0
0.0041334936798960754,LOW,APPROVE,0
0.05168790149448887,LOW,APPROVE,0
0.0017934190340775707,LOW,APPROVE,0
0.01756168698314525,LOW,APPROVE,0
0.003805816555143813,LOW,APPROVE,0
0.009370577278355264,LOW,APPROVE,0
0.06101576848436797,LOW,APPROVE,0
0.008528561915399545,LOW,APPROVE,0
0.008978999481828983,LOW,APPROVE,0
0.0034770630818895497,LOW,APPROVE,0
0.007337277262847665,LOW,APPROVE,0
0.0017097329886567544,LOW,APPROVE,0
0.0013895826585006244,LOW,APPROVE,0
0.027826182291314536,LOW,APPROVE,0
0.006269655715348515,LOW,APPROVE,0
0.013742207679052475,LOW,APPROVE,0
0.004228634101297504,LOW,APPROVE,0
0.7613552103304768,HIGH,BLOCK,1
0.00957400470079174,LOW,APPROVE,1
0.00938441569311607,LOW,APPROVE,0
0.0050485224157233504,LOW,APPROVE,0
0.038367668563495536,LOW,APPROVE,0
0.014466424254817492,LOW,APPROVE,0
0.008137561672160863,LOW,APPROVE,1
0.018756833874859043,LOW,APPROVE,0
0.1900391611313506,MEDIUM,REVIEW,0
0.00815041187037071,LOW,APPROVE,0
0.09827738845569835,LOW,APPROVE,0
0.012474202144946291,LOW,APPROVE,0
0.0015417783144329141,LOW,APPROVE,0
0.011942502302606335,LOW,APPROVE,0
0.06371640322309446,LOW,APPROVE,0
0.11708840707121415,MEDIUM,REVIEW,0
0.01355820814536991,LOW,APPROVE,0
0.001825715223211448,LOW,APPROVE,0
0.006976937233280147,LOW,APPROVE,0
0.002016708274016121,LOW,APPROVE,0
0.013376765569558484,LOW,APPROVE,0
0.14662872054406692,MEDIUM,REVIEW,0
0.007547610954287927,LOW,APPROVE,0
0.0013201242983306505,LOW,APPROVE,0
0.0113416867014656,LOW,APPROVE,0
0.04527400274252127,LOW,APPROVE,0
0.012215906954553364,LOW,APPROVE,1
0.008691980844299407,LOW,APPROVE,0
0.0009888805925511478,LOW,APPROVE,0
0.004362632833927371,LOW,APPROVE,0
0.008485412364539707,LOW,APPROVE,0
0.0035426288117728524,LOW,APPROVE,0
0.0017097329886567544,LOW,APPROVE,0
0.03366699066705487,LOW,APPROVE,0
0.008924329072169446,LOW,APPROVE,0
0.004981511635956417,LOW,APPROVE,0
0.01337657648400442,LOW,APPROVE,0
0.01686726157046562,LOW,APPROVE,0
0.00826497925922788,LOW,APPROVE,0
0.0027672021847631473,LOW,APPROVE,0
0.019419473209000414,LOW,APPROVE,0
0.006375924795103111,LOW,APPROVE,0
0.01294990761265819,LOW,APPROVE,0
0.009977212685581372,LOW,APPROVE,0
0.0029720488899209864,LOW,APPROVE,0
0.008924329072169446,LOW,APPROVE,0
0.0016172247695209012,LOW,APPROVE,0
0.06554172369085486,LOW,APPROVE,0
0.012997633003681666,LOW,APPROVE,0
0.008347451011339537,LOW,APPROVE,0
0.002226935403000971,LOW,APPROVE,0
0.009402370425960642,LOW,APPROVE,0
0.007235148929244616,LOW,APPROVE,0
0.007983801251263849,LOW,APPROVE,0
0.0052764470340967385,LOW,APPROVE,0
0.019190840254019514,LOW,APPROVE,0
0.0038716091437421664,LOW,APPROVE,0
0.026136362051228382,LOW,APPROVE,0
0.008414349225690712,LOW,APPROVE,0
0.02940890041008622,LOW,APPROVE,0
0.00690378963822017,LOW,APPROVE,0
0.0020731232288200958,LOW,APPROVE,1
0.002626958150191594,LOW,APPROVE,0
0.003649877228638428,LOW,APPROVE,0
0.005307774162562424,LOW,APPROVE,0
0.025722666585960077,LOW,APPROVE,0
0.007556876171020252,LOW,APPROVE,0
0.026136362051228382,LOW,APPROVE,0
0.06554172369085486,LOW,APPROVE,0
0.011644457840899996,LOW,APPROVE,0
0.09218686053745112,LOW,APPROVE,1
0.0025360617634806676,LOW,APPROVE,0
0.02179419289157076,LOW,APPROVE,1
0.003638271495776386,LOW,APPROVE,0
0.008414349225690712,LOW,APPROVE,0
0.0019361819496986827,LOW,APPROVE,0
0.06554172369085486,LOW,APPROVE,0
0.003770429497282653,LOW,APPROVE,0
0.007197601385960013,LOW,APPROVE,0
0.0020185601940806313,LOW,APPROVE,0
0.008374063268381596,LOW,APPROVE,0
0.009087900280909998,LOW,APPROVE,0
0.019916739608534597,LOW,APPROVE,0
0.01610833410350833,LOW,APPROVE,0
0.0426676556273292,LOW,APPROVE,0
0.0055012005360705355,LOW,APPROVE,0
0.001668930014235069,LOW,APPROVE,0
0.06554172369085486,LOW,APPROVE,0
0.015605706345850373,LOW,APPROVE,1
0.10845581497931255,MEDIUM,REVIEW,0
0.18164171039380522,MEDIUM,REVIEW,0
0.0022984329126035773,LOW,APPROVE,0
0.008478092337203418,LOW,APPROVE,0
0.008374063268381596,LOW,APPROVE,0
0.0015712931888609198,LOW,APPROVE,0
0.004920142791751087,LOW,APPROVE,0
0.005344893781388047,LOW,APPROVE,0
0.0020769630675585055,LOW,APPROVE,0
0.009868077232466011,LOW,APPROVE,0
0.0016172247695209012,LOW,APPROVE,0
0.08708233454107353,LOW,APPROVE,0
0.0013281450877521946,LOW,APPROVE,0
0.0013430573639924381,LOW,APPROVE,0
0.011818747529499832,LOW,APPROVE,0
0.0030619725652032952,LOW,APPROVE,0
0.004388938342403007,LOW,APPROVE,0
0.01101223892906551,LOW,APPROVE,0
0.003489110718424334,LOW,APPROVE,0
0.06373586295971956,LOW,APPROVE,0
0.00714559028021228,LOW,APPROVE,0
0.018730684544871357,LOW,APPROVE,0
0.06224346514902492,LOW,APPROVE,0
0.015478129693820238,LOW,APPROVE,0
0.004198854113402867,LOW,APPROVE,0
0.005620335167470115,LOW,APPROVE,0
0.06623512973632424,LOW,APPROVE,0
0.0034962495523271787,LOW,APPROVE,0
0.006351756365880401,LOW,APPROVE,0
0.002075574888920743,LOW,APPROVE,0
0.0062148714086722725,LOW,APPROVE,0
0.0067313680608992975,LOW,APPROVE,0
0.008900558674297105,LOW,APPROVE,0
0.003097737109841629,LOW,APPROVE,0
0.0032394368892694836,LOW,APPROVE,0
0.00884098928283092,LOW,APPROVE,0
0.0047116365368067665,LOW,APPROVE,0
0.004343745756362759,LOW,APPROVE,0
0.12331372348734274,MEDIUM,REVIEW,0
0.005024777151303905,LOW,APPROVE,0
0.002751208486256751,LOW,APPROVE,0
0.0034647925163298694,LOW,APPROVE,0
0.007036350497340634,LOW,APPROVE,0
0.0028906098302355072,LOW,APPROVE,0
0.023014975868531032,LOW,APPROVE,0
0.006531728821074209,LOW,APPROVE,0
0.002343709743639396,LOW,APPROVE,0
0.0337275229688692,LOW,APPROVE,0
0.007251731338524079,LOW,APPROVE,0
0.0022032025709431487,LOW,APPROVE,0
0.006731858370167316,LOW,APPROVE,0
0.022060501407392612,LOW,APPROVE,0
0.0336095940394202,LOW,APPROVE,0
0.130544641304519,MEDIUM,REVIEW,0
0.0019747153342971743,LOW,APPROVE,0
0.019394285892974386,LOW,APPROVE,0
0.0016258003419033118,LOW,APPROVE,0
0.0024913326971874082,LOW,APPROVE,0
0.006779230042918292,LOW,APPROVE,0
0.007990842792186113,LOW,APPROVE,0
0.0029353630078955938,LOW,APPROVE,0
0.008895592369743242,LOW,APPROVE,0
0.0019143118273864687,LOW,APPROVE,0
0.033198414441421804,LOW,APPROVE,0
0.02543525111659431,LOW,APPROVE,0
0.0037387161129469678,LOW,APPROVE,0
0.002978010636219395,LOW,APPROVE,0
0.018092301095853486,LOW,APPROVE,0
0.013359111750894269,LOW,APPROVE,0
0.006936760404384086,LOW,APPROVE,0
0.026737841447405368,LOW,APPROVE,0
0.0068859372601839195,LOW,APPROVE,0
0.01063413294469894,LOW,APPROVE,0
0.019239151540442413,LOW,APPROVE,0
0.00942964382649253,LOW,APPROVE,0
0.017604469992385338,LOW,APPROVE,0
0.015605706345850373,LOW,APPROVE,1
0.03489244188434662,LOW,APPROVE,0
0.03198933943650516,LOW,APPROVE,0
0.018707943997647684,LOW,APPROVE,0
0.025856355705418856,LOW,APPROVE,0
0.034326058619547906,LOW,APPROVE,1
0.005480931538492351,LOW,APPROVE,0
0.00283966300881568,LOW,APPROVE,0
0.020994069021157573,LOW,APPROVE,0
0.007526875530639397,LOW,APPROVE,0
0.005529701759358301,LOW,APPROVE,0
0.014916812597630435,LOW,APPROVE,0
0.007030546052943489,LOW,APPROVE,0
0.0026464798245577677,LOW,APPROVE,0
0.0015118605685473178,LOW,APPROVE,0
0.003767421781585044,LOW,APPROVE,0
0.009903249345952072,LOW,APPROVE,0
0.0018022710059092686,LOW,APPROVE,0
0.0034940733919268424,LOW,APPROVE,0
0.004487682251600461,LOW,APPROVE,0
0.005019554682802102,LOW,APPROVE,0
0.034275362577428574,LOW,APPROVE,0
0.002137630362023143,LOW,APPROVE,0
0.006028007186307584,LOW,APPROVE,0
0.007537822438186675,LOW,APPROVE,0
0.007648715426248136,LOW,APPROVE,0
0.006898352881056508,LOW,APPROVE,0
0.014109856185893202,LOW,APPROVE,1
0.048583997093631155,LOW,APPROVE,0
0.0029344979551619577,LOW,APPROVE,0
0.007470966745895829,LOW,APPROVE,0
0.017233206322490757,LOW,APPROVE,0
0.006677762664553822,LOW,APPROVE,0
0.002598201891572403,LOW,APPROVE,0
0.004046227816498079,LOW,APPROVE,0
0.000818559502524025,LOW,APPROVE,0
0.008375411953530408,LOW,APPROVE,0
0.01019719493567407,LOW,APPROVE,0
0.09871465555513412,LOW,APPROVE,1
0.0013888695854553236,LOW,APPROVE,0
0.01077316182977321,LOW,APPROVE,0
0.027342641856555907,LOW,APPROVE,0
0.006017124373400905,LOW,APPROVE,0
0.0061041727500105595,LOW,APPROVE,0
0.011497595820485896,LOW,APPROVE,0
0.003190111750138601,LOW,APPROVE,0
0.00047129382379137655,LOW,APPROVE,0
0.006383635662687773,LOW,APPROVE,0
0.008596422317591614,LOW,APPROVE,0
0.003718067508018267,LOW,APPROVE,0
0.03016194921424727,LOW,APPROVE,0
0.003118881811501731,LOW,APPROVE,0
0.02061947568359521,LOW,APPROVE,0
0.004179258139971446,LOW,APPROVE,0
0.015311244909305912,LOW,APPROVE,0
0.006132439410276493,LOW,APPROVE,0
0.16031249149311624,MEDIUM,REVIEW,0
0.0069990267471771615,LOW,APPROVE,0
0.01695894226498586,LOW,APPROVE,0
0.009351840881783629,LOW,APPROVE,0
0.005979781089259592,LOW,APPROVE,0
0.006248064671039351,LOW,APPROVE,0
0.010408905711248516,LOW,APPROVE,0
0.017540914933146724,LOW,APPROVE,0
0.0033368080189116645,LOW,APPROVE,0
0.0011877467258310556,LOW,APPROVE,0
0.005116069159396237,LOW,APPROVE,0
0.004084812015975535,LOW,APPROVE,0
0.006224865581471052,LOW,APPROVE,0
0.023846734480108704,LOW,APPROVE,0
0.018246483314482847,LOW,APPROVE,0
0.0036163165715540923,LOW,APPROVE,0
0.017547720494934155,LOW,APPROVE,0
0.002157281918858662,LOW,APPROVE,0
0.0046947620908985395,LOW,APPROVE,0
0.009336581108900115,LOW,APPROVE,0
0.12595336912487662,MEDIUM,REVIEW,0
0.019339092481310615,LOW,APPROVE,0
0.019339092481310615,LOW,APPROVE,0
0.011564148562122165,LOW,APPROVE,0
0.02586236849020348,LOW,APPROVE,0
0.002183156794420307,LOW,APPROVE,0
0.0009638663494341894,LOW,APPROVE,0
0.010976451636467597,LOW,APPROVE,0
0.0031321308629315616,LOW,APPROVE,0
0.029831651606795382,LOW,APPROVE,0
0.017345684031238463,LOW,APPROVE,0
0.003068561134514662,LOW,APPROVE,0
0.005500670167911834,LOW,APPROVE,1
0.005593028719725816,LOW,APPROVE,0
0.04630789965790198,LOW,APPROVE,0
0.004170276828014651,LOW,APPROVE,0
0.018117352704188072,LOW,APPROVE,0
0.03685422457496333,LOW,APPROVE,0
0.008156879235215343,LOW,APPROVE,0
0.0033574571690231556,LOW,APPROVE,0
0.006810380241062414,LOW,APPROVE,0
0.007244651825679976,LOW,APPROVE,0
0.0058283767312266406,LOW,APPROVE,0
0.003886359151336134,LOW,APPROVE,0
0.042211239533579206,LOW,APPROVE,0
0.004808835743087898,LOW,APPROVE,0
0.005773575304049698,LOW,APPROVE,0
0.004425687837011953,LOW,APPROVE,0
0.016474974076591774,LOW,APPROVE,0
0.003272652714533354,LOW,APPROVE,0
0.007352434572200551,LOW,APPROVE,0
0.00495371681258088,LOW,APPROVE,0
0.0914910881993411,LOW,APPROVE,0
0.005675115718937563,LOW,APPROVE,0
0.006566654733087796,LOW,APPROVE,0
0.005957935576793999,LOW,APPROVE,0
0.004824105691644439,LOW,APPROVE,0
0.014562450601298458,LOW,APPROVE,0
0.005055821708571538,LOW,APPROVE,0
0.007629142227386881,LOW,APPROVE,0
0.014870086129615134,LOW,APPROVE,0
0.0336840843278295,LOW,APPROVE,0
0.007465779907716175,LOW,APPROVE,0
0.004119110626656469,LOW,APPROVE,0
0.010028743591269899,LOW,APPROVE,0
0.03685422457496333,LOW,APPROVE,0
0.03758967848242075,LOW,APPROVE,0
0.011278446477859463,LOW,APPROVE,0
0.006680955971134238,LOW,APPROVE,0
0.08649785462637079,LOW,APPROVE,0
0.007668645014808305,LOW,APPROVE,0
0.015147510119018315,LOW,APPROVE,0
0.007995549920896437,LOW,APPROVE,0
0.003587009034251901,LOW,APPROVE,0
0.007681879932702775,LOW,APPROVE,0
0.010258765151166159,LOW,APPROVE,0
0.05087264647506418,LOW,APPROVE,0
0.10210234552901194,MEDIUM,REVIEW,0
0.0052512097573506,LOW,APPROVE,0
0.004483488507917643,LOW,APPROVE,0
0.03241468051820082,LOW,APPROVE,0
0.041254712211756445,LOW,APPROVE,0
0.014095262213406939,LOW,APPROVE,0
0.0033051495016033897,LOW,APPROVE,0
0.008612053812440923,LOW,APPROVE,0
0.025464272498622785,LOW,APPROVE,0
0.03738365418203009,LOW,APPROVE,0
0.014062567510080734,LOW,APPROVE,0
0.003280874394697249,LOW,APPROVE,0
0.07825327911268166,LOW,APPROVE,0
0.05082601849765871,LOW,APPROVE,0
0.0011026823756485646,LOW,APPROVE,0
0.0036089990791596956,LOW,APPROVE,0
0.003966012664491695,LOW,APPROVE,0
0.015000206639068982,LOW,APPROVE,0
0.007280827877230292,LOW,APPROVE,0
0.020452243657693433,LOW,APPROVE,0
0.05082601849765871,LOW,APPROVE,0
0.02200219133250961,LOW,APPROVE,0
0.016615310904184957,LOW,APPROVE,0
0.008929380438052971,LOW,APPROVE,0
0.003522076797375923,LOW,APPROVE,0
0.007626769365043451,LOW,APPROVE,0
0.003540264893031466,LOW,APPROVE,0
0.02502366651758054,LOW,APPROVE,0
0.03370057315098757,LOW,APPROVE,0
0.026875191811445865,LOW,APPROVE,0
0.0021151345657089734,LOW,APPROVE,0
0.012340036121098128,LOW,APPROVE,0
0.05082601849765871,LOW,APPROVE,0
0.004112908810623423,LOW,APPROVE,0
0.008623591535716853,LOW,APPROVE,0
0.05082601849765871,LOW,APPROVE,0
0.008862816429789071,LOW,APPROVE,0
0.005244796571027561,LOW,APPROVE,0
0.013349788513626906,LOW,APPROVE,0
0.0007205622485538512,LOW,APPROVE,0
0.006915758852250376,LOW,APPROVE,0
0.0039803292234048835,LOW,APPROVE,0
0.01007653035138888,LOW,APPROVE,0
0.0033705681610290248,LOW,APPROVE,0
0.005893813436974988,LOW,APPROVE,0
0.009391971921231094,LOW,APPROVE,0
0.020682523903989787,LOW,APPROVE,0
0.012600085434650366,LOW,APPROVE,0
0.006640153976934134,LOW,APPROVE,0
0.02482840026097917,LOW,APPROVE,0
0.004129329749252538,LOW,APPROVE,0
0.014388023739819589,LOW,APPROVE,0
0.026937518051606765,LOW,APPROVE,0
0.004129329749252538,LOW,APPROVE,0
0.01299037151496568,LOW,APPROVE,0
0.008351505051641943,LOW,APPROVE,0
0.004731692559377252,LOW,APPROVE,0
0.005351079671130137,LOW,APPROVE,0
0.002798463652686469,LOW,APPROVE,0
0.002447172706686432,LOW,APPROVE,0
0.015210051102153533,LOW,APPROVE,0
0.03254943236174685,LOW,APPROVE,0
0.005385114591395309,LOW,APPROVE,0
0.12336987817858491,MEDIUM,REVIEW,0
0.006425521187789589,LOW,APPROVE,0
0.047742306468836586,LOW,APPROVE,0
0.005147645568322011,LOW,APPROVE,0
0.011543534559374876,LOW,APPROVE,0
0.006426924907092714,LOW,APPROVE,0
0.016065889815506235,LOW,APPROVE,0
0.013360040713198788,LOW,APPROVE,0
0.0034417034260613606,LOW,APPROVE,0
0.01764495619358916,LOW,APPROVE,0
0.004678255219247371,LOW,APPROVE,0
0.00985524901418684,LOW,APPROVE,0
0.006270890454588301,LOW,APPROVE,0
0.014972681154564252,LOW,APPROVE,0
0.003559977838650333,LOW,APPROVE,0
0.022401528398313306,LOW,APPROVE,0
0.03491238016707929,LOW,APPROVE,0
0.022700125604383704,LOW,APPROVE,0
0.09066228352620913,LOW,APPROVE,0
0.0021681213038521555,LOW,APPROVE,0
0.03758967848242075,LOW,APPROVE,0
0.02527526155849416,LOW,APPROVE,0
0.0028388825107279396,LOW,APPROVE,0
0.0021523232873372224,LOW,APPROVE,0
0.007641883040780449,LOW,APPROVE,0
0.0035293196858911073,LOW,APPROVE,0
0.01912347365758642,LOW,APPROVE,0
0.034177270092014954,LOW,APPROVE,0
0.004484095723712413,LOW,APPROVE,0
0.00501717449928914,LOW,APPROVE,0
0.005236282345725269,LOW,APPROVE,0
0.0025957014089943047,LOW,APPROVE,0
0.007730913616851913,LOW,APPROVE,0
0.00418691075304502,LOW,APPROVE,0
0.02295029799226076,LOW,APPROVE,0
0.005019853938900838,LOW,APPROVE,0
0.0065274868541587115,LOW,APPROVE,0
0.010666694620773137,LOW,APPROVE,0
0.14077398403141214,MEDIUM,REVIEW,0
0.007828352932925955,LOW,APPROVE,0
0.03884429198332339,LOW,APPROVE,0
0.0021736648177732437,LOW,APPROVE,0
0.003522076797375923,LOW,APPROVE,0
0.006340305279996973,LOW,APPROVE,0
0.03884429198332339,LOW,APPROVE,0
0.00880354421113038,LOW,APPROVE,0
0.03343374965976771,LOW,APPROVE,0
0.02200219133250961,LOW,APPROVE,0
0.028724407693419562,LOW,APPROVE,0
0.007594352940294196,LOW,APPROVE,0
0.01806548078406517,LOW,APPROVE,0
0.14077398403141214,MEDIUM,REVIEW,0
0.014094241215976418,LOW,APPROVE,0
0.0046372310943104495,LOW,APPROVE,0
0.01630138089636471,LOW,APPROVE,0
0.0065872915729625475,LOW,APPROVE,0
0.0434453686765054,LOW,APPROVE,0
0.008903471764349764,LOW,APPROVE,0
0.007055751285967838,LOW,APPROVE,0
0.0043204679066517196,LOW,APPROVE,0
0.014336650620723479,LOW,APPROVE,0
0.01529498671336085,LOW,APPROVE,0
0.0027817728789686835,LOW,APPROVE,0
0.002679115797787273,LOW,APPROVE,0
0.06737908594548528,LOW,APPROVE,0
0.006778590565661816,LOW,APPROVE,0
0.0016870793431049112,LOW,APPROVE,0
0.009634355718420954,LOW,APPROVE,0
0.010491697572314176,LOW,APPROVE,0
0.006549985311101726,LOW,APPROVE,0
0.0028666562430824066,LOW,APPROVE,0
0.011797671937423464,LOW,APPROVE,0
0.002796636943976152,LOW,APPROVE,0
0.006798749457442412,LOW,APPROVE,0
0.013881757582083085,LOW,APPROVE,0
0.10790732865898299,MEDIUM,REVIEW,0
0.004768955778448747,LOW,APPROVE,0
0.008897942505080149,LOW,APPROVE,0
0.02981656602322787,LOW,APPROVE,1
0.02745334694647881,LOW,APPROVE,0
0.003977664025868165,LOW,APPROVE,0
0.010146479968430742,LOW,APPROVE,0
0.008064142001748093,LOW,APPROVE,0
0.006922890285124074,LOW,APPROVE,0
0.008526247017909664,LOW,APPROVE,0
0.008897942505080149,LOW,APPROVE,0
0.0803769774550889,LOW,APPROVE,0
0.031125484139514853,LOW,APPROVE,0
0.0028190555069646374,LOW,APPROVE,0
0.003096621921741461,LOW,APPROVE,0
0.006032824797775398,LOW,APPROVE,0
0.06586805753100188,LOW,APPROVE,0
0.005956547094896358,LOW,APPROVE,0
0.0029333125271207333,LOW,APPROVE,0
0.0021103232478115164,LOW,APPROVE,0
0.06183476744716258,LOW,APPROVE,1
0.008613000366514962,LOW,APPROVE,0
0.0031233303911245205,LOW,APPROVE,0
0.007917910984761085,LOW,APPROVE,0
0.015565990886116099,LOW,APPROVE,0
0.008411400732576294,LOW,APPROVE,0
0.04612499464610182,LOW,APPROVE,0
0.06052201564125417,LOW,APPROVE,0
0.07103291739886651,LOW,APPROVE,1
0.007917910984761085,LOW,APPROVE,0
0.011286396880998528,LOW,APPROVE,0
0.009962910083835754,LOW,APPROVE,0
0.008793669482136793,LOW,APPROVE,0
0.06052201564125417,LOW,APPROVE,0
0.007917910984761085,LOW,APPROVE,0
0.006952775379711816,LOW,APPROVE,0
0.02087570082894831,LOW,APPROVE,0
0.004063784703633638,LOW,APPROVE,0
0.0029696350437108865,LOW,APPROVE,0
0.02106341025917557,LOW,APPROVE,0
0.002415584206167041,LOW,APPROVE,0
0.02765944759581253,LOW,APPROVE,0
0.007917910984761085,LOW,APPROVE,0
0.010539098648972978,LOW,APPROVE,0
0.003940584190712515,LOW,APPROVE,0
0.002415584206167041,LOW,APPROVE,0
0.002611002923314173,LOW,APPROVE,0
0.003572610718976082,LOW,APPROVE,0
0.004018284680402083,LOW,APPROVE,0
0.02653245696844746,LOW,APPROVE,0
0.031125484139514853,LOW,APPROVE,0
0.005501468716406814,LOW,APPROVE,0
0.01178326670098293,LOW,APPROVE,0
0.007999862147492286,LOW,APPROVE,0
0.003572610718976082,LOW,APPROVE,0
0.012973902239478313,LOW,APPROVE,0
0.005545960886865452,LOW,APPROVE,0
0.05712650711620583,LOW,APPROVE,0
0.003520442052168033,LOW,APPROVE,0
0.0209581040633419,LOW,APPROVE,0
0.14955436322567722,MEDIUM,REVIEW,0
0.002658061771838891,LOW,APPROVE,0
0.01739978961694388,LOW,APPROVE,0
0.07080928370563992,LOW,APPROVE,0
0.0034364721816153485,LOW,APPROVE,0
0.005154084896333695,LOW,APPROVE,0
0.005937867566711507,LOW,APPROVE,0
0.002658061771838891,LOW,APPROVE,0
0.00745082308547307,LOW,APPROVE,0
0.01688074805280122,LOW,APPROVE,0
0.0026392421085568328,LOW,APPROVE,0
0.008696797125392784,LOW,APPROVE,0
0.007906916393116933,LOW,APPROVE,0
0.0020649624770279,LOW,APPROVE,0
0.005154084896333695,LOW,APPROVE,0
0.002382253272373774,LOW,APPROVE,0
0.06663371396999136,LOW,APPROVE,0
0.005779555086818536,LOW,APPROVE,0
0.008635256389963122,LOW,APPROVE,0
0.002349327699089198,LOW,APPROVE,0
0.001446214194107523,LOW,APPROVE,0
0.005276855540567431,LOW,APPROVE,0
0.0025769329227870058,LOW,APPROVE,0
0.0034454421407917007,LOW,APPROVE,0
0.010525587391047036,LOW,APPROVE,0
0.012427393089917691,LOW,APPROVE,0
0.004529441884735809,LOW,APPROVE,0
0.01997593200251234,LOW,APPROVE,0
0.006787807832218293,LOW,APPROVE,0
0.002561454739548979,LOW,APPROVE,0
0.0081252407104507,LOW,APPROVE,0
0.00963487206146553,LOW,APPROVE,0
0.01739978961694388,LOW,APPROVE,0
0.039645447540592176,LOW,APPROVE,0
0.0211210375742051,LOW,APPROVE,0
0.009605156145559762,LOW,APPROVE,0
0.011515928396121498,LOW,APPROVE,0
0.00988610332224317,LOW,APPROVE,0
0.009056816550462315,LOW,APPROVE,0
0.008849719859793033,LOW,APPROVE,0
0.03488484027585648,LOW,APPROVE,0
0.024756144574895538,LOW,APPROVE,0
0.010900280150807783,LOW,APPROVE,0
0.005329999672529185,LOW,APPROVE,0
0.009093491315281067,LOW,APPROVE,0
0.005734378679787116,LOW,APPROVE,0
0.008574359666618722,LOW,APPROVE,0
0.00661839540019731,LOW,APPROVE,0
0.008321080356109524,LOW,APPROVE,0
0.012500593730800681,LOW,APPROVE,0
0.003179134335433678,LOW,APPROVE,0
0.008417121019451254,LOW,APPROVE,0
0.003117019805698075,LOW,APPROVE,0
0.018503086337773547,LOW,APPROVE,0
0.0017336241373608551,LOW,APPROVE,0
0.007891310848765635,LOW,APPROVE,0
0.001992082882953275,LOW,APPROVE,0
0.005686137539102342,LOW,APPROVE,0
0.017516327842103056,LOW,APPROVE,0
0.00373835323575704,LOW,APPROVE,0
0.002887704008716844,LOW,APPROVE,0
0.0073331329500698145,LOW,APPROVE,0
0.0022483304957649913,LOW,APPROVE,0
0.017516327842103056,LOW,APPROVE,0
0.006978739605209857,LOW,APPROVE,0
0.006150735089890781,LOW,APPROVE,0
0.0017640325166550371,LOW,APPROVE,0
0.0013942421024754354,LOW,APPROVE,0
0.004161910452361456,LOW,APPROVE,0
0.007754520907385133,LOW,APPROVE,0
0.004696190685656532,LOW,APPROVE,0
0.008574359666618722,LOW,APPROVE,0
0.029454527306949238,LOW,APPROVE,0
0.008574359666618722,LOW,APPROVE,0
0.08053687811011555,LOW,APPROVE,0
0.00927557514332132,LOW,APPROVE,0
0.003663682807552194,LOW,APPROVE,0
0.005573540833818919,LOW,APPROVE,0
0.0020700828389601383,LOW,APPROVE,0
0.004196513279721996,LOW,APPROVE,0
0.023880355178192043,LOW,APPROVE,0
0.006177097179502323,LOW,APPROVE,0
0.017516327842103056,LOW,APPROVE,0
0.0028644072263378176,LOW,APPROVE,0
0.004328973175958256,LOW,APPROVE,0
0.0026190462337192504,LOW,APPROVE,0
0.008019006697397177,LOW,APPROVE,0
0.006000494423389261,LOW,APPROVE,0
0.0021341657669525335,LOW,APPROVE,0
0.006393042348940775,LOW,APPROVE,0
0.002494011808789541,LOW,APPROVE,0
0.001941256137951598,LOW,APPROVE,0
0.005323066654147917,LOW,APPROVE,0
0.005820668871473813,LOW,APPROVE,0
0.012153584544971133,LOW,APPROVE,0
0.02315529195345301,LOW,APPROVE,0
0.025131820883351516,LOW,APPROVE,0
0.028234973307496667,LOW,APPROVE,0
0.011350305223197387,LOW,APPROVE,0
0.04008506191082142,LOW,APPROVE,0
0.011767220428060146,LOW,APPROVE,0
0.0010607343157055316,LOW,APPROVE,0
0.00321970517408333,LOW,APPROVE,0
0.061596601348136194,LOW,APPROVE,0
0.0024385799607206976,LOW,APPROVE,0
0.002415584206167041,LOW,APPROVE,0
0.0022590786189846794,LOW,APPROVE,0
0.037272023358328535,LOW,APPROVE,0
0.0034920345791947765,LOW,APPROVE,0
0.009305660506425253,LOW,APPROVE,0
0.031918384753358536,LOW,APPROVE,0
0.0020856381788628615,LOW,APPROVE,0
0.031918384753358536,LOW,APPROVE,0
0.002143889932991746,LOW,APPROVE,0
0.0036962437079950646,LOW,APPROVE,0
0.0013228664044523527,LOW,APPROVE,0
0.00330875154125868,LOW,APPROVE,0
0.01696133193636297,LOW,APPROVE,0
0.0373256769478801,LOW,APPROVE,0
0.016698596211264384,LOW,APPROVE,0
0.0008465830487538612,LOW,APPROVE,0
0.005644046644551417,LOW,APPROVE,0
0.00992405343668037,LOW,APPROVE,0
0.008119098465132523,LOW,APPROVE,0
0.0014905143211237032,LOW,APPROVE,0
0.01784027475440626,LOW,APPROVE,0
0.0025478128598668474,LOW,APPROVE,0
0.017590910925240642,LOW,APPROVE,0
0.0031764509700010417,LOW,APPROVE,0
0.01193111912674458,LOW,APPROVE,0
0.0018280939001931427,LOW,APPROVE,0
0.0017550692012693594,LOW,APPROVE,0
0.003520442052168033,LOW,APPROVE,0
0.0019973627282607455,LOW,APPROVE,0
0.004183601775359896,LOW,APPROVE,0
0.0028494653449756303,LOW,APPROVE,0
0.0182100678399801,LOW,APPROVE,0
0.01337152518661722,LOW,APPROVE,0
0.0298030051163225,LOW,APPROVE,0
0.0018262247972640404,LOW,APPROVE,0
0.026540960927030177,LOW,APPROVE,0
0.0018262247972640404,LOW,APPROVE,0
0.0026127879562787386,LOW,APPROVE,0
0.008432416007195364,LOW,APPROVE,0
0.0004961672760963153,LOW,APPROVE,0
0.010793893565915712,LOW,APPROVE,0
0.08460682925555622,LOW,APPROVE,0
0.008142373550083876,LOW,APPROVE,0
0.006189691765240617,LOW,APPROVE,0
0.003544819167084547,LOW,APPROVE,0
0.0018262247972640404,LOW,APPROVE,0
0.004183005023410594,LOW,APPROVE,0
0.031080259271622904,LOW,APPROVE,0
0.002808762213333582,LOW,APPROVE,0
0.031918384753358536,LOW,APPROVE,0
0.009731521478962281,LOW,APPROVE,1
0.02167740600640389,LOW,APPROVE,0
0.061768394706168815,LOW,APPROVE,0
0.004897478101979364,LOW,APPROVE,0
0.0020701893935001644,LOW,APPROVE,0
0.033509021495522484,LOW,APPROVE,0
0.02167740600640389,LOW,APPROVE,0
0.01829187534268805,LOW,APPROVE,0
0.0038247884159560326,LOW,APPROVE,0
0.006664689957778028,LOW,APPROVE,0
0.015626276055519254,LOW,APPROVE,0
0.03927062703116577,LOW,APPROVE,0
0.02167740600640389,LOW,APPROVE,0
0.03540147547267598,LOW,APPROVE,0
0.009407419759428472,LOW,APPROVE,0
0.032337056255985056,LOW,APPROVE,1
0.010578732087827539,LOW,APPROVE,0
0.019601945866812392,LOW,APPROVE,0
0.011420162632140508,LOW,APPROVE,1
0.035146475218366155,LOW,APPROVE,0
0.016187792405001778,LOW,APPROVE,0
0.007943030415427627,LOW,APPROVE,0
0.011608619108383424,LOW,APPROVE,0
0.006607240471072509,LOW,APPROVE,0
0.005337019361064864,LOW,APPROVE,0
0.03822428045246707,LOW,APPROVE,0
0.014721899333037,LOW,APPROVE,0
0.0015657276647321682,LOW,APPROVE,0
0.022840006966054295,LOW,APPROVE,1
0.01808978558689805,LOW,APPROVE,0
0.025172725165955808,LOW,APPROVE,0
0.03822428045246707,LOW,APPROVE,0
0.01065551798080475,LOW,APPROVE,0
0.0034706437388571827,LOW,APPROVE,0
0.011406066908616121,LOW,APPROVE,0
0.02167740600640389,LOW,APPROVE,0
0.007853760156749027,LOW,APPROVE,0
0.004744210022063857,LOW,APPROVE,0
0.05720032877807308,LOW,APPROVE,0
0.011738733424200936,LOW,APPROVE,0
0.03822428045246707,LOW,APPROVE,0
0.017172137965961582,LOW,APPROVE,0
0.008793669482136793,LOW,APPROVE,0
0.01035320300608446,LOW,APPROVE,0
0.013601174928868795,LOW,APPROVE,0
0.009342327245212046,LOW,APPROVE,0
0.0016388582480137135,LOW,APPROVE,0
0.01962113745236123,LOW,APPROVE,0
0.0046605178767849635,LOW,APPROVE,0
0.004272559253453895,LOW,APPROVE,0
0.002559248621052763,LOW,APPROVE,0
0.015408116835155423,LOW,APPROVE,0
0.01962113745236123,LOW,APPROVE,0
0.03822428045246707,LOW,APPROVE,0
0.002053615799068424,LOW,APPROVE,0
0.017261739934954154,LOW,APPROVE,0
0.001530955875692542,LOW,APPROVE,0
0.0016689951673588834,LOW,APPROVE,0
0.0066233497845145746,LOW,APPROVE,0
0.006569143813693167,LOW,APPROVE,0
0.014366700538372057,LOW,APPROVE,0
0.001937151714568002,LOW,APPROVE,0
0.003045752010425054,LOW,APPROVE,0
0.00892409847164102,LOW,APPROVE,0
0.013638870657193035,LOW,APPROVE,0
0.0033946983751135073,LOW,APPROVE,0
0.012591522027955382,LOW,APPROVE,0
0.005502440314449748,LOW,APPROVE,1
0.003045752010425054,LOW,APPROVE,0
0.010574199677421755,LOW,APPROVE,0
0.03822428045246707,LOW,APPROVE,0
0.0761369782916862,LOW,APPROVE,0
0.006973244958602059,LOW,APPROVE,0
0.004438347463250076,LOW,APPROVE,0
0.003925577504410426,LOW,APPROVE,0
0.047363249875717287,LOW,APPROVE,0
0.0030107807402706263,LOW,APPROVE,0
0.011816491409387484,LOW,APPROVE,0
0.009478280848281126,LOW,APPROVE,0
0.011704464192047726,LOW,APPROVE,0
0.00768268759267912,LOW,APPROVE,0
0.009422307125178043,LOW,APPROVE,0
0.010924081855954703,LOW,APPROVE,0
0.009841294896697753,LOW,APPROVE,0
0.011533211270896416,LOW,APPROVE,0
0.003969504568316273,LOW,APPROVE,0
0.006882658399953282,LOW,APPROVE,0
0.008060128090968245,LOW,APPROVE,0
0.0018262247972640404,LOW,APPROVE,0
0.003843772287065054,LOW,APPROVE,0
0.008523868179790532,LOW,APPROVE,0
0.03843926071567735,LOW,APPROVE,0
0.002606807961700794,LOW,APPROVE,0
0.004258182004645902,LOW,APPROVE,0
0.006617662542327755,LOW,APPROVE,0
0.005588035524491317,LOW,APPROVE,0
0.01454395039512794,LOW,APPROVE,0
0.003589240738195194,LOW,APPROVE,0
0.008282906686798071,LOW,APPROVE,0
0.023424603407432007,LOW,APPROVE,0
0.010039542944762937,LOW,APPROVE,0
0.012932854239465425,LOW,APPROVE,0
0.005935161561733411,LOW,APPROVE,0
0.0028842355626498093,LOW,APPROVE,0
0.006965923144220609,LOW,APPROVE,0
0.011512827392120017,LOW,APPROVE,0
0.06447598794918127,LOW,APPROVE,0
0.003553949203489654,LOW,APPROVE,0
0.0036103646801221106,LOW,APPROVE,0
0.002980159466224569,LOW,APPROVE,0
0.0044406127349579105,LOW,APPROVE,0
0.002727041002975338,LOW,APPROVE,0
0.003157072754322546,LOW,APPROVE,0
0.08795624492602931,LOW,APPROVE,0
0.0020649624770279,LOW,APPROVE,0
0.0012639890375780837,LOW,APPROVE,0
0.021006112802696337,LOW,APPROVE,0
0.024930062453958672,LOW,APPROVE,0
0.002438713781160447,LOW,APPROVE,0
0.001785066524857757,LOW,APPROVE,0
0.03253015608286663,LOW,APPROVE,0
0.028994432518716636,LOW,APPROVE,0
0.008352667320081126,LOW,APPROVE,0
0.00803686082098451,LOW,APPROVE,0
0.003084478731437015,LOW,APPROVE,0
0.0033941490834268557,LOW,APPROVE,0
0.0011132870605805398,LOW,APPROVE,0
0.009259336998903132,LOW,APPROVE,0
0.00588571097272885,LOW,APPROVE,0
0.012932854239465425,LOW,APPROVE,0
0.0018453367849797359,LOW,APPROVE,0
0.007720701348619086,LOW,APPROVE,0
0.02131179402306675,LOW,APPROVE,0
0.023286002016432793,LOW,APPROVE,0
0.015893526300353903,LOW,APPROVE,0
0.0034432928877687926,LOW,APPROVE,0
0.0053172272491803525,LOW,APPROVE,0
0.08664803177637728,LOW,APPROVE,1
0.029987687311761484,LOW,APPROVE,0
0.009710023485226035,LOW,APPROVE,0
0.007904089570671374,LOW,APPROVE,1
0.004168616442565458,LOW,APPROVE,0
0.021175390536148208,LOW,APPROVE,0
0.04230439196885392,LOW,APPROVE,0
0.003954631445834412,LOW,APPROVE,0
0.0035012530300401546,LOW,APPROVE,0
0.004775465774204412,LOW,APPROVE,0
0.006479443658015274,LOW,APPROVE,0
0.007232934817756646,LOW,APPROVE,0
0.02770524950380593,LOW,APPROVE,0
0.0009959977153214845,LOW,APPROVE,0
0.03540909608738584,LOW,APPROVE,0
0.02027785201885798,LOW,APPROVE,0
0.01476289125976086,LOW,APPROVE,0
0.0035012530300401546,LOW,APPROVE,0
0.6064609764027344,HIGH,BLOCK,1
0.0052024929417419175,LOW,APPROVE,1
0.009779468797000607,LOW,APPROVE,0
0.014991827717146205,LOW,APPROVE,0
0.003129558212035845,LOW,APPROVE,0
0.0027126700395314267,LOW,APPROVE,0
0.00457006579226851,LOW,APPROVE,0
0.004725146644789021,LOW,APPROVE,0
0.03539089516632321,LOW,APPROVE,0
0.012288478296369988,LOW,APPROVE,0
0.017190640365178055,LOW,APPROVE,0
0.01110855302628907,LOW,APPROVE,0
0.005499013325025955,LOW,APPROVE,0
0.004097592564757527,LOW,APPROVE,0
0.2740768029403883,MEDIUM,REVIEW,0
0.0035952914216939758,LOW,APPROVE,0
0.00635189718236871,LOW,APPROVE,0
0.0029436008110884523,LOW,APPROVE,0
0.010866423633235964,LOW,APPROVE,0
0.012216921459858884,LOW,APPROVE,0
0.011220227815427246,LOW,APPROVE,0
0.0105581538891042,LOW,APPROVE,0
0.0029873730099184235,LOW,APPROVE,0
0.2193364504845428,MEDIUM,REVIEW,0
0.1428051338719544,MEDIUM,REVIEW,1
0.012824870765160855,LOW,APPROVE,0
0.005470967548911156,LOW,APPROVE,0
0.06577167710696291,LOW,APPROVE,0
0.00370754487992413,LOW,APPROVE,0
0.025720243471219817,LOW,APPROVE,0
0.17998308413145667,MEDIUM,REVIEW,1
0.003322397328489511,LOW,APPROVE,0
0.0026723929966523006,LOW,APPROVE,0
0.006181238251001988,LOW,APPROVE,0
0.0003459232673856848,LOW,APPROVE,0
0.0105581538891042,LOW,APPROVE,0
0.013234339486504374,LOW,APPROVE,0
0.04315307320860726,LOW,APPROVE,0
0.001769586126264723,LOW,APPROVE,0
0.007359201723616249,LOW,APPROVE,0
0.01445458679204954,LOW,APPROVE,0
0.017580141048914213,LOW,APPROVE,0
0.012287891565618412,LOW,APPROVE,0
0.004192917864521872,LOW,APPROVE,0
0.032513289190832545,LOW,APPROVE,0
0.05927588443137694,LOW,APPROVE,0
0.005321093143018521,LOW,APPROVE,0
0.009561486953870837,LOW,APPROVE,0
0.03243321961541956,LOW,APPROVE,0
0.006986763785067499,LOW,APPROVE,0
0.002229625659267386,LOW,APPROVE,0
0.010792238231700304,LOW,APPROVE,0
0.007976287373343126,LOW,APPROVE,0
0.025896257477980616,LOW,APPROVE,0
0.010886467749338468,LOW,APPROVE,0
0.004061791471887496,LOW,APPROVE,0
0.042497004374731515,LOW,APPROVE,0
0.0035751084594466452,LOW,APPROVE,0
0.0038497535499297897,LOW,APPROVE,0
0.017142179419156425,LOW,APPROVE,0
0.0171867274184476,LOW,APPROVE,0
0.006254168699407376,LOW,APPROVE,0
0.008685586725581942,LOW,APPROVE,0
0.0066317595728367955,LOW,APPROVE,0
0.010581257329089358,LOW,APPROVE,0
0.01898571023500427,LOW,APPROVE,0
0.004240047752090156,LOW,APPROVE,0
0.0030083516236875784,LOW,APPROVE,0
0.006547166198774805,LOW,APPROVE,0
0.006970189385675415,LOW,APPROVE,0
0.00937988017467574,LOW,APPROVE,0
0.013223147697174033,LOW,APPROVE,0
0.01201185557652615,LOW,APPROVE,0
0.0029925436635324047,LOW,APPROVE,0
0.0129375228568657,LOW,APPROVE,0
0.004565009593425412,LOW,APPROVE,0
0.012697392919704805,LOW,APPROVE,0
0.011258746459966102,LOW,APPROVE,0
0.021737335615345202,LOW,APPROVE,0
0.01614645015795083,LOW,APPROVE,0
0.00379263876854929,LOW,APPROVE,0
0.023722897777543536,LOW,APPROVE,0
0.0028472394280254516,LOW,APPROVE,0
0.0019506954391757146,LOW,APPROVE,0
0.00379263876854929,LOW,APPROVE,0
0.0043568588572352246,LOW,APPROVE,0
0.04966541467553156,LOW,APPROVE,0
0.030128103099566563,LOW,APPROVE,0
0.10475994679764425,MEDIUM,REVIEW,0
0.03227946556860792,LOW,APPROVE,0
0.06534566040457655,LOW,APPROVE,0
0.049835782629843346,LOW,APPROVE,0
0.00030167065970675155,LOW,APPROVE,0
0.002266997288943075,LOW,APPROVE,0
0.036957129651296675,LOW,APPROVE,0
0.0022262291984223317,LOW,APPROVE,0
0.040270069842516965,LOW,APPROVE,0
0.019608202458436166,LOW,APPROVE,0
0.005347935817465534,LOW,APPROVE,0
0.017801814434471482,LOW,APPROVE,0
0.009888624381107592,LOW,APPROVE,0
0.0026228616857293177,LOW,APPROVE,0
0.0063143018405803905,LOW,APPROVE,0
0.009756171737971924,LOW,APPROVE,0
0.0029925436635324047,LOW,APPROVE,0
0.008493920571140786,LOW,APPROVE,0
0.003065307031183266,LOW,APPROVE,0
0.012517822864403873,LOW,APPROVE,0
0.006730999955459629,LOW,APPROVE,0
0.17618156687391578,MEDIUM,REVIEW,0
0.004914569049127653,LOW,APPROVE,0
0.02782568996080201,LOW,APPROVE,0
0.0051320981130983405,LOW,APPROVE,0
0.0660618588478846,LOW,APPROVE,0
0.023562892940853262,LOW,APPROVE,0
0.0015494010741256032,LOW,APPROVE,0
0.00805519156506978,LOW,APPROVE,0
0.0027086886483441187,LOW,APPROVE,0
0.0035893345604373654,LOW,APPROVE,0
0.0036549446567335168,LOW,APPROVE,0
0.02606710302896285,LOW,APPROVE,0
0.004587404446818932,LOW,APPROVE,0
0.7770544162573121,HIGH,BLOCK,1
0.02782568996080201,LOW,APPROVE,0
0.004824899143089219,LOW,APPROVE,0
0.018626532746596935,LOW,APPROVE,0
0.14671067450492858,MEDIUM,REVIEW,0
0.017736505276457128,LOW,APPROVE,0
0.02102101963420606,LOW,APPROVE,0
0.020158963205273425,LOW,APPROVE,0
0.004810937395062225,LOW,APPROVE,0
0.033841489070464435,LOW,APPROVE,0
0.012598426500399652,LOW,APPROVE,0
0.0021784181222710202,LOW,APPROVE,0
0.009345915727784615,LOW,APPROVE,0
0.01773449888741008,LOW,APPROVE,0
0.02102101963420606,LOW,APPROVE,0
0.02102101963420606,LOW,APPROVE,0
0.004904375050986272,LOW,APPROVE,0
0.0031158528801890433,LOW,APPROVE,0
0.013090412563185794,LOW,APPROVE,0
0.021463912102286365,LOW,APPROVE,0
0.027184717160805283,LOW,APPROVE,0
0.008556438845315189,LOW,APPROVE,0
0.006570996213112377,LOW,APPROVE,0
0.003083722082870548,LOW,APPROVE,0
0.07821735213576199,LOW,APPROVE,0
0.019386633437767416,LOW,APPROVE,0
0.003636624607119485,LOW,APPROVE,0
0.00880243711515786,LOW,APPROVE,0
0.002636185324307434,LOW,APPROVE,0
0.017736505276457128,LOW,APPROVE,0
0.014148709966716242,LOW,APPROVE,1
0.005369552389919329,LOW,APPROVE,0
0.011937230595469034,LOW,APPROVE,0
0.0021784181222710202,LOW,APPROVE,0
0.007720533395065327,LOW,APPROVE,0
0.004770099127369054,LOW,APPROVE,0
0.008892275080431989,LOW,APPROVE,0
0.010295144697473302,LOW,APPROVE,0
0.003085883054669371,LOW,APPROVE,0
0.032966418819283194,LOW,APPROVE,0
0.013726370801750286,LOW,APPROVE,0
0.0011259869660731506,LOW,APPROVE,0
0.021737335615345202,LOW,APPROVE,0
0.0138422845029433,LOW,APPROVE,0
0.0011259869660731506,LOW,APPROVE,0
0.02556068543116547,LOW,APPROVE,0
0.007619969578435909,LOW,APPROVE,0
0.01943793890329237,LOW,APPROVE,0
0.003890796767111722,LOW,APPROVE,0
0.00976836676103132,LOW,APPROVE,0
0.002861215695659516,LOW,APPROVE,0
0.012206705183825151,LOW,APPROVE,0
0.012047060000145533,LOW,APPROVE,1
0.009822978466719628,LOW,APPROVE,0
0.0018222618766558774,LOW,APPROVE,0
0.0006963449498695092,LOW,APPROVE,0
0.021233435604937366,LOW,APPROVE,0
0.009362924414006565,LOW,APPROVE,0
0.0031146062591435727,LOW,APPROVE,0
0.11422876493022761,MEDIUM,REVIEW,0
0.0006310144362095976,LOW,APPROVE,0
0.0022187478255405397,LOW,APPROVE,0
0.008658620501214423,LOW,APPROVE,0
0.016480392904983897,LOW,APPROVE,0
0.005797110128054551,LOW,APPROVE,0
0.01867911567197704,LOW,APPROVE,0
0.0030452215385251245,LOW,APPROVE,0
0.011378521904479758,LOW,APPROVE,0
0.008056319952435803,LOW,APPROVE,0
0.06914300706433806,LOW,APPROVE,0
0.08136794340060237,LOW,APPROVE,1
0.005961271685931892,LOW,APPROVE,0
0.016918480040254095,LOW,APPROVE,0
0.01006081278088532,LOW,APPROVE,0
0.018674679527469717,LOW,APPROVE,0
0.003814044396424969,LOW,APPROVE,0
0.007355582581292056,LOW,APPROVE,0
0.008479941760640044,LOW,APPROVE,0
0.006121820583688593,LOW,APPROVE,0
0.0017481959839090954,LOW,APPROVE,0
0.005383653208337028,LOW,APPROVE,0
0.013692819683478099,LOW,APPROVE,0
0.007475637525102205,LOW,APPROVE,0
0.007727650272289503,LOW,APPROVE,0
0.00365511369571188,LOW,APPROVE,0
0.04301008935848254,LOW,APPROVE,0
0.04270493373075087,LOW,APPROVE,0
0.04264111469361011,LOW,APPROVE,0
0.001480174776059599,LOW,APPROVE,0
0.04301008935848254,LOW,APPROVE,0
0.010199386162381642,LOW,APPROVE,0
0.03474064777105747,LOW,APPROVE,0
0.010800131122742921,LOW,APPROVE,0
0.03381808586942883,LOW,APPROVE,0
0.004453110666607505,LOW,APPROVE,0
0.009656657683256476,LOW,APPROVE,0
0.0011028092666748451,LOW,APPROVE,0
0.003907944227321596,LOW,APPROVE,0
0.05116065057692768,LOW,APPROVE,0
0.06631932346200398,LOW,APPROVE,0
0.007763697073532489,LOW,APPROVE,0
0.009721381115516035,LOW,APPROVE,0
0.026929176066696675,LOW,APPROVE,0
0.005255928698341806,LOW,APPROVE,0
0.010539597113802304,LOW,APPROVE,0
0.036671195897445316,LOW,APPROVE,0
0.0021784181222710202,LOW,APPROVE,0
0.02668464125071385,LOW,APPROVE,0
0.02566338553597841,LOW,APPROVE,0
0.020600216552183397,LOW,APPROVE,0
0.02082758761138845,LOW,APPROVE,0
0.014972842342484246,LOW,APPROVE,0
0.0033645447326359186,LOW,APPROVE,0
0.009156642188487014,LOW,APPROVE,0
0.05049452990531822,LOW,APPROVE,0
0.08594780836451889,LOW,APPROVE,0
0.021059612171015717,LOW,APPROVE,0
0.014544098900991597,LOW,APPROVE,0
0.0556392110461012,LOW,APPROVE,0
0.005274074922262847,LOW,APPROVE,0
0.04028065265013607,LOW,APPROVE,0
0.008153864378764131,LOW,APPROVE,0
0.021389548692744276,LOW,APPROVE,0
0.008247982830665938,LOW,APPROVE,0
0.0016730028310560324,LOW,APPROVE,0
0.015243256594316374,LOW,APPROVE,0
0.030847399397399902,LOW,APPROVE,0
0.011456272285358516,LOW,APPROVE,0
0.0021784181222710202,LOW,APPROVE,0
0.008784651461459018,LOW,APPROVE,0
0.0015125839239784331,LOW,APPROVE,0
0.00642124904214783,LOW,APPROVE,0
0.0059085305027949545,LOW,APPROVE,0
0.013009174084650698,LOW,APPROVE,0
0.005907293714598049,LOW,APPROVE,0
0.0037220408897672324,LOW,APPROVE,0
0.0556392110461012,LOW,APPROVE,0
0.005677491121187001,LOW,APPROVE,0
0.00936310000983667,LOW,APPROVE,0
0.017431091451771196,LOW,APPROVE,0
0.029389994798133142,LOW,APPROVE,0
0.003825525792026984,LOW,APPROVE,0
0.0018885460799876934,LOW,APPROVE,0
0.003344005081720954,LOW,APPROVE,0
0.009971830446297316,LOW,APPROVE,0
0.008499313045768177,LOW,APPROVE,0
0.010889417369410742,LOW,APPROVE,0
0.11766115397477875,MEDIUM,REVIEW,0
0.022553879450407963,LOW,APPROVE,0
0.002249102754857956,LOW,APPROVE,0
0.027822050378910546,LOW,APPROVE,0
0.0046372310943104495,LOW,APPROVE,0
0.005582256403439286,LOW,APPROVE,0
0.034682996749509816,LOW,APPROVE,0
0.014451704422241737,LOW,APPROVE,0
0.005794996747890986,LOW,APPROVE,0
0.001460294503887897,LOW,APPROVE,0
0.01609715992542933,LOW,APPROVE,0
0.0041743027569597635,LOW,APPROVE,0
0.01723614916244778,LOW,APPROVE,0
0.03914584863950098,LOW,APPROVE,0
0.014705347412122548,LOW,APPROVE,0
0.005864008177525434,LOW,APPROVE,0
0.0046372310943104495,LOW,APPROVE,0
0.009868107856191057,LOW,APPROVE,0
0.013443040833393816,LOW,APPROVE,0
0.0163407046083976,LOW,APPROVE,0
0.0042036264064424485,LOW,APPROVE,0
0.012729931241037124,LOW,APPROVE,0
0.005585732570125714,LOW,APPROVE,0
0.006238097398810369,LOW,APPROVE,0
0.0206613820242274,LOW,APPROVE,0
0.0017332509290235011,LOW,APPROVE,0
0.0041759012572500686,LOW,APPROVE,0
0.010532866017806166,LOW,APPROVE,0
0.012269171919847737,LOW,APPROVE,0
0.018556641938939872,LOW,APPROVE,0
0.003639377635132985,LOW,APPROVE,0
0.01043411703700034,LOW,APPROVE,0
0.009236097523674608,LOW,APPROVE,0
0.006021681905103345,LOW,APPROVE,0
0.004739139757571476,LOW,APPROVE,0
0.006062239566576762,LOW,APPROVE,0
0.026068246128614563,LOW,APPROVE,0
0.003297900447730769,LOW,APPROVE,0
0.00732459256504875,LOW,APPROVE,0
0.0083346553500008,LOW,APPROVE,0
0.002722878091026311,LOW,APPROVE,0
0.016935351527693113,LOW,APPROVE,0
0.012253048190708785,LOW,APPROVE,0
0.011150317759337053,LOW,APPROVE,0
0.002738005156610102,LOW,APPROVE,0
0.009040094368618063,LOW,APPROVE,0
0.0016066395605924036,LOW,APPROVE,0
0.07352273675653775,LOW,APPROVE,0
0.0034809449834223467,LOW,APPROVE,0
0.18015822938907372,MEDIUM,REVIEW,0
0.011894115784033894,LOW,APPROVE,0
0.0032963436787333935,LOW,APPROVE,0
0.01115540729857578,LOW,APPROVE,0
0.005215622368071103,LOW,APPROVE,0
0.01115046210454552,LOW,APPROVE,0
0.008701560561183447,LOW,APPROVE,0
0.005373199187453648,LOW,APPROVE,0
0.01257911059897734,LOW,APPROVE,0
0.014705454948996628,LOW,APPROVE,0
0.010740199778137295,LOW,APPROVE,0
0.001671346420620288,LOW,APPROVE,0
0.00548453137474198,LOW,APPROVE,0
0.009759916453481541,LOW,APPROVE,0
0.018353636827714067,LOW,APPROVE,0
0.008323718883101874,LOW,APPROVE,0
0.06086528657789794,LOW,APPROVE,0
0.08407179417991811,LOW,APPROVE,0
0.0035728240603023357,LOW,APPROVE,0
0.008590203798879724,LOW,APPROVE,0
0.008108817585628592,LOW,APPROVE,0
0.008597220681703134,LOW,APPROVE,0
0.0013506378967126304,LOW,APPROVE,0
0.10955139142569323,MEDIUM,REVIEW,0
0.009073459883209154,LOW,APPROVE,0
0.0037148830528931356,LOW,APPROVE,0
0.0022869000194692328,LOW,APPROVE,0
0.012577887544466069,LOW,APPROVE,0
0.003199790541890379,LOW,APPROVE,0
0.004050749062250013,LOW,APPROVE,0
0.02160303672159887,LOW,APPROVE,0
0.004061564045730467,LOW,APPROVE,0
0.009600957486146368,LOW,APPROVE,0
0.011016525316219565,LOW,APPROVE,0
0.00675436595783226,LOW,APPROVE,0
0.003431354313033372,LOW,APPROVE,0
0.0035318592370948924,LOW,APPROVE,0
0.01349983965199808,LOW,APPROVE,0
0.00897052241113961,LOW,APPROVE,0
0.016461730557388168,LOW,APPROVE,0
0.002524601346296331,LOW,APPROVE,0
0.0031285564374953405,LOW,APPROVE,0
0.004590716377237959,LOW,APPROVE,0
0.0015893578509483574,LOW,APPROVE,0
0.0050251083368263415,LOW,APPROVE,0
0.028652400855378173,LOW,APPROVE,0
0.009363271034113975,LOW,APPROVE,0
0.0030428428658428475,LOW,APPROVE,0
0.022518219625960498,LOW,APPROVE,0
0.005397786653148698,LOW,APPROVE,0
0.005859459011836088,LOW,APPROVE,0
0.005249840873998328,LOW,APPROVE,0
0.03101380519951188,LOW,APPROVE,0
0.0022611893003400556,LOW,APPROVE,0
0.0443986081563076,LOW,APPROVE,0
0.002636253899515154,LOW,APPROVE,0
0.010132496874723585,LOW,APPROVE,0
0.005243388348664179,LOW,APPROVE,0
0.04335839090250437,LOW,APPROVE,0
0.0026700764873016755,LOW,APPROVE,0
0.008565562107166172,LOW,APPROVE,0
0.004928282994699353,LOW,APPROVE,0
0.0037905937440776715,LOW,APPROVE,0
0.0019200077062226145,LOW,APPROVE,0
0.2682946482453872,MEDIUM,REVIEW,0
0.005014583711645955,LOW,APPROVE,0
0.01688935519547135,LOW,APPROVE,0
0.02619650272370285,LOW,APPROVE,0
0.10146112988642116,MEDIUM,REVIEW,0
0.020595084465766206,LOW,APPROVE,0
0.020665368298076952,LOW,APPROVE,0
0.004341800604248427,LOW,APPROVE,0
0.007413432630990135,LOW,APPROVE,0
0.00683900724975372,LOW,APPROVE,0
0.006019963141925803,LOW,APPROVE,0
0.0062006061511057945,LOW,APPROVE,0
0.008643148039793923,LOW,APPROVE,0
0.003481018931094012,LOW,APPROVE,0
0.013378054656576065,LOW,APPROVE,1
0.005912226599010385,LOW,APPROVE,0
0.010825064415001747,LOW,APPROVE,0
0.01738594931055482,LOW,APPROVE,0
0.013943280453845823,LOW,APPROVE,0
0.0002653528749375182,LOW,APPROVE,0
0.005083056961147091,LOW,APPROVE,0
0.01862466672605392,LOW,APPROVE,0
0.00488683825397039,LOW,APPROVE,0
0.03638647936017553,LOW,APPROVE,0
0.008313668473053917,LOW,APPROVE,0
0.013226251373958636,LOW,APPROVE,0
0.006541099682060963,LOW,APPROVE,0
0.006376506335465636,LOW,APPROVE,0
0.011612739782470634,LOW,APPROVE,0
0.005699207789806124,LOW,APPROVE,0
0.01781780935510989,LOW,APPROVE,0
0.016186193055634932,LOW,APPROVE,0
0.010361706021211347,LOW,APPROVE,0
0.0025986826874068443,LOW,APPROVE,0
0.04647211280185971,LOW,APPROVE,0
0.006094204622893833,LOW,APPROVE,0
0.01670930306400892,LOW,APPROVE,0
0.006651171360024815,LOW,APPROVE,0
0.002656024829289426,LOW,APPROVE,0
0.00936813192916981,LOW,APPROVE,0
0.040968072806921135,LOW,APPROVE,0
0.016358659615483828,LOW,APPROVE,0
0.004110248592822708,LOW,APPROVE,0
0.016358659615483828,LOW,APPROVE,0
0.005505185682945793,LOW,APPROVE,0
0.003550853741409991,LOW,APPROVE,0
0.006205369727466498,LOW,APPROVE,0
0.011686606004756527,LOW,APPROVE,0
0.020471441166003485,LOW,APPROVE,0
0.007966630222123284,LOW,APPROVE,0
0.007323473351996751,LOW,APPROVE,0
0.008380890087045583,LOW,APPROVE,0
0.0035815306301634217,LOW,APPROVE,0
0.00362167626913026,LOW,APPROVE,0
0.0017208015846113553,LOW,APPROVE,0
0.014562807839714205,LOW,APPROVE,0
0.005292609737847429,LOW,APPROVE,0
0.010700239340231598,LOW,APPROVE,0
0.09604665044307252,LOW,APPROVE,0
0.006425938221638758,LOW,APPROVE,0
0.0010849870251889299,LOW,APPROVE,0
0.008840984225724697,LOW,APPROVE,0
0.0016056035605675736,LOW,APPROVE,0
0.018216833093511464,LOW,APPROVE,0
0.00362167626913026,LOW,APPROVE,0
0.00616798997415104,LOW,APPROVE,0
0.00029027269398607493,LOW,APPROVE,0
0.006702811825242453,LOW,APPROVE,0
0.021326964883208406,LOW,APPROVE,0
0.00029027269398607493,LOW,APPROVE,0
0.01855031119261435,LOW,APPROVE,0
0.0656126855545302,LOW,APPROVE,0
0.005882409104937461,LOW,APPROVE,0
0.003789992950015938,LOW,APPROVE,0
0.009488876155885896,LOW,APPROVE,0
0.0018899524465735465,LOW,APPROVE,0
0.014941843833380817,LOW,APPROVE,0
0.003083512702769958,LOW,APPROVE,0
0.0372395369451724,LOW,APPROVE,0
0.017205340936319622,LOW,APPROVE,0
0.006223743441896098,LOW,APPROVE,0
0.03227891788703215,LOW,APPROVE,0
0.008238944422851613,LOW,APPROVE,0
0.01678650257990022,LOW,APPROVE,0
0.02912997889514036,LOW,APPROVE,0
0.027512489909805975,LOW,APPROVE,0
0.009263666578664757,LOW,APPROVE,0
0.004436798220504867,LOW,APPROVE,0
0.023779700035348347,LOW,APPROVE,0
0.0010363494783392382,LOW,APPROVE,0
0.00991570730968149,LOW,APPROVE,0
0.03001655532854735,LOW,APPROVE,0
0.002401809888602397,LOW,APPROVE,0
0.003210990060437551,LOW,APPROVE,0
0.006055361443963378,LOW,APPROVE,0
0.014337679567143454,LOW,APPROVE,0
0.006914940990614933,LOW,APPROVE,0
0.11957325540552721,MEDIUM,REVIEW,0
0.001741700487071453,LOW,APPROVE,0
0.010267827990824069,LOW,APPROVE,0
0.007554816007425636,LOW,APPROVE,0
0.2235375966298358,MEDIUM,REVIEW,0
0.012688573892093796,LOW,APPROVE,0
0.024081426701581164,LOW,APPROVE,0
0.01328562008787018,LOW,APPROVE,0
0.003533165034945572,LOW,APPROVE,0
0.005838499035360895,LOW,APPROVE,0
0.19169271338445976,MEDIUM,REVIEW,0
0.005776750501539651,LOW,APPROVE,0
0.0033439602929814815,LOW,APPROVE,0
0.006463670103278438,LOW,APPROVE,0
0.005555241364197438,LOW,APPROVE,0
0.002647345924656907,LOW,APPROVE,0
0.0026428677094693354,LOW,APPROVE,0
0.0016501434599591198,LOW,APPROVE,0
0.0055983611845465174,LOW,APPROVE,0
0.004209905247062784,LOW,APPROVE,0
0.0035406718350280853,LOW,APPROVE,0
0.004571180202670838,LOW,APPROVE,0
0.0066685996292001745,LOW,APPROVE,0
0.0027795072509607197,LOW,APPROVE,0
0.021752925104510084,LOW,APPROVE,0
0.02828447841623277,LOW,APPROVE,0
0.012297974459904153,LOW,APPROVE,0
0.010409494722017755,LOW,APPROVE,0
0.012468133379677832,LOW,APPROVE,0
0.0028001458994154735,LOW,APPROVE,0
0.02411715532734687,LOW,APPROVE,0
0.005669830652102869,LOW,APPROVE,0
0.024366083768139604,LOW,APPROVE,0
0.003607554308129716,LOW,APPROVE,0
0.004657299302550378,LOW,APPROVE,0
0.08748789334870696,LOW,APPROVE,0
0.0030082774399921393,LOW,APPROVE,0
0.015958397384773535,LOW,APPROVE,0
0.004376619725901111,LOW,APPROVE,0
0.011356463840168663,LOW,APPROVE,0
0.003889293438248519,LOW,APPROVE,0
0.007531268164285365,LOW,APPROVE,0
0.012450117057144477,LOW,APPROVE,0
0.009992445433247,LOW,APPROVE,0
0.042809600940177696,LOW,APPROVE,0
0.007527730348737534,LOW,APPROVE,0
0.0030874258026525924,LOW,APPROVE,0
0.0025194443747570236,LOW,APPROVE,0
0.033797727875033316,LOW,APPROVE,0
0.018311738170372262,LOW,APPROVE,0
0.0175480553914666,LOW,APPROVE,0
0.00630191468991101,LOW,APPROVE,1
0.015635270563603636,LOW,APPROVE,0
0.01151769924814081,LOW,APPROVE,0
0.003733970384129485,LOW,APPROVE,0
0.007890773041882057,LOW,APPROVE,0
0.0039048469192223623,LOW,APPROVE,0
0.015600303037467815,LOW,APPROVE,0
0.004557317475770418,LOW,APPROVE,0
0.01160688164154388,LOW,APPROVE,0
0.019792064393705514,LOW,APPROVE,0
0.011283501575951656,LOW,APPROVE,0
0.006449937531607227,LOW,APPROVE,0
0.003320767160821542,LOW,APPROVE,0
0.0018612984876200322,LOW,APPROVE,0
0.004630932640074085,LOW,APPROVE,0
0.009337436766495366,LOW,APPROVE,0
0.010748981158237332,LOW,APPROVE,0
0.012078463713570197,LOW,APPROVE,0
0.007106193213097167,LOW,APPROVE,0
0.0026874631294115763,LOW,APPROVE,0
0.0011478654293976965,LOW,APPROVE,0
0.0022816680574249196,LOW,APPROVE,0
0.0030713089985425217,LOW,APPROVE,0
0.0033439602929814815,LOW,APPROVE,0
0.05980153238209662,LOW,APPROVE,0
0.008230395611533834,LOW,APPROVE,0
0.0029150995193390557,LOW,APPROVE,0
0.0031717891566070697,LOW,APPROVE,0
0.002385242760794613,LOW,APPROVE,0
0.0034285107900218024,LOW,APPROVE,0
0.005785360661927438,LOW,APPROVE,0
0.0069951646785693326,LOW,APPROVE,0
0.0552018252549206,LOW,APPROVE,0
0.012273911307723524,LOW,APPROVE,0
0.006862816123138601,LOW,APPROVE,0
0.016358659615483828,LOW,APPROVE,0
0.006374376389061709,LOW,APPROVE,0
0.008243326323685992,LOW,APPROVE,0
0.0023147368971175087,LOW,APPROVE,0
0.002018006032305929,LOW,APPROVE,0
0.005773893218634839,LOW,APPROVE,0
0.05798804910330223,LOW,APPROVE,0
0.00435808669115669,LOW,APPROVE,0
0.0032583112926707273,LOW,APPROVE,0
0.0021796789761372895,LOW,APPROVE,0
0.0025104795228240257,LOW,APPROVE,0
0.01383382487598256,LOW,APPROVE,0
0.005221823956390963,LOW,APPROVE,0
0.003682593220575291,LOW,APPROVE,0
0.009225724906703541,LOW,APPROVE,1
0.014938001135088289,LOW,APPROVE,0
0.01968061443939757,LOW,APPROVE,0
0.00869931006708873,LOW,APPROVE,0
0.002214542560173888,LOW,APPROVE,0
0.0026051885264879978,LOW,APPROVE,0
0.003615353767472554,LOW,APPROVE,0
0.002002271056581881,LOW,APPROVE,0
0.031356542154064686,LOW,APPROVE,0
0.01843846867538115,LOW,APPROVE,0
0.011702742341885728,LOW,APPROVE,0
0.002002271056581881,LOW,APPROVE,0
0.02908604661755012,LOW,APPROVE,0
0.0036834111229670677,LOW,APPROVE,0
0.0010440677915007877,LOW,APPROVE,0
0.002472948330589761,LOW,APPROVE,0
0.041153925334895876,LOW,APPROVE,0
0.002635615552402881,LOW,APPROVE,0
0.015031461323809002,LOW,APPROVE,0
0.0051373217186840275,LOW,APPROVE,0
0.012171574358812736,LOW,APPROVE,0
0.003647063243930558,LOW,APPROVE,0
0.005584835428557621,LOW,APPROVE,0
0.003990716289457262,LOW,APPROVE,0
0.03959241790327856,LOW,APPROVE,0
0.006663906060185306,LOW,APPROVE,0
0.06569150909249476,LOW,APPROVE,0
0.020419930752733777,LOW,APPROVE,0
0.0049746872357627515,LOW,APPROVE,0
0.027474377075519668,LOW,APPROVE,0
0.005998458866131499,LOW,APPROVE,0
0.0021645596195976912,LOW,APPROVE,0
0.0035572364383184823,LOW,APPROVE,0
0.0027672479550372386,LOW,APPROVE,0
0.02954751392204078,LOW,APPROVE,0
0.056677959252630604,LOW,APPROVE,0
0.014622289536494816,LOW,APPROVE,0
0.014924451106983589,LOW,APPROVE,0
0.022427272378264546,LOW,APPROVE,0
0.026241585222717793,LOW,APPROVE,0
0.0028400038432766415,LOW,APPROVE,0
0.004919340520517694,LOW,APPROVE,0
0.04548941855430534,LOW,APPROVE,0
0.004316034612676151,LOW,APPROVE,0
0.0018143123055886644,LOW,APPROVE,0
0.0007344764406655383,LOW,APPROVE,0
0.0024089967017746784,LOW,APPROVE,0
0.15008115223774895,MEDIUM,REVIEW,1
0.0031858409042461464,LOW,APPROVE,0
0.006433081137215658,LOW,APPROVE,0
0.03132687161696492,LOW,APPROVE,0
0.006105014890189394,LOW,APPROVE,0
0.0345203684059071,LOW,APPROVE,0
0.01318320140378607,LOW,APPROVE,0
0.023316629993527137,LOW,APPROVE,0
0.028257630972740228,LOW,APPROVE,0
0.020546187551032803,LOW,APPROVE,0
0.020546187551032803,LOW,APPROVE,0
0.008110031514267434,LOW,APPROVE,0
0.06780396124947356,LOW,APPROVE,0
0.004068821937666252,LOW,APPROVE,0
0.04479434207335071,LOW,APPROVE,0
0.010951418749929333,LOW,APPROVE,0
0.04902541748913856,LOW,APPROVE,0
0.004175119544703271,LOW,APPROVE,0
0.002642920051034628,LOW,APPROVE,0
0.004126299021191912,LOW,APPROVE,0
0.005922553486233254,LOW,APPROVE,0
0.00640706486425849,LOW,APPROVE,0
0.032281974739901145,LOW,APPROVE,0
0.007928510675549586,LOW,APPROVE,0
0.012637715679757175,LOW,APPROVE,0
0.05194712819009075,LOW,APPROVE,0
0.032281974739901145,LOW,APPROVE,0
0.003094508854941885,LOW,APPROVE,0
0.01338093739609473,LOW,APPROVE,0
0.0006653491767223285,LOW,APPROVE,0
0.008235983574689196,LOW,APPROVE,0
0.060439308578276625,LOW,APPROVE,0
0.009329811930174386,LOW,APPROVE,0
0.0023832419813769406,LOW,APPROVE,0
0.01705215754581657,LOW,APPROVE,0
0.010122216925735388,LOW,APPROVE,0
0.008821018629654015,LOW,APPROVE,0
0.002042135155166384,LOW,APPROVE,0
0.03633910551842558,LOW,APPROVE,0
0.00815939129121325,LOW,APPROVE,0
0.004132145626568322,LOW,APPROVE,0
0.002673143860850941,LOW,APPROVE,0
0.005922553486233254,LOW,APPROVE,0
0.028965211783188064,LOW,APPROVE,0
0.007488703676060422,LOW,APPROVE,0
0.002652704899877362,LOW,APPROVE,0
0.00632745363173699,LOW,APPROVE,0
0.004576283726294834,LOW,APPROVE,0
0.06623136393733334,LOW,APPROVE,0
0.038505323902328664,LOW,APPROVE,0
0.00046148567486050524,LOW,APPROVE,0
0.03024047836071377,LOW,APPROVE,0
0.004820081860948466,LOW,APPROVE,0
0.04206742882225298,LOW,APPROVE,0
0.0006655850642775731,LOW,APPROVE,0
0.09697162014428515,LOW,APPROVE,1
0.007959821867319127,LOW,APPROVE,0
0.020862703557581148,LOW,APPROVE,0
0.0008812173339552747,LOW,APPROVE,0
0.02421422947172393,LOW,APPROVE,0
0.002483666535911959,LOW,APPROVE,0
0.033740768027563955,LOW,APPROVE,0
0.007270075103647039,LOW,APPROVE,0
0.0238604760819052,LOW,APPROVE,0
0.0984993911066858,LOW,APPROVE,0
0.006256445143562898,LOW,APPROVE,0
0.09231245564938934,LOW,APPROVE,0
0.011366856369972455,LOW,APPROVE,0
0.007590932574627723,LOW,APPROVE,0
0.006256445143562898,LOW,APPROVE,0
0.04206742882225298,LOW,APPROVE,0
0.00900001989218319,LOW,APPROVE,0
0.015163728214648325,LOW,APPROVE,0
0.003783179920438647,LOW,APPROVE,0
0.004167942880472497,LOW,APPROVE,0
0.0012791920909028802,LOW,APPROVE,0
0.003783179920438647,LOW,APPROVE,0
0.012683987320899339,LOW,APPROVE,0
0.009850386224011187,LOW,APPROVE,0
0.04206742882225298,LOW,APPROVE,0
0.00943287793819813,LOW,APPROVE,0
0.0895820413368643,LOW,APPROVE,0
0.04111320048092734,LOW,APPROVE,0
0.009484597067958121,LOW,APPROVE,0
0.034329605569695915,LOW,APPROVE,0
0.016511395645679095,LOW,APPROVE,0
0.07639040805526232,LOW,APPROVE,0
0.007714533345189355,LOW,APPROVE,0
0.06390859567118809,LOW,APPROVE,0
0.0034681811032031052,LOW,APPROVE,0
0.007147271204795317,LOW,APPROVE,0
0.0026147005640766827,LOW,APPROVE,0
0.013764460363299582,LOW,APPROVE,0
0.01302036380550941,LOW,APPROVE,0
0.05649165330680411,LOW,APPROVE,0
0.11249723201676531,MEDIUM,REVIEW,0
0.024530565852633655,LOW,APPROVE,0
0.011866006508126093,LOW,APPROVE,0
0.002441452164226743,LOW,APPROVE,0
0.006258881371255322,LOW,APPROVE,0
0.040588718146595835,LOW,APPROVE,0
0.016315869213048145,LOW,APPROVE,0
0.0714749083149431,LOW,APPROVE,0
0.01639855269366267,LOW,APPROVE,0
0.0032028445397732828,LOW,APPROVE,0
0.021463993702169875,LOW,APPROVE,0
0.002652704899877362,LOW,APPROVE,0
0.0619828564521033,LOW,APPROVE,0
0.0025936001492402965,LOW,APPROVE,0
0.0619828564521033,LOW,APPROVE,0
0.004117510765669033,LOW,APPROVE,0
0.03625590799034766,LOW,APPROVE,0
0.029246249472065326,LOW,APPROVE,0
0.027463782676835646,LOW,APPROVE,0
0.025840229659959177,LOW,APPROVE,0
0.026096653163489972,LOW,APPROVE,0
0.015001951251786284,LOW,APPROVE,0
0.011491824097732794,LOW,APPROVE,0
0.005062563952189983,LOW,APPROVE,0
0.008454344826426647,LOW,APPROVE,0
0.021423395608395474,LOW,APPROVE,0
0.005289700296262389,LOW,APPROVE,0
0.009844792425556626,LOW,APPROVE,0
0.003890871537185109,LOW,APPROVE,0
0.0044573537256159985,LOW,APPROVE,0
0.013586299850363175,LOW,APPROVE,0
0.02338047539230389,LOW,APPROVE,0
0.01226748202987559,LOW,APPROVE,0
0.013586299850363175,LOW,APPROVE,0
0.04092989207504894,LOW,APPROVE,0
0.011030090850108872,LOW,APPROVE,0
0.15103366160558965,MEDIUM,REVIEW,0
0.014909366146627093,LOW,APPROVE,0
0.016426420346783613,LOW,APPROVE,0
0.02525562496499671,LOW,APPROVE,0
0.005849394494492346,LOW,APPROVE,0
0.011436550051883498,LOW,APPROVE,0
0.02609918822437814,LOW,APPROVE,0
0.00735684897464237,LOW,APPROVE,0
0.00259001292425501,LOW,APPROVE,0
0.009991791204883884,LOW,APPROVE,0
0.013586299850363175,LOW,APPROVE,0
0.012443756649603734,LOW,APPROVE,0
0.0927481388445255,LOW,APPROVE,0
0.013359256684881051,LOW,APPROVE,0
0.006663084620988396,LOW,APPROVE,0
0.016806276518301747,LOW,APPROVE,0
0.003871761391862734,LOW,APPROVE,0
0.001531959154817581,LOW,APPROVE,0
0.003871761391862734,LOW,APPROVE,0
0.005592091590679912,LOW,APPROVE,0
0.01957413548784784,LOW,APPROVE,0
0.001531959154817581,LOW,APPROVE,0
0.028287039732707124,LOW,APPROVE,0
0.03357520704249791,LOW,APPROVE,0
0.0018318575180707956,LOW,APPROVE,0
0.005551666311452786,LOW,APPROVE,0
0.009454921646319803,LOW,APPROVE,0
0.02682794785720475,LOW,APPROVE,0
0.03677834620878556,LOW,APPROVE,0
0.013586299850363175,LOW,APPROVE,0
0.00828014591041495,LOW,APPROVE,0
0.005296913555804878,LOW,APPROVE,0
0.014997382116869839,LOW,APPROVE,0
0.12960131340669043,MEDIUM,REVIEW,0
0.16994310780109703,MEDIUM,REVIEW,0
0.002977225862734287,LOW,APPROVE,0
0.05777971322398049,LOW,APPROVE,0
0.008184998047210396,LOW,APPROVE,0
0.11701690812055499,MEDIUM,REVIEW,0
0.011390823694996763,LOW,APPROVE,0
0.013012836302835668,LOW,APPROVE,0
0.004145294425530766,LOW,APPROVE,0
0.0065317780236990464,LOW,APPROVE,0
0.02359986760321327,LOW,APPROVE,0
0.0010664460135430295,LOW,APPROVE,0
0.056638605853115656,LOW,APPROVE,0
0.02631884573889233,LOW,APPROVE,0
0.014288883290420723,LOW,APPROVE,0
0.025284488596438278,LOW,APPROVE,0
0.023484886557563985,LOW,APPROVE,0
0.1258158546599732,MEDIUM,REVIEW,0
0.009760364697423139,LOW,APPROVE,0
0.018338361490929215,LOW,APPROVE,0
0.10277759580979821,MEDIUM,REVIEW,0
0.002624623557077175,LOW,APPROVE,0
0.06586622741195342,LOW,APPROVE,0
0.011650484232481837,LOW,APPROVE,0
0.002624623557077175,LOW,APPROVE,0
0.0029823020362825616,LOW,APPROVE,0
0.10116735709569796,MEDIUM,REVIEW,0
0.01597202342971644,LOW,APPROVE,0
0.04760904356702126,LOW,APPROVE,0
0.02866470570940578,LOW,APPROVE,0
0.010532341947367355,LOW,APPROVE,0
